{"type":"FeatureCollection","features":[{"type":"Feature","geometry":{"type":"MultiPolygon","coordinates":[[[[-73.608,-7.202],[-72.659,-7.625],[-72.005,-7.774],[-70.575,-8.096],[-69.435,-8.641],[-68.728,-9.0],[-67.496,-9.524],[-66.806,-9.814],[-66.626,-9.9],[-66.63,-9.918],[-66.627,-9.931],[-66.634,-9.94],[-66.65,-9.945],[-66.657,-9.936],[-66.666,-9.952],[-66.676,-9.957],[-66.676,-9.968],[-66.695,-9.97],[-66.711,-9.977],[-66.721,-9.978],[-66.727,-9.981],[-66.735,-9.989],[-66.747,-9.995],[-66.762,-10.0],[-66.771,-10.013],[-66.779,-10.017],[-66.796,-10.029],[-66.802,-10.043],[-66.826,-10.06],[-66.835,-10.066],[-66.844,-10.085],[-66.853,-10.081],[-66.873,-10.081],[-66.871,-10.094],[-66.88,-10.098],[-66.886,-10.103],[-66.895,-10.111],[-66.898,-10.12],[-66.9,-10.122],[-66.91,-10.131],[-66.918,-10.133],[-66.911,-10.146],[-66.928,-10.145],[-66.935,-10.155],[-66.946,-10.165],[-66.951,-10.186],[-66.963,-10.186],[-66.984,-10.198],[-66.995,-10.203],[-66.995,-10.217],[-66.996,-10.227],[-67.005,-10.244],[-67.017,-10.256],[-67.03,-10.257],[-67.04,-10.262],[-67.052,-10.271],[-67.054,-10.278],[-67.075,-10.283],[-67.089,-10.285],[-67.107,-10.288],[-67.131,-10.293],[-67.136,-10.311],[-67.142,-10.323],[-67.163,-10.33],[-67.189,-10.337],[-67.195,-10.325],[-67.217,-10.324],[-67.227,-10.317],[-67.242,-10.322],[-67.257,-10.33],[-67.269,-10.327],[-67.286,-10.32],[-67.294,-10.325],[-67.303,-10.323],[-67.322,-10.322],[-67.316,-10.347],[-67.315,-10.363],[-67.317,-10.376],[-67.334,-10.379],[-67.345,-10.378],[-67.353,-10.386],[-67.366,-10.38],[-67.38,-10.381],[-67.391,-10.377],[-67.412,-10.38],[-67.423,-10.394],[-67.413,-10.407],[-67.419,-10.43],[-67.436,-10.439],[-67.441,-10.452],[-67.463,-10.459],[-67.491,-10.473],[-67.51,-10.476],[-67.518,-10.487],[-67.539,-10.489],[-67.554,-10.494],[-67.567,-10.499],[-67.59,-10.514],[-67.599,-10.531],[-67.608,-10.548],[-67.617,-10.567],[-67.636,-10.587],[-67.653,-10.609],[-67.669,-10.61],[-67.693,-10.662],[-67.719,-10.71],[-67.733,-10.712],[-67.744,-10.702],[-67.748,-10.696],[-67.755,-10.689],[-67.768,-10.688],[-67.777,-10.681],[-67.791,-10.677],[-67.8,-10.669],[-67.81,-10.661],[-67.82,-10.659],[-67.837,-10.649],[-67.854,-10.649],[-67.868,-10.642],[-67.877,-10.644],[-67.887,-10.64],[-67.893,-10.646],[-67.904,-10.642],[-67.913,-10.648],[-67.928,-10.654],[-67.946,-10.653],[-67.961,-10.651],[-67.974,-10.66],[-67.993,-10.653],[-68.012,-10.649],[-68.027,-10.656],[-68.032,-10.665],[-68.046,-10.67],[-68.063,-10.677],[-68.069,-10.684],[-68.081,-10.692],[-68.092,-10.704],[-68.101,-10.713],[-68.108,-10.725],[-68.102,-10.74],[-68.099,-10.751],[-68.105,-10.762],[-68.111,-10.781],[-68.12,-10.787],[-68.125,-10.796],[-68.145,-10.815],[-68.156,-10.823],[-68.165,-10.834],[-68.172,-10.841],[-68.182,-10.855],[-68.196,-10.865],[-68.204,-10.884],[-68.212,-10.905],[-68.223,-10.911],[-68.229,-10.928],[-68.231,-10.942],[-68.246,-10.96],[-68.26,-10.974],[-68.272,-10.979],[-68.283,-10.99],[-68.304,-10.991],[-68.32,-10.999],[-68.336,-11.007],[-68.354,-11.004],[-68.384,-11.017],[-68.388,-11.036],[-68.403,-11.051],[-68.415,-11.04],[-68.425,-11.039],[-68.439,-11.039],[-68.456,-11.045],[-68.471,-11.049],[-68.499,-11.06],[-68.507,-11.072],[-68.526,-11.089],[-68.539,-11.095],[-68.711,-11.129],[-68.729,-11.098],[-68.747,-11.092],[-68.759,-11.074],[-68.76,-11.057],[-68.765,-11.049],[-68.751,-11.032],[-68.751,-11.013],[-68.758,-11.001],[-68.779,-11.005],[-68.784,-11.003],[-68.796,-10.999],[-68.798,-10.991],[-68.804,-11.001],[-68.829,-11.007],[-68.834,-10.994],[-68.842,-10.994],[-68.86,-11.006],[-68.87,-11.015],[-68.884,-11.013],[-68.889,-11.014],[-68.903,-11.013],[-68.921,-11.014],[-68.935,-11.005],[-68.947,-11.012],[-68.955,-10.998],[-68.961,-10.993],[-68.988,-10.998],[-68.989,-11.01],[-69.001,-11.006],[-69.011,-10.996],[-69.022,-10.991],[-69.032,-10.985],[-69.039,-10.977],[-69.047,-10.979],[-69.065,-10.978],[-69.073,-10.966],[-69.08,-10.973],[-69.095,-10.975],[-69.11,-10.972],[-69.121,-10.976],[-69.133,-10.971],[-69.137,-10.965],[-69.15,-10.968],[-69.153,-10.958],[-69.168,-10.963],[-69.189,-10.949],[-69.204,-10.951],[-69.222,-10.948],[-69.235,-10.945],[-69.251,-10.947],[-69.25,-10.94],[-69.274,-10.948],[-69.281,-10.944],[-69.294,-10.948],[-69.304,-10.948],[-69.326,-10.943],[-69.334,-10.947],[-69.343,-10.952],[-69.345,-10.94],[-69.373,-10.943],[-69.378,-10.945],[-69.385,-10.942],[-69.395,-10.935],[-69.398,-10.939],[-69.405,-10.934],[-69.415,-10.932],[-69.424,-10.927],[-69.45,-10.936],[-69.455,-10.949],[-69.461,-10.949],[-69.475,-10.947],[-69.488,-10.95],[-69.498,-10.945],[-69.517,-10.935],[-69.542,-10.937],[-69.546,-10.952],[-69.561,-10.945],[-69.585,-10.942],[-69.592,-10.945],[-69.613,-10.955],[-69.626,-10.952],[-69.645,-10.955],[-69.67,-10.962],[-69.681,-10.961],[-69.701,-10.966],[-69.716,-10.972],[-69.737,-10.974],[-69.746,-10.962],[-69.762,-10.945],[-69.789,-10.931],[-69.811,-10.925],[-69.833,-10.933],[-69.842,-10.925],[-69.859,-10.932],[-69.867,-10.927],[-69.88,-10.924],[-69.905,-10.921],[-69.917,-10.931],[-69.926,-10.925],[-69.947,-10.925],[-69.956,-10.932],[-69.962,-10.935],[-69.971,-10.945],[-69.982,-10.943],[-69.987,-10.954],[-69.997,-10.958],[-70.008,-10.963],[-70.021,-10.969],[-70.032,-10.974],[-70.038,-10.976],[-70.047,-10.979],[-70.057,-10.986],[-70.079,-10.99],[-70.094,-10.989],[-70.1,-10.998],[-70.108,-11.002],[-70.117,-11.005],[-70.123,-11.012],[-70.133,-11.021],[-70.141,-11.025],[-70.161,-11.04],[-70.174,-11.041],[-70.19,-11.047],[-70.215,-11.052],[-70.229,-11.049],[-70.238,-11.049],[-70.258,-11.051],[-70.27,-11.056],[-70.28,-11.056],[-70.293,-11.064],[-70.324,-11.066],[-70.338,-11.066],[-70.361,-11.059],[-70.38,-11.057],[-70.389,-11.046],[-70.405,-11.047],[-70.423,-11.039],[-70.441,-11.033],[-70.449,-11.003],[-70.466,-10.988],[-70.476,-10.978],[-70.492,-10.963],[-70.507,-10.951],[-70.518,-10.944],[-70.622,-10.999],[-70.625,-10.457],[-70.622,-9.962],[-70.622,-9.93],[-70.607,-9.8],[-70.592,-9.802],[-70.586,-9.783],[-70.57,-9.782],[-70.544,-9.774],[-70.537,-9.759],[-70.536,-9.745],[-70.534,-9.733],[-70.528,-9.721],[-70.543,-9.679],[-70.554,-9.667],[-70.569,-9.662],[-70.576,-9.649],[-70.589,-9.629],[-70.597,-9.609],[-70.59,-9.599],[-70.592,-9.586],[-70.594,-9.567],[-70.595,-9.552],[-70.589,-9.565],[-70.573,-9.564],[-70.555,-9.566],[-70.569,-9.554],[-70.569,-9.533],[-70.561,-9.532],[-70.542,-9.536],[-70.547,-9.523],[-70.535,-9.512],[-70.531,-9.506],[-70.515,-9.493],[-70.505,-9.503],[-70.519,-9.476],[-70.527,-9.465],[-70.521,-9.457],[-70.507,-9.462],[-70.503,-9.444],[-70.494,-9.426],[-70.509,-9.423],[-70.526,-9.435],[-70.531,-9.431],[-70.538,-9.433],[-70.55,-9.432],[-70.561,-9.427],[-70.583,-9.441],[-70.598,-9.443],[-70.603,-9.457],[-70.612,-9.462],[-70.617,-9.474],[-70.629,-9.478],[-70.635,-9.49],[-70.644,-9.499],[-70.651,-9.508],[-70.663,-9.516],[-70.68,-9.528],[-70.688,-9.531],[-70.702,-9.543],[-70.716,-9.549],[-70.729,-9.567],[-70.743,-9.557],[-70.751,-9.568],[-70.757,-9.584],[-70.758,-9.6],[-70.769,-9.605],[-70.783,-9.611],[-70.787,-9.62],[-70.798,-9.635],[-70.811,-9.639],[-70.822,-9.639],[-70.84,-9.655],[-70.857,-9.656],[-70.87,-9.669],[-70.882,-9.681],[-70.888,-9.687],[-70.898,-9.707],[-70.913,-9.726],[-70.933,-9.738],[-70.953,-9.742],[-70.971,-9.753],[-70.992,-9.791],[-70.997,-9.811],[-71.02,-9.815],[-71.034,-9.817],[-71.055,-9.818],[-71.075,-9.826],[-71.109,-9.852],[-71.164,-9.875],[-71.173,-9.888],[-71.188,-9.922],[-71.207,-9.947],[-71.24,-9.966],[-71.254,-9.964],[-71.272,-9.979],[-71.294,-9.986],[-71.321,-9.989],[-71.354,-9.977],[-71.365,-9.986],[-71.88,-10.0],[-72.181,-9.992],[-72.162,-9.974],[-72.16,-9.953],[-72.174,-9.923],[-72.154,-9.898],[-72.143,-9.875],[-72.156,-9.855],[-72.159,-9.832],[-72.159,-9.816],[-72.151,-9.801],[-72.177,-9.782],[-72.202,-9.775],[-72.225,-9.765],[-72.245,-9.766],[-72.264,-9.751],[-72.27,-9.737],[-72.266,-9.713],[-72.253,-9.683],[-72.248,-9.666],[-72.255,-9.647],[-72.254,-9.614],[-72.267,-9.613],[-72.289,-9.601],[-72.287,-9.571],[-72.295,-9.535],[-72.309,-9.539],[-72.327,-9.537],[-72.34,-9.512],[-72.352,-9.502],[-72.366,-9.489],[-72.391,-9.486],[-72.409,-9.477],[-72.429,-9.479],[-72.443,-9.481],[-72.452,-9.479],[-72.465,-9.479],[-72.483,-9.48],[-72.501,-9.483],[-72.518,-9.479],[-72.53,-9.475],[-72.54,-9.467],[-72.551,-9.468],[-72.563,-9.465],[-72.577,-9.459],[-72.591,-9.455],[-72.598,-9.454],[-72.608,-9.452],[-72.625,-9.448],[-72.642,-9.443],[-72.653,-9.448],[-72.659,-9.444],[-72.676,-9.439],[-72.689,-9.435],[-72.697,-9.434],[-72.712,-9.424],[-72.726,-9.411],[-72.738,-9.41],[-72.748,-9.41],[-73.211,-9.411],[-73.201,-9.398],[-73.191,-9.36],[-73.157,-9.344],[-73.132,-9.313],[-73.117,-9.309],[-73.101,-9.299],[-73.111,-9.279],[-73.092,-9.262],[-73.082,-9.239],[-73.056,-9.225],[-73.04,-9.235],[-73.019,-9.219],[-73.005,-9.208],[-72.997,-9.194],[-73.02,-9.177],[-72.977,-9.154],[-72.952,-9.129],[-72.944,-9.092],[-72.946,-9.076],[-72.945,-9.047],[-72.948,-9.026],[-72.953,-9.007],[-72.937,-8.988],[-72.963,-8.981],[-72.978,-8.956],[-72.987,-8.932],[-73.009,-8.914],[-73.024,-8.913],[-73.041,-8.891],[-73.053,-8.857],[-73.07,-8.836],[-73.085,-8.82],[-73.096,-8.777],[-73.114,-8.75],[-73.127,-8.712],[-73.145,-8.694],[-73.164,-8.688],[-73.179,-8.68],[-73.225,-8.678],[-73.247,-8.649],[-73.253,-8.628],[-73.263,-8.615],[-73.288,-8.616],[-73.292,-8.59],[-73.287,-8.569],[-73.281,-8.526],[-73.278,-8.501],[-73.28,-8.475],[-73.297,-8.475],[-73.329,-8.475],[-73.356,-8.468],[-73.375,-8.466],[-73.395,-8.461],[-73.407,-8.419],[-73.429,-8.409],[-73.456,-8.401],[-73.472,-8.394],[-73.489,-8.378],[-73.51,-8.375],[-73.523,-8.359],[-73.529,-8.351],[-73.534,-8.329],[-73.537,-8.302],[-73.538,-8.283],[-73.547,-8.255],[-73.56,-8.235],[-73.573,-8.227],[-73.578,-8.214],[-73.59,-8.207],[-73.588,-8.173],[-73.597,-8.097],[-73.634,-8.061],[-73.63,-8.021],[-73.658,-8.006],[-73.671,-8.007],[-73.683,-7.989],[-73.697,-7.96],[-73.717,-7.96],[-73.733,-7.968],[-73.737,-7.959],[-73.744,-7.956],[-73.747,-7.94],[-73.761,-7.911],[-73.77,-7.896],[-73.761,-7.884],[-73.749,-7.866],[-73.715,-7.875],[-73.698,-7.867],[-73.689,-7.852],[-73.687,-7.824],[-73.683,-7.804],[-73.685,-7.775],[-73.705,-7.758],[-73.74,-7.734],[-73.757,-7.73],[-73.778,-7.725],[-73.791,-7.722],[-73.822,-7.718],[-73.847,-7.676],[-73.862,-7.676],[-73.886,-7.65],[-73.896,-7.627],[-73.93,-7.61],[-73.937,-7.602],[-73.945,-7.595],[-73.961,-7.574],[-73.972,-7.567],[-73.988,-7.555],[-73.98,-7.531],[-73.969,-7.531],[-73.943,-7.519],[-73.919,-7.465],[-73.931,-7.424],[-73.958,-7.378],[-73.967,-7.36],[-73.959,-7.346],[-73.942,-7.361],[-73.917,-7.369],[-73.887,-7.378],[-73.867,-7.377],[-73.852,-7.347],[-73.843,-7.344],[-73.829,-7.336],[-73.808,-7.338],[-73.789,-7.339],[-73.767,-7.332],[-73.759,-7.341],[-73.747,-7.344],[-73.712,-7.322],[-73.699,-7.299],[-73.712,-7.278],[-73.713,-7.247],[-73.744,-7.21],[-73.754,-7.2],[-73.756,-7.191],[-73.775,-7.156],[-73.777,-7.146],[-73.796,-7.133],[-73.764,-7.132],[-73.608,-7.202]]]]},"properties":{"id":1,"name":"Acre","sigla":"AC","regiao_id":"3","codigo_ibg":"12","cartodb_id":1,"created_at":"2015-02-09T16:46:01Z","updated_at":"2015-02-09T16:46:01Z"}},{"type":"Feature","geometry":{"type":"MultiPolygon","coordinates":[[[[-35.465,-8.825],[-35.45,-8.841],[-35.416,-8.838],[-35.399,-8.85],[-35.287,-8.876],[-35.22,-8.889],[-35.209,-8.891],[-35.155,-8.902],[-35.154,-8.917],[-35.168,-8.936],[-35.189,-8.984],[-35.225,-9.025],[-35.231,-9.037],[-35.237,-9.06],[-35.251,-9.083],[-35.257,-9.09],[-35.27,-9.122],[-35.284,-9.136],[-35.294,-9.155],[-35.3,-9.182],[-35.311,-9.195],[-35.324,-9.21],[-35.331,-9.224],[-35.343,-9.238],[-35.374,-9.278],[-35.387,-9.287],[-35.407,-9.308],[-35.421,-9.315],[-35.426,-9.322],[-35.438,-9.329],[-35.457,-9.342],[-35.481,-9.367],[-35.495,-9.402],[-35.497,-9.419],[-35.51,-9.433],[-35.525,-9.443],[-35.528,-9.452],[-35.542,-9.464],[-35.556,-9.482],[-35.572,-9.498],[-35.589,-9.519],[-35.602,-9.531],[-35.614,-9.541],[-35.626,-9.551],[-35.648,-9.567],[-35.665,-9.59],[-35.684,-9.61],[-35.699,-9.648],[-35.694,-9.664],[-35.71,-9.667],[-35.722,-9.676],[-35.761,-9.683],[-35.777,-9.7],[-35.798,-9.716],[-35.819,-9.745],[-35.843,-9.773],[-35.861,-9.797],[-35.881,-9.827],[-35.897,-9.857],[-35.915,-9.882],[-35.962,-9.941],[-35.995,-9.992],[-36.008,-10.011],[-36.044,-10.069],[-36.07,-10.085],[-36.105,-10.122],[-36.12,-10.136],[-36.134,-10.158],[-36.149,-10.157],[-36.174,-10.177],[-36.198,-10.205],[-36.236,-10.24],[-36.258,-10.261],[-36.292,-10.3],[-36.302,-10.332],[-36.295,-10.352],[-36.303,-10.363],[-36.335,-10.403],[-36.353,-10.438],[-36.375,-10.478],[-36.391,-10.501],[-36.42,-10.445],[-36.459,-10.407],[-36.51,-10.432],[-36.519,-10.424],[-36.545,-10.429],[-36.56,-10.393],[-36.571,-10.319],[-36.611,-10.271],[-36.643,-10.253],[-36.683,-10.273],[-36.736,-10.252],[-36.756,-10.243],[-36.811,-10.219],[-36.845,-10.185],[-36.85,-10.162],[-36.891,-10.142],[-36.921,-10.127],[-36.93,-10.105],[-36.944,-10.09],[-36.959,-10.047],[-36.957,-10.02],[-36.992,-9.977],[-37.037,-9.989],[-37.133,-9.914],[-37.229,-9.898],[-37.264,-9.85],[-37.321,-9.82],[-37.362,-9.786],[-37.419,-9.762],[-37.577,-9.735],[-37.664,-9.668],[-37.687,-9.644],[-37.748,-9.626],[-37.782,-9.638],[-37.8,-9.615],[-37.823,-9.591],[-37.842,-9.58],[-37.917,-9.549],[-38.003,-9.515],[-38.028,-9.468],[-38.067,-9.458],[-38.108,-9.435],[-38.133,-9.439],[-38.171,-9.43],[-38.203,-9.418],[-38.194,-9.385],[-38.237,-9.329],[-38.193,-9.294],[-38.157,-9.253],[-38.144,-9.218],[-38.092,-9.172],[-38.053,-9.168],[-38.025,-9.155],[-37.984,-9.151],[-37.964,-9.119],[-37.954,-9.105],[-37.94,-9.087],[-37.889,-9.034],[-37.877,-9.02],[-37.852,-8.997],[-37.845,-8.984],[-37.827,-8.936],[-37.833,-8.925],[-37.822,-8.909],[-37.829,-8.893],[-37.802,-8.884],[-37.776,-8.862],[-37.746,-8.883],[-37.734,-8.897],[-37.725,-8.908],[-37.705,-8.938],[-37.701,-8.948],[-37.691,-8.979],[-37.69,-8.99],[-37.66,-8.994],[-37.643,-9.018],[-37.614,-8.994],[-37.573,-8.972],[-37.53,-8.963],[-37.51,-8.967],[-37.487,-8.975],[-37.44,-9.028],[-37.409,-9.048],[-37.327,-9.093],[-37.311,-9.104],[-37.296,-9.121],[-37.262,-9.16],[-37.239,-9.203],[-37.228,-9.225],[-37.234,-9.24],[-37.159,-9.239],[-37.169,-9.265],[-37.136,-9.264],[-37.111,-9.24],[-37.061,-9.303],[-37.055,-9.307],[-37.024,-9.315],[-36.978,-9.361],[-36.937,-9.377],[-36.936,-9.361],[-36.921,-9.332],[-36.899,-9.283],[-36.874,-9.277],[-36.848,-9.277],[-36.758,-9.271],[-36.659,-9.308],[-36.641,-9.319],[-36.635,-9.322],[-36.623,-9.326],[-36.612,-9.334],[-36.603,-9.34],[-36.576,-9.331],[-36.57,-9.319],[-36.499,-9.263],[-36.487,-9.243],[-36.474,-9.243],[-36.453,-9.232],[-36.423,-9.215],[-36.415,-9.229],[-36.406,-9.222],[-36.365,-9.222],[-36.35,-9.21],[-36.334,-9.204],[-36.312,-9.179],[-36.297,-9.176],[-36.274,-9.166],[-36.256,-9.182],[-36.237,-9.174],[-36.239,-9.16],[-36.249,-9.142],[-36.266,-9.112],[-36.236,-9.103],[-36.213,-9.073],[-36.196,-9.047],[-36.179,-9.041],[-36.151,-9.042],[-36.124,-9.03],[-36.109,-9.008],[-36.126,-8.981],[-36.063,-8.915],[-35.994,-8.907],[-35.965,-8.902],[-35.95,-8.891],[-35.918,-8.874],[-35.9,-8.861],[-35.861,-8.858],[-35.831,-8.869],[-35.807,-8.86],[-35.781,-8.861],[-35.783,-8.882],[-35.782,-8.897],[-35.76,-8.908],[-35.713,-8.904],[-35.678,-8.896],[-35.651,-8.882],[-35.617,-8.868],[-35.596,-8.861],[-35.574,-8.844],[-35.563,-8.831],[-35.531,-8.827],[-35.51,-8.818],[-35.5,-8.825],[-35.481,-8.822],[-35.465,-8.825]],[[-35.291,-9.148],[-35.291,-9.15],[-35.289,-9.148],[-35.29,-9.147],[-35.291,-9.146],[-35.291,-9.148]]]]},"properties":{"id":2,"name":"Alagoas","sigla":"AL","regiao_id":"4","codigo_ibg":"27","cartodb_id":2,"created_at":"2015-02-09T16:46:01Z","updated_at":"2015-02-09T16:46:01Z"}},{"type":"Feature","geometry":{"type":"MultiPolygon","coordinates":[[[[-67.326,2.03],[-67.31,1.967],[-67.294,1.911],[-67.283,1.885],[-67.259,1.867],[-67.215,1.86],[-67.174,1.857],[-67.123,1.799],[-67.1,1.694],[-67.083,1.648],[-67.081,1.594],[-67.079,1.524],[-67.072,1.443],[-67.088,1.325],[-67.088,1.274],[-67.082,1.204],[-66.856,1.231],[-66.201,0.782],[-66.163,0.756],[-66.135,0.749],[-66.114,0.764],[-66.076,0.769],[-66.074,0.799],[-66.027,0.806],[-65.983,0.807],[-65.964,0.82],[-65.933,0.867],[-65.936,0.883],[-65.912,0.89],[-65.897,0.893],[-65.873,0.922],[-65.833,0.939],[-65.816,0.952],[-65.793,0.955],[-65.779,0.964],[-65.765,0.969],[-65.76,0.981],[-65.721,1.002],[-65.705,1.003],[-65.686,0.991],[-65.669,1.003],[-65.642,1.004],[-65.626,1.002],[-65.606,1.005],[-65.59,1.003],[-65.572,0.985],[-65.561,0.986],[-65.541,0.976],[-65.536,0.948],[-65.521,0.93],[-65.513,0.896],[-65.493,0.882],[-65.501,0.848],[-65.516,0.839],[-65.524,0.825],[-65.539,0.797],[-65.555,0.778],[-65.573,0.762],[-65.583,0.737],[-65.576,0.712],[-65.567,0.686],[-65.545,0.656],[-65.53,0.668],[-65.5,0.673],[-65.484,0.679],[-65.472,0.683],[-65.438,0.701],[-65.421,0.728],[-65.412,0.744],[-65.397,0.75],[-65.399,0.781],[-65.399,0.795],[-65.405,0.819],[-65.395,0.831],[-65.378,0.851],[-65.373,0.864],[-65.351,0.873],[-65.343,0.894],[-65.337,0.909],[-65.321,0.928],[-65.264,0.934],[-65.256,0.925],[-65.233,0.926],[-65.206,0.922],[-65.181,0.924],[-65.171,0.94],[-65.162,0.971],[-65.151,0.996],[-65.157,1.01],[-65.166,1.027],[-65.155,1.052],[-65.154,1.089],[-65.154,1.125],[-65.122,1.135],[-65.103,1.157],[-65.078,1.148],[-65.063,1.129],[-65.045,1.117],[-65.011,1.127],[-64.96,1.19],[-64.965,1.207],[-64.96,1.231],[-64.943,1.216],[-64.915,1.227],[-64.907,1.252],[-64.888,1.24],[-64.868,1.241],[-64.852,1.275],[-64.819,1.302],[-64.794,1.28],[-64.776,1.253],[-64.746,1.226],[-64.722,1.239],[-64.714,1.251],[-64.705,1.284],[-64.676,1.286],[-64.659,1.292],[-64.634,1.321],[-64.601,1.337],[-64.582,1.359],[-64.573,1.386],[-64.553,1.417],[-64.53,1.429],[-64.517,1.439],[-64.494,1.448],[-64.476,1.468],[-64.438,1.472],[-64.414,1.499],[-64.402,1.521],[-64.367,1.521],[-64.348,1.502],[-64.373,1.472],[-64.377,1.449],[-64.389,1.435],[-64.395,1.411],[-64.384,1.388],[-64.356,1.382],[-64.335,1.371],[-64.329,1.395],[-64.329,1.42],[-64.312,1.448],[-64.301,1.469],[-64.277,1.481],[-64.265,1.49],[-64.261,1.5],[-64.223,1.508],[-64.194,1.534],[-64.18,1.558],[-64.173,1.571],[-64.152,1.579],[-64.126,1.579],[-64.109,1.601],[-64.102,1.612],[-64.081,1.647],[-64.063,1.694],[-64.069,1.718],[-64.065,1.74],[-64.077,1.759],[-64.062,1.795],[-64.061,1.806],[-64.062,1.821],[-64.055,1.841],[-64.069,1.857],[-64.061,1.883],[-64.06,1.914],[-64.053,1.933],[-64.028,1.947],[-64.011,1.963],[-63.987,1.98],[-63.961,1.993],[-63.95,1.989],[-63.935,1.988],[-63.914,1.988],[-63.89,1.99],[-63.871,1.981],[-63.854,1.979],[-63.836,1.967],[-63.823,1.99],[-63.798,1.987],[-63.784,1.982],[-63.769,2.001],[-63.74,2.0],[-63.73,2.018],[-63.693,2.041],[-63.674,2.022],[-63.661,2.035],[-63.646,2.066],[-63.63,2.085],[-63.617,2.107],[-63.6,2.114],[-63.561,2.133],[-63.536,2.131],[-63.509,2.114],[-63.476,2.126],[-63.46,2.137],[-63.446,2.127],[-63.427,2.136],[-63.405,2.145],[-63.394,2.166],[-63.395,2.2],[-63.359,2.197],[-63.262,2.157],[-63.141,2.173],[-63.113,2.088],[-63.085,2.062],[-62.98,2.018],[-62.833,2.015],[-62.72,1.955],[-62.704,1.874],[-62.733,1.695],[-62.771,1.66],[-62.805,1.598],[-62.756,1.548],[-62.736,1.53],[-62.72,1.489],[-62.64,1.438],[-62.621,1.392],[-62.61,1.353],[-62.529,1.089],[-62.489,1.085],[-62.477,1.059],[-62.474,1.041],[-62.461,0.995],[-62.453,0.935],[-62.483,0.855],[-62.464,0.825],[-62.462,0.777],[-62.538,0.676],[-62.527,0.498],[-62.513,0.442],[-62.463,0.422],[-62.455,0.392],[-62.461,0.353],[-62.468,0.276],[-62.438,0.195],[-62.428,0.119],[-62.39,0.06],[-62.355,0.036],[-62.326,-0.031],[-62.326,-0.061],[-62.322,-0.07],[-62.299,-0.122],[-62.268,-0.164],[-62.241,-0.181],[-62.253,-0.219],[-62.238,-0.252],[-62.254,-0.279],[-62.235,-0.317],[-62.188,-0.33],[-62.195,-0.364],[-62.205,-0.382],[-62.214,-0.405],[-62.223,-0.416],[-62.248,-0.439],[-62.27,-0.47],[-62.29,-0.484],[-62.301,-0.508],[-62.303,-0.534],[-62.309,-0.546],[-62.309,-0.583],[-62.291,-0.61],[-62.294,-0.622],[-62.296,-0.652],[-62.32,-0.66],[-62.333,-0.67],[-62.353,-0.677],[-62.366,-0.696],[-62.38,-0.706],[-62.392,-0.719],[-62.416,-0.703],[-62.428,-0.693],[-62.469,-0.694],[-62.495,-0.704],[-62.498,-0.734],[-62.504,-0.765],[-62.465,-0.789],[-62.448,-0.81],[-62.428,-0.812],[-62.38,-0.843],[-62.376,-0.866],[-62.364,-0.877],[-62.34,-0.904],[-62.313,-0.926],[-62.29,-0.946],[-62.259,-0.976],[-62.213,-0.983],[-62.199,-1.0],[-62.168,-1.014],[-62.134,-1.037],[-62.118,-1.076],[-62.087,-1.1],[-62.039,-1.118],[-61.987,-1.216],[-61.956,-1.266],[-61.909,-1.348],[-61.896,-1.395],[-61.822,-1.4],[-61.79,-1.379],[-61.657,-1.43],[-61.604,-1.448],[-61.544,-1.525],[-61.48,-1.58],[-61.469,-1.538],[-61.532,-1.465],[-61.547,-1.429],[-61.581,-1.409],[-61.619,-1.394],[-61.582,-1.353],[-61.628,-1.301],[-61.607,-1.258],[-61.594,-1.22],[-61.573,-1.184],[-61.574,-1.146],[-61.572,-1.118],[-61.566,-1.099],[-61.567,-1.074],[-61.544,-1.062],[-61.553,-1.017],[-61.56,-0.988],[-61.579,-0.956],[-61.568,-0.901],[-61.554,-0.86],[-61.552,-0.811],[-61.483,-0.717],[-61.472,-0.683],[-61.435,-0.658],[-61.428,-0.634],[-61.39,-0.617],[-61.356,-0.598],[-61.285,-0.574],[-61.227,-0.561],[-61.222,-0.538],[-61.222,-0.505],[-61.198,-0.506],[-61.155,-0.505],[-61.118,-0.501],[-61.092,-0.499],[-61.046,-0.546],[-61.008,-0.554],[-60.958,-0.56],[-60.946,-0.559],[-60.92,-0.555],[-60.916,-0.61],[-60.908,-0.624],[-60.849,-0.654],[-60.843,-0.69],[-60.794,-0.721],[-60.788,-0.744],[-60.768,-0.754],[-60.773,-0.782],[-60.759,-0.809],[-60.756,-0.825],[-60.751,-0.85],[-60.732,-0.858],[-60.707,-0.865],[-60.672,-0.888],[-60.634,-0.872],[-60.622,-0.868],[-60.594,-0.872],[-60.556,-0.868],[-60.546,-0.87],[-60.503,-0.841],[-60.502,-0.822],[-60.492,-0.798],[-60.479,-0.771],[-60.434,-0.772],[-60.419,-0.764],[-60.379,-0.749],[-60.346,-0.746],[-60.315,-0.723],[-60.308,-0.69],[-60.312,-0.662],[-60.319,-0.637],[-60.34,-0.625],[-60.357,-0.605],[-60.383,-0.59],[-60.382,-0.557],[-60.399,-0.51],[-60.391,-0.494],[-60.382,-0.47],[-60.344,-0.423],[-60.343,-0.401],[-60.322,-0.368],[-60.318,-0.33],[-60.302,-0.304],[-60.304,-0.264],[-60.292,-0.227],[-60.28,-0.206],[-60.266,-0.178],[-60.249,-0.167],[-60.227,-0.128],[-60.228,-0.101],[-60.203,-0.033],[-60.175,0.0],[-60.143,0.038],[-60.134,0.054],[-60.123,0.081],[-60.137,0.103],[-60.116,0.134],[-60.059,0.163],[-59.192,0.264],[-58.897,-0.016],[-58.886,-0.034],[-58.88,-0.064],[-58.866,-0.138],[-58.881,-0.196],[-58.865,-0.265],[-58.872,-0.343],[-58.822,-0.375],[-58.8,-0.383],[-58.782,-0.389],[-58.744,-0.417],[-58.729,-0.435],[-58.719,-0.505],[-58.71,-0.542],[-58.729,-0.562],[-58.727,-0.608],[-58.718,-0.637],[-58.713,-0.647],[-58.705,-0.679],[-58.666,-0.705],[-58.649,-0.714],[-58.602,-0.763],[-58.59,-0.773],[-58.567,-0.792],[-58.52,-0.828],[-58.506,-0.834],[-58.493,-0.846],[-58.468,-0.873],[-58.436,-0.883],[-58.448,-0.907],[-58.427,-0.963],[-58.41,-0.981],[-58.424,-1.001],[-58.411,-1.044],[-58.392,-1.039],[-58.357,-1.096],[-58.352,-1.112],[-58.336,-1.123],[-58.323,-1.143],[-58.254,-1.132],[-58.187,-1.203],[-58.159,-1.227],[-58.121,-1.174],[-58.081,-1.147],[-58.042,-1.103],[-58.015,-1.129],[-57.97,-1.173],[-57.965,-1.206],[-57.99,-1.292],[-58.0,-1.33],[-57.97,-1.359],[-57.963,-1.38],[-57.951,-1.406],[-57.91,-1.41],[-57.904,-1.426],[-57.844,-1.433],[-57.821,-1.45],[-57.801,-1.474],[-57.791,-1.49],[-57.781,-1.5],[-57.75,-1.506],[-57.729,-1.51],[-57.712,-1.535],[-57.703,-1.563],[-57.669,-1.588],[-57.652,-1.588],[-57.59,-1.58],[-57.585,-1.596],[-57.545,-1.61],[-57.528,-1.652],[-57.499,-1.653],[-57.481,-1.661],[-57.438,-1.666],[-57.427,-1.691],[-57.403,-1.681],[-57.387,-1.695],[-57.392,-1.723],[-57.345,-1.718],[-57.305,-1.73],[-57.273,-1.713],[-57.259,-1.707],[-57.248,-1.711],[-57.222,-1.723],[-57.201,-1.721],[-57.187,-1.722],[-57.164,-1.721],[-57.163,-1.754],[-57.149,-1.762],[-57.097,-1.775],[-57.07,-1.802],[-57.073,-1.831],[-57.048,-1.882],[-57.022,-1.914],[-56.974,-1.928],[-56.956,-1.956],[-56.905,-1.972],[-56.844,-2.02],[-56.757,-2.01],[-56.726,-2.031],[-56.732,-2.091],[-56.76,-2.174],[-56.707,-2.184],[-56.668,-2.211],[-56.624,-2.204],[-56.604,-2.189],[-56.589,-2.174],[-56.557,-2.162],[-56.527,-2.139],[-56.477,-2.17],[-56.444,-2.154],[-56.413,-2.176],[-56.369,-2.137],[-56.316,-2.14],[-56.299,-2.119],[-56.28,-2.093],[-56.207,-2.06],[-56.186,-2.042],[-56.146,-2.039],[-56.097,-2.037],[-56.191,-2.171],[-56.364,-2.259],[-56.418,-2.355],[-56.465,-2.423],[-56.437,-2.44],[-56.407,-2.45],[-56.767,-3.243],[-56.913,-3.562],[-57.548,-4.921],[-58.267,-6.475],[-58.322,-6.497],[-58.339,-6.548],[-58.449,-6.653],[-58.481,-6.781],[-58.434,-6.908],[-58.393,-6.951],[-58.355,-6.971],[-58.288,-7.061],[-58.245,-7.089],[-58.217,-7.128],[-58.183,-7.178],[-58.146,-7.343],[-58.14,-7.363],[-58.222,-7.524],[-58.202,-7.621],[-58.253,-7.678],[-58.28,-7.709],[-58.294,-7.772],[-58.383,-7.852],[-58.355,-7.944],[-58.325,-8.004],[-58.316,-8.033],[-58.292,-8.104],[-58.291,-8.136],[-58.322,-8.17],[-58.321,-8.232],[-58.328,-8.285],[-58.314,-8.323],[-58.351,-8.354],[-58.354,-8.384],[-58.382,-8.434],[-58.401,-8.466],[-58.415,-8.515],[-58.404,-8.539],[-58.391,-8.592],[-58.409,-8.637],[-58.411,-8.72],[-58.326,-8.72],[-58.415,-8.792],[-58.437,-8.795],[-59.704,-8.801],[-60.747,-8.797],[-61.582,-8.798],[-61.623,-8.758],[-61.626,-8.728],[-61.648,-8.716],[-61.705,-8.707],[-61.741,-8.695],[-61.744,-8.717],[-61.763,-8.73],[-61.806,-8.747],[-61.843,-8.763],[-61.86,-8.803],[-61.862,-8.823],[-61.869,-8.857],[-61.904,-8.869],[-61.971,-8.874],[-61.99,-8.872],[-62.002,-8.832],[-62.05,-8.796],[-62.124,-8.801],[-62.148,-8.718],[-62.171,-8.695],[-62.181,-8.658],[-62.176,-8.637],[-62.203,-8.595],[-62.268,-8.575],[-62.294,-8.605],[-62.289,-8.639],[-62.336,-8.586],[-62.334,-8.546],[-62.337,-8.516],[-62.366,-8.493],[-62.361,-8.423],[-62.379,-8.381],[-62.408,-8.377],[-62.453,-8.349],[-62.482,-8.351],[-62.5,-8.366],[-62.525,-8.378],[-62.532,-8.369],[-62.549,-8.343],[-62.555,-8.322],[-62.559,-8.311],[-62.574,-8.28],[-62.585,-8.272],[-62.61,-8.259],[-62.65,-8.222],[-62.686,-8.173],[-62.672,-8.145],[-62.684,-8.116],[-62.712,-8.08],[-62.815,-8.02],[-62.845,-7.986],[-62.866,-7.975],[-63.626,-8.016],[-63.638,-8.047],[-63.667,-8.094],[-63.673,-8.124],[-63.731,-8.181],[-63.743,-8.216],[-63.753,-8.28],[-63.781,-8.329],[-63.836,-8.3],[-63.894,-8.302],[-63.91,-8.328],[-63.944,-8.347],[-63.977,-8.42],[-63.94,-8.452],[-63.966,-8.505],[-63.945,-8.55],[-63.924,-8.575],[-63.965,-8.596],[-63.98,-8.58],[-63.994,-8.619],[-64.008,-8.644],[-64.016,-8.667],[-64.031,-8.704],[-64.071,-8.712],[-64.114,-8.723],[-64.144,-8.776],[-64.148,-8.83],[-64.154,-8.855],[-64.147,-8.916],[-64.175,-8.96],[-64.311,-8.996],[-64.313,-8.95],[-64.379,-8.946],[-64.446,-8.976],[-64.483,-8.976],[-64.55,-8.978],[-64.578,-8.988],[-64.611,-9.016],[-64.671,-9.014],[-64.703,-8.99],[-64.753,-9.02],[-64.787,-8.988],[-64.87,-9.012],[-64.906,-9.045],[-64.933,-9.12],[-64.934,-9.153],[-64.931,-9.185],[-64.926,-9.205],[-64.921,-9.228],[-64.936,-9.255],[-64.953,-9.277],[-64.986,-9.292],[-65.003,-9.319],[-65.018,-9.345],[-65.026,-9.354],[-65.045,-9.385],[-65.053,-9.402],[-65.092,-9.409],[-65.11,-9.432],[-65.149,-9.442],[-65.184,-9.427],[-65.174,-9.389],[-65.197,-9.367],[-65.208,-9.309],[-65.208,-9.285],[-65.292,-9.278],[-65.346,-9.316],[-65.385,-9.338],[-65.44,-9.311],[-65.443,-9.33],[-65.446,-9.37],[-65.45,-9.412],[-65.442,-9.464],[-65.472,-9.466],[-65.503,-9.461],[-65.522,-9.447],[-65.596,-9.413],[-65.634,-9.429],[-65.657,-9.449],[-65.68,-9.485],[-65.702,-9.519],[-65.742,-9.553],[-65.761,-9.567],[-65.791,-9.585],[-65.81,-9.564],[-65.825,-9.53],[-65.847,-9.521],[-65.86,-9.51],[-65.922,-9.471],[-65.951,-9.436],[-65.97,-9.413],[-66.034,-9.4],[-66.059,-9.418],[-66.123,-9.408],[-66.173,-9.434],[-66.226,-9.427],[-66.259,-9.411],[-66.287,-9.42],[-66.314,-9.433],[-66.331,-9.425],[-66.363,-9.423],[-66.408,-9.407],[-66.396,-9.437],[-66.423,-9.525],[-66.497,-9.626],[-66.536,-9.643],[-66.577,-9.667],[-66.609,-9.665],[-66.685,-9.714],[-66.725,-9.756],[-66.775,-9.753],[-66.806,-9.814],[-67.496,-9.524],[-68.728,-9.0],[-69.435,-8.641],[-70.575,-8.096],[-72.005,-7.774],[-72.659,-7.625],[-73.608,-7.202],[-73.796,-7.115],[-73.777,-7.085],[-73.745,-7.05],[-73.726,-7.018],[-73.729,-7.006],[-73.736,-6.99],[-73.746,-6.955],[-73.752,-6.932],[-73.743,-6.919],[-73.739,-6.908],[-73.716,-6.87],[-73.71,-6.854],[-73.699,-6.839],[-73.681,-6.818],[-73.669,-6.806],[-73.65,-6.777],[-73.618,-6.741],[-73.592,-6.728],[-73.562,-6.721],[-73.528,-6.685],[-73.515,-6.676],[-73.486,-6.671],[-73.475,-6.665],[-73.457,-6.665],[-73.432,-6.651],[-73.406,-6.642],[-73.381,-6.623],[-73.362,-6.602],[-73.339,-6.593],[-73.328,-6.595],[-73.307,-6.593],[-73.282,-6.585],[-73.261,-6.586],[-73.234,-6.578],[-73.223,-6.565],[-73.22,-6.573],[-73.202,-6.564],[-73.199,-6.554],[-73.195,-6.544],[-73.184,-6.535],[-73.167,-6.525],[-73.148,-6.51],[-73.14,-6.49],[-73.127,-6.465],[-73.122,-6.453],[-73.122,-6.431],[-73.109,-6.409],[-73.124,-6.391],[-73.137,-6.371],[-73.144,-6.356],[-73.145,-6.339],[-73.155,-6.324],[-73.163,-6.298],[-73.167,-6.274],[-73.187,-6.256],[-73.195,-6.245],[-73.204,-6.233],[-73.222,-6.212],[-73.227,-6.172],[-73.248,-6.136],[-73.249,-6.112],[-73.241,-6.09],[-73.236,-6.05],[-73.224,-6.023],[-73.218,-6.015],[-73.203,-6.004],[-73.193,-5.991],[-73.18,-5.962],[-73.187,-5.938],[-73.175,-5.923],[-73.17,-5.901],[-73.156,-5.882],[-73.151,-5.863],[-73.127,-5.855],[-73.117,-5.837],[-73.104,-5.822],[-73.095,-5.812],[-73.056,-5.779],[-73.043,-5.749],[-73.021,-5.739],[-73.009,-5.724],[-73.001,-5.711],[-72.992,-5.695],[-72.988,-5.673],[-72.978,-5.659],[-72.962,-5.654],[-72.969,-5.628],[-72.966,-5.592],[-72.957,-5.574],[-72.955,-5.561],[-72.954,-5.538],[-72.964,-5.497],[-72.954,-5.462],[-72.951,-5.444],[-72.94,-5.433],[-72.929,-5.413],[-72.921,-5.381],[-72.909,-5.371],[-72.903,-5.352],[-72.891,-5.328],[-72.882,-5.311],[-72.876,-5.293],[-72.864,-5.273],[-72.868,-5.246],[-72.866,-5.209],[-72.869,-5.199],[-72.884,-5.175],[-72.866,-5.155],[-72.845,-5.148],[-72.817,-5.138],[-72.797,-5.114],[-72.777,-5.1],[-72.761,-5.098],[-72.75,-5.085],[-72.734,-5.073],[-72.721,-5.059],[-72.699,-5.059],[-72.673,-5.055],[-72.649,-5.055],[-72.639,-5.057],[-72.607,-5.014],[-72.606,-4.995],[-72.578,-4.985],[-72.553,-4.962],[-72.529,-4.958],[-72.522,-4.938],[-72.508,-4.95],[-72.491,-4.937],[-72.482,-4.952],[-72.468,-4.927],[-72.458,-4.915],[-72.456,-4.895],[-72.44,-4.909],[-72.421,-4.893],[-72.419,-4.878],[-72.386,-4.872],[-72.385,-4.85],[-72.383,-4.83],[-72.371,-4.807],[-72.337,-4.797],[-72.324,-4.787],[-72.3,-4.776],[-72.28,-4.798],[-72.259,-4.772],[-72.247,-4.78],[-72.214,-4.756],[-72.193,-4.761],[-72.184,-4.742],[-72.161,-4.731],[-72.133,-4.716],[-72.1,-4.702],[-72.09,-4.688],[-72.063,-4.653],[-72.042,-4.643],[-72.019,-4.631],[-72.005,-4.632],[-71.992,-4.623],[-71.977,-4.608],[-71.946,-4.604],[-71.947,-4.584],[-71.93,-4.571],[-71.924,-4.562],[-71.923,-4.543],[-71.91,-4.548],[-71.897,-4.535],[-71.889,-4.521],[-71.868,-4.526],[-71.839,-4.505],[-71.824,-4.499],[-71.8,-4.491],[-71.771,-4.495],[-71.752,-4.493],[-71.741,-4.485],[-71.721,-4.506],[-71.697,-4.506],[-71.678,-4.504],[-71.659,-4.5],[-71.637,-4.496],[-71.626,-4.474],[-71.622,-4.501],[-71.626,-4.525],[-71.597,-4.531],[-71.563,-4.495],[-71.542,-4.476],[-71.521,-4.47],[-71.495,-4.478],[-71.507,-4.465],[-71.491,-4.457],[-71.481,-4.442],[-71.449,-4.451],[-71.437,-4.46],[-71.413,-4.456],[-71.389,-4.429],[-71.368,-4.435],[-71.347,-4.434],[-71.32,-4.444],[-71.307,-4.44],[-71.311,-4.417],[-71.272,-4.434],[-71.271,-4.396],[-71.25,-4.389],[-71.23,-4.397],[-71.219,-4.387],[-71.208,-4.398],[-71.189,-4.414],[-71.173,-4.395],[-71.16,-4.405],[-71.153,-4.383],[-71.126,-4.401],[-71.111,-4.383],[-71.082,-4.384],[-71.059,-4.386],[-71.047,-4.387],[-71.024,-4.385],[-71.007,-4.387],[-70.99,-4.361],[-70.978,-4.36],[-70.961,-4.378],[-70.937,-4.375],[-70.927,-4.359],[-70.908,-4.333],[-70.882,-4.308],[-70.876,-4.29],[-70.86,-4.266],[-70.845,-4.253],[-70.83,-4.24],[-70.83,-4.218],[-70.808,-4.183],[-70.775,-4.166],[-70.74,-4.173],[-70.719,-4.187],[-70.701,-4.188],[-70.676,-4.19],[-70.666,-4.146],[-70.654,-4.148],[-70.648,-4.127],[-70.626,-4.143],[-70.632,-4.187],[-70.594,-4.182],[-70.561,-4.161],[-70.534,-4.139],[-70.515,-4.175],[-70.503,-4.196],[-70.481,-4.169],[-70.463,-4.173],[-70.448,-4.164],[-70.441,-4.15],[-70.424,-4.137],[-70.387,-4.137],[-70.367,-4.161],[-70.332,-4.178],[-70.326,-4.146],[-70.291,-4.176],[-70.292,-4.241],[-70.312,-4.25],[-70.303,-4.271],[-70.29,-4.283],[-70.274,-4.289],[-70.259,-4.296],[-70.255,-4.318],[-70.222,-4.324],[-70.208,-4.339],[-70.189,-4.365],[-70.178,-4.347],[-70.152,-4.335],[-70.154,-4.324],[-70.166,-4.305],[-70.142,-4.282],[-70.119,-4.29],[-70.108,-4.264],[-70.097,-4.296],[-70.077,-4.303],[-70.068,-4.329],[-70.044,-4.352],[-70.011,-4.336],[-69.975,-4.319],[-69.956,-4.278],[-69.943,-4.216],[-69.839,-3.696],[-69.837,-3.685],[-69.835,-3.672],[-69.831,-3.649],[-69.82,-3.591],[-69.78,-3.374],[-69.711,-3.0],[-69.613,-2.438],[-69.609,-2.415],[-69.603,-2.385],[-69.596,-2.345],[-69.58,-2.257],[-69.558,-2.134],[-69.543,-2.052],[-69.528,-1.969],[-69.484,-1.711],[-69.456,-1.508],[-69.44,-1.471],[-69.437,-1.417],[-69.429,-1.386],[-69.414,-1.376],[-69.409,-1.333],[-69.419,-1.267],[-69.431,-1.233],[-69.419,-1.198],[-69.413,-1.157],[-69.398,-1.144],[-69.4,-1.113],[-69.426,-1.06],[-69.443,-1.036],[-69.428,-1.015],[-69.447,-0.997],[-69.463,-0.976],[-69.476,-0.957],[-69.494,-0.946],[-69.507,-0.932],[-69.527,-0.921],[-69.533,-0.87],[-69.573,-0.842],[-69.563,-0.812],[-69.587,-0.793],[-69.599,-0.781],[-69.616,-0.75],[-69.612,-0.723],[-69.605,-0.714],[-69.593,-0.694],[-69.583,-0.674],[-69.573,-0.649],[-69.58,-0.62],[-69.605,-0.6],[-69.593,-0.567],[-69.606,-0.544],[-69.612,-0.524],[-69.622,-0.501],[-69.644,-0.494],[-69.645,-0.483],[-69.67,-0.471],[-69.689,-0.465],[-69.708,-0.457],[-69.74,-0.435],[-69.754,-0.42],[-69.767,-0.407],[-69.775,-0.4],[-69.792,-0.394],[-69.807,-0.385],[-69.835,-0.361],[-69.862,-0.348],[-69.886,-0.345],[-69.91,-0.339],[-69.923,-0.331],[-69.944,-0.303],[-69.954,-0.291],[-69.981,-0.258],[-69.997,-0.234],[-70.03,-0.209],[-70.058,-0.158],[-70.042,-0.113],[-70.045,-0.03],[-70.046,0.069],[-70.025,0.554],[-69.995,0.548],[-69.986,0.571],[-69.958,0.559],[-69.925,0.566],[-69.893,0.582],[-69.852,0.585],[-69.819,0.586],[-69.8,0.58],[-69.785,0.596],[-69.764,0.606],[-69.739,0.615],[-69.717,0.64],[-69.7,0.652],[-69.679,0.671],[-69.656,0.666],[-69.627,0.637],[-69.594,0.639],[-69.586,0.662],[-69.566,0.673],[-69.543,0.682],[-69.534,0.701],[-69.51,0.713],[-69.481,0.736],[-69.459,0.716],[-69.437,0.702],[-69.419,0.686],[-69.399,0.656],[-69.376,0.634],[-69.358,0.613],[-69.341,0.628],[-69.311,0.638],[-69.292,0.637],[-69.29,0.615],[-69.297,0.604],[-69.269,0.608],[-69.251,0.606],[-69.212,0.61],[-69.201,0.632],[-69.173,0.653],[-69.133,0.647],[-69.12,0.66],[-69.148,0.707],[-69.18,0.725],[-69.168,0.762],[-69.147,0.792],[-69.15,0.804],[-69.165,0.829],[-69.152,0.854],[-69.143,0.887],[-69.162,0.896],[-69.184,0.916],[-69.178,0.942],[-69.183,0.964],[-69.212,0.993],[-69.224,1.03],[-69.253,1.055],[-69.277,1.067],[-69.297,1.071],[-69.321,1.096],[-69.36,1.089],[-69.391,1.078],[-69.403,1.065],[-69.439,1.072],[-69.456,1.083],[-69.493,1.088],[-69.531,1.08],[-69.566,1.081],[-69.621,1.103],[-69.649,1.096],[-69.684,1.077],[-69.708,1.094],[-69.724,1.119],[-69.754,1.119],[-69.784,1.102],[-69.807,1.072],[-69.834,1.079],[-69.84,1.083],[-69.844,1.576],[-69.83,1.71],[-69.786,1.706],[-69.772,1.724],[-69.75,1.739],[-69.716,1.745],[-69.683,1.747],[-69.657,1.737],[-69.629,1.748],[-69.602,1.765],[-69.567,1.778],[-69.552,1.792],[-69.503,1.773],[-69.492,1.769],[-69.478,1.761],[-69.468,1.762],[-69.446,1.763],[-69.417,1.753],[-69.393,1.733],[-69.104,1.734],[-68.157,1.742],[-68.175,1.762],[-68.175,1.775],[-68.208,1.779],[-68.236,1.773],[-68.243,1.798],[-68.244,1.832],[-68.263,1.861],[-68.235,1.938],[-68.22,1.949],[-68.201,1.962],[-68.182,1.979],[-68.157,1.978],[-68.133,1.98],[-68.118,1.956],[-68.098,1.925],[-68.065,1.898],[-68.003,1.861],[-67.946,1.831],[-67.922,1.851],[-67.906,1.867],[-67.901,1.9],[-67.859,1.921],[-67.85,1.931],[-67.831,1.958],[-67.812,1.978],[-67.768,2.04],[-67.692,2.024],[-67.654,2.021],[-67.619,2.024],[-67.578,2.092],[-67.555,2.121],[-67.521,2.171],[-67.47,2.197],[-67.441,2.225],[-67.407,2.247],[-67.343,2.206],[-67.338,2.126],[-67.329,2.079],[-67.329,2.062],[-67.326,2.03]]]]},"properties":{"id":3,"name":"Amazonas","sigla":"AM","regiao_id":"3","codigo_ibg":"13","cartodb_id":3,"created_at":"2015-02-09T16:46:01Z","updated_at":"2015-02-09T16:46:01Z"}},{"type":"Feature","geometry":{"type":"MultiPolygon","coordinates":[[[[-51.182,4.009],[-51.176,3.972],[-51.176,3.957],[-51.166,3.936],[-51.134,3.918],[-51.099,3.91],[-51.081,3.893],[-51.074,3.856],[-51.077,3.84],[-51.079,3.807],[-51.082,3.778],[-51.084,3.755],[-51.085,3.738],[-51.089,3.723],[-51.09,3.68],[-51.077,3.575],[-51.071,3.498],[-51.074,3.477],[-51.079,3.46],[-51.088,3.409],[-51.078,3.365],[-51.065,3.331],[-51.056,3.304],[-51.044,3.272],[-51.038,3.255],[-51.029,3.229],[-51.026,3.185],[-51.031,3.158],[-51.034,3.144],[-51.006,3.08],[-51.01,3.04],[-51.0,3.018],[-50.986,2.968],[-50.979,2.935],[-50.965,2.912],[-50.945,2.845],[-50.942,2.804],[-50.902,2.795],[-50.905,2.774],[-50.895,2.754],[-50.882,2.712],[-50.853,2.66],[-50.848,2.643],[-50.845,2.595],[-50.837,2.578],[-50.834,2.521],[-50.852,2.504],[-50.852,2.487],[-50.829,2.498],[-50.808,2.509],[-50.784,2.488],[-50.783,2.477],[-50.764,2.448],[-50.761,2.398],[-50.757,2.379],[-50.749,2.358],[-50.743,2.333],[-50.742,2.312],[-50.726,2.285],[-50.723,2.269],[-50.712,2.235],[-50.693,2.209],[-50.683,2.155],[-50.702,2.144],[-50.688,2.143],[-50.532,2.205],[-50.493,2.205],[-50.451,2.202],[-50.44,2.192],[-50.422,2.18],[-50.416,2.167],[-50.385,2.124],[-50.377,2.112],[-50.37,2.101],[-50.352,2.073],[-50.347,2.051],[-50.334,2.023],[-50.316,2.005],[-50.307,1.973],[-50.273,1.888],[-50.195,1.81],[-50.146,1.806],[-50.105,1.792],[-50.056,1.775],[-49.915,1.696],[-49.922,1.675],[-49.903,1.652],[-49.897,1.632],[-49.892,1.576],[-49.886,1.529],[-49.877,1.487],[-49.878,1.464],[-49.879,1.431],[-49.882,1.391],[-49.888,1.364],[-49.895,1.337],[-49.906,1.307],[-49.899,1.232],[-49.893,1.215],[-49.895,1.191],[-49.915,1.148],[-49.923,1.131],[-49.942,1.113],[-49.943,1.033],[-49.94,0.994],[-49.956,0.973],[-49.976,0.959],[-50.012,0.892],[-50.042,0.857],[-50.048,0.851],[-50.058,0.84],[-50.055,0.833],[-50.054,0.818],[-50.063,0.808],[-50.069,0.796],[-50.083,0.788],[-50.093,0.769],[-50.314,0.678],[-50.452,0.571],[-50.486,0.459],[-50.556,0.307],[-50.644,0.209],[-50.921,0.076],[-50.974,0.042],[-50.996,0.004],[-51.065,-0.076],[-51.104,-0.092],[-51.174,-0.104],[-51.296,-0.24],[-51.351,-0.309],[-51.412,-0.422],[-51.486,-0.545],[-51.571,-0.623],[-51.681,-0.791],[-51.695,-0.921],[-51.685,-1.013],[-51.778,-1.139],[-51.887,-1.166],[-51.925,-1.132],[-51.946,-1.166],[-51.965,-1.159],[-51.975,-1.12],[-51.987,-1.157],[-52.011,-1.167],[-52.063,-1.191],[-52.054,-1.234],[-52.11,-1.204],[-52.12,-1.146],[-52.162,-1.134],[-52.23,-1.13],[-52.333,-1.116],[-52.374,-1.057],[-52.411,-1.048],[-52.422,-1.032],[-52.419,-0.966],[-52.426,-0.919],[-52.401,-0.887],[-52.426,-0.851],[-52.455,-0.83],[-52.506,-0.854],[-52.535,-0.842],[-52.521,-0.801],[-52.501,-0.746],[-52.505,-0.687],[-52.511,-0.658],[-52.529,-0.581],[-52.593,-0.581],[-52.667,-0.544],[-52.677,-0.519],[-52.691,-0.477],[-52.681,-0.415],[-52.695,-0.372],[-52.7,-0.293],[-52.747,-0.269],[-52.844,-0.159],[-52.89,-0.15],[-52.931,-0.142],[-52.965,-0.053],[-52.981,0.03],[-53.009,0.052],[-53.025,0.103],[-53.039,0.136],[-53.052,0.158],[-53.094,0.196],[-53.134,0.3],[-53.156,0.354],[-53.159,0.408],[-53.159,0.489],[-53.162,0.523],[-53.148,0.552],[-53.147,0.601],[-53.105,0.68],[-53.136,0.693],[-53.154,0.725],[-53.202,0.776],[-53.214,0.786],[-53.265,0.817],[-53.294,0.853],[-53.358,0.892],[-53.413,0.948],[-53.417,0.99],[-53.426,1.024],[-53.434,1.048],[-53.454,1.075],[-53.457,1.139],[-53.431,1.152],[-53.399,1.159],[-53.417,1.203],[-53.43,1.244],[-53.473,1.24],[-53.546,1.229],[-53.53,1.274],[-53.562,1.307],[-53.533,1.323],[-53.564,1.345],[-53.633,1.348],[-53.653,1.355],[-53.64,1.393],[-53.662,1.388],[-53.683,1.385],[-53.711,1.384],[-53.696,1.423],[-53.715,1.406],[-53.755,1.395],[-53.768,1.396],[-53.791,1.417],[-53.816,1.409],[-53.823,1.39],[-53.851,1.399],[-53.854,1.402],[-53.887,1.408],[-53.893,1.444],[-53.922,1.443],[-53.932,1.449],[-53.928,1.469],[-53.955,1.48],[-53.986,1.479],[-53.999,1.505],[-54.021,1.507],[-54.055,1.494],[-54.077,1.486],[-54.089,1.514],[-54.108,1.551],[-54.11,1.575],[-54.116,1.584],[-54.131,1.597],[-54.133,1.617],[-54.142,1.63],[-54.156,1.643],[-54.182,1.658],[-54.191,1.625],[-54.228,1.666],[-54.244,1.676],[-54.263,1.68],[-54.265,1.696],[-54.278,1.709],[-54.282,1.717],[-54.298,1.725],[-54.308,1.73],[-54.305,1.737],[-54.329,1.744],[-54.344,1.745],[-54.377,1.764],[-54.403,1.76],[-54.424,1.761],[-54.464,1.759],[-54.479,1.754],[-54.495,1.747],[-54.508,1.749],[-54.528,1.765],[-54.571,1.779],[-54.589,1.781],[-54.618,1.78],[-54.651,1.772],[-54.679,1.769],[-54.701,1.774],[-54.746,1.787],[-54.75,1.815],[-54.739,1.84],[-54.753,1.872],[-54.763,1.893],[-54.765,1.944],[-54.755,1.961],[-54.772,1.979],[-54.79,2.008],[-54.811,2.04],[-54.812,2.063],[-54.809,2.087],[-54.807,2.116],[-54.803,2.133],[-54.793,2.154],[-54.787,2.164],[-54.782,2.175],[-54.763,2.203],[-54.794,2.241],[-54.811,2.267],[-54.803,2.292],[-54.794,2.313],[-54.827,2.362],[-54.876,2.427],[-54.743,2.472],[-54.687,2.411],[-54.662,2.327],[-54.189,2.179],[-53.989,2.237],[-53.974,2.233],[-53.961,2.244],[-53.942,2.243],[-53.937,2.263],[-53.936,2.286],[-53.931,2.294],[-53.916,2.288],[-53.907,2.274],[-53.892,2.284],[-53.889,2.296],[-53.884,2.316],[-53.869,2.315],[-53.859,2.32],[-53.852,2.315],[-53.839,2.31],[-53.82,2.318],[-53.82,2.33],[-53.836,2.334],[-53.825,2.341],[-53.814,2.343],[-53.809,2.358],[-53.784,2.373],[-53.763,2.378],[-53.747,2.375],[-53.744,2.367],[-53.741,2.362],[-53.727,2.351],[-53.731,2.341],[-53.738,2.332],[-53.739,2.325],[-53.748,2.313],[-53.729,2.312],[-53.705,2.309],[-53.693,2.308],[-53.691,2.305],[-53.682,2.302],[-53.663,2.305],[-53.654,2.294],[-53.648,2.284],[-53.626,2.285],[-53.621,2.281],[-53.614,2.28],[-53.597,2.284],[-53.587,2.274],[-53.574,2.273],[-53.561,2.267],[-53.54,2.258],[-53.526,2.262],[-53.507,2.262],[-53.493,2.262],[-53.478,2.261],[-53.455,2.271],[-53.463,2.277],[-53.461,2.291],[-53.447,2.284],[-53.421,2.29],[-53.405,2.298],[-53.391,2.309],[-53.377,2.318],[-53.359,2.337],[-53.359,2.35],[-53.338,2.354],[-53.323,2.347],[-53.316,2.333],[-53.308,2.317],[-53.288,2.309],[-53.273,2.297],[-53.262,2.284],[-53.256,2.276],[-53.23,2.266],[-53.241,2.255],[-53.253,2.247],[-53.262,2.238],[-53.263,2.229],[-53.275,2.224],[-53.28,2.208],[-53.279,2.187],[-53.272,2.179],[-53.264,2.172],[-53.267,2.19],[-53.255,2.197],[-53.246,2.203],[-53.23,2.202],[-53.217,2.196],[-53.199,2.2],[-53.184,2.2],[-53.171,2.205],[-53.15,2.21],[-53.117,2.213],[-53.078,2.212],[-53.057,2.189],[-53.029,2.173],[-53.008,2.17],[-52.987,2.159],[-52.973,2.161],[-52.959,2.164],[-52.942,2.174],[-52.939,2.179],[-52.933,2.191],[-52.912,2.19],[-52.9,2.197],[-52.892,2.212],[-52.886,2.225],[-52.881,2.236],[-52.873,2.246],[-52.869,2.257],[-52.858,2.259],[-52.853,2.27],[-52.841,2.277],[-52.839,2.283],[-52.821,2.291],[-52.798,2.3],[-52.783,2.308],[-52.775,2.313],[-52.765,2.317],[-52.759,2.32],[-52.74,2.328],[-52.724,2.333],[-52.704,2.353],[-52.689,2.362],[-52.672,2.374],[-52.659,2.389],[-52.66,2.405],[-52.642,2.427],[-52.629,2.448],[-52.613,2.447],[-52.615,2.463],[-52.599,2.475],[-52.586,2.485],[-52.576,2.502],[-52.554,2.517],[-52.557,2.527],[-52.558,2.549],[-52.545,2.556],[-52.527,2.577],[-52.535,2.595],[-52.549,2.614],[-52.55,2.625],[-52.552,2.645],[-52.541,2.65],[-52.528,2.663],[-52.523,2.679],[-52.511,2.697],[-52.504,2.714],[-52.496,2.73],[-52.487,2.752],[-52.482,2.762],[-52.481,2.782],[-52.473,2.799],[-52.458,2.823],[-52.448,2.847],[-52.439,2.863],[-52.416,2.893],[-52.396,2.894],[-52.385,2.915],[-52.395,2.919],[-52.391,2.945],[-52.379,2.969],[-52.373,2.998],[-52.365,3.021],[-52.351,3.04],[-52.341,3.06],[-52.328,3.081],[-52.345,3.098],[-52.346,3.111],[-52.341,3.124],[-52.352,3.126],[-52.342,3.139],[-52.339,3.143],[-52.334,3.159],[-52.323,3.176],[-52.31,3.176],[-52.309,3.198],[-52.297,3.22],[-52.273,3.242],[-52.263,3.256],[-52.25,3.249],[-52.237,3.245],[-52.217,3.272],[-52.202,3.295],[-52.191,3.305],[-52.187,3.321],[-52.168,3.347],[-52.154,3.373],[-52.131,3.419],[-52.117,3.447],[-52.097,3.475],[-52.095,3.486],[-52.077,3.506],[-52.075,3.519],[-52.064,3.522],[-52.049,3.545],[-52.037,3.569],[-52.031,3.58],[-52.002,3.616],[-51.993,3.645],[-51.991,3.662],[-51.981,3.685],[-51.977,3.7],[-51.961,3.729],[-51.945,3.73],[-51.921,3.747],[-51.918,3.787],[-51.903,3.796],[-51.892,3.8],[-51.875,3.808],[-51.837,3.851],[-51.825,3.861],[-51.82,3.87],[-51.802,3.882],[-51.779,3.925],[-51.778,3.951],[-51.756,3.988],[-51.734,3.999],[-51.712,4.001],[-51.693,4.015],[-51.685,4.026],[-51.649,4.042],[-51.643,4.071],[-51.636,4.087],[-51.621,4.138],[-51.604,4.167],[-51.596,4.216],[-51.589,4.248],[-51.586,4.262],[-51.578,4.314],[-51.574,4.337],[-51.565,4.375],[-51.554,4.415],[-51.518,4.436],[-51.49,4.423],[-51.383,4.332],[-51.346,4.296],[-51.285,4.228],[-51.252,4.192],[-51.23,4.159],[-51.22,4.136],[-51.205,4.109],[-51.192,4.072],[-51.19,4.056],[-51.183,4.022],[-51.182,4.009]]]]},"properties":{"id":4,"name":"Amap\u00e1","sigla":"AP","regiao_id":"3","codigo_ibg":"16","cartodb_id":4,"created_at":"2015-02-09T16:46:01Z","updated_at":"2015-02-09T16:46:01Z"}},{"type":"Feature","geometry":{"type":"MultiPolygon","coordinates":[[[[-39.288,-8.563],[-39.274,-8.585],[-39.254,-8.619],[-39.245,-8.682],[-39.213,-8.709],[-39.177,-8.703],[-39.151,-8.709],[-39.017,-8.751],[-38.965,-8.794],[-38.928,-8.796],[-38.868,-8.783],[-38.804,-8.79],[-38.711,-8.857],[-38.692,-8.937],[-38.64,-8.987],[-38.607,-8.893],[-38.561,-8.827],[-38.475,-8.857],[-38.479,-8.902],[-38.517,-8.935],[-38.503,-8.981],[-38.417,-9.037],[-38.34,-8.99],[-38.289,-9.038],[-38.321,-9.07],[-38.304,-9.096],[-38.287,-9.173],[-38.25,-9.29],[-38.2,-9.379],[-38.201,-9.4],[-38.177,-9.425],[-38.142,-9.437],[-38.113,-9.436],[-38.07,-9.45],[-38.036,-9.468],[-38.0,-9.503],[-38.021,-9.541],[-38.019,-9.563],[-38.031,-9.568],[-38.04,-9.602],[-38.018,-9.623],[-38.008,-9.631],[-37.99,-9.641],[-38.007,-9.651],[-38.025,-9.682],[-38.042,-9.716],[-38.02,-9.778],[-37.975,-9.813],[-37.974,-9.83],[-37.974,-9.855],[-37.985,-9.889],[-37.992,-9.919],[-37.96,-9.97],[-37.921,-9.973],[-37.875,-9.978],[-37.823,-10.034],[-37.776,-10.136],[-37.783,-10.18],[-37.742,-10.31],[-37.771,-10.345],[-37.807,-10.366],[-37.824,-10.378],[-37.833,-10.385],[-37.837,-10.401],[-37.851,-10.416],[-37.825,-10.477],[-37.817,-10.504],[-37.82,-10.539],[-37.829,-10.543],[-37.84,-10.549],[-37.83,-10.573],[-37.814,-10.691],[-37.999,-10.764],[-38.043,-10.719],[-38.083,-10.706],[-38.105,-10.711],[-38.125,-10.718],[-38.161,-10.71],[-38.197,-10.707],[-38.213,-10.712],[-38.213,-10.759],[-38.237,-10.792],[-38.241,-10.826],[-38.239,-10.852],[-38.232,-10.896],[-38.213,-10.93],[-38.202,-10.932],[-38.188,-10.964],[-38.176,-10.985],[-38.138,-11.012],[-38.111,-11.009],[-38.103,-11.034],[-38.094,-11.047],[-38.088,-11.062],[-38.088,-11.092],[-38.086,-11.115],[-38.072,-11.137],[-38.063,-11.159],[-38.034,-11.178],[-38.003,-11.195],[-37.979,-11.192],[-37.981,-11.21],[-37.989,-11.229],[-37.988,-11.238],[-37.986,-11.246],[-37.993,-11.262],[-37.997,-11.283],[-37.991,-11.317],[-37.991,-11.328],[-37.991,-11.332],[-37.988,-11.341],[-37.972,-11.373],[-37.973,-11.383],[-37.968,-11.39],[-37.96,-11.396],[-37.952,-11.41],[-37.936,-11.422],[-37.929,-11.403],[-37.904,-11.42],[-37.898,-11.437],[-37.883,-11.425],[-37.877,-11.43],[-37.869,-11.437],[-37.849,-11.445],[-37.862,-11.453],[-37.839,-11.481],[-37.814,-11.492],[-37.799,-11.521],[-37.775,-11.524],[-37.759,-11.525],[-37.73,-11.538],[-37.711,-11.552],[-37.698,-11.555],[-37.674,-11.567],[-37.662,-11.543],[-37.651,-11.518],[-37.632,-11.518],[-37.612,-11.537],[-37.601,-11.538],[-37.585,-11.542],[-37.57,-11.54],[-37.518,-11.548],[-37.505,-11.525],[-37.444,-11.516],[-37.373,-11.456],[-37.343,-11.443],[-37.346,-11.462],[-37.416,-11.551],[-37.438,-11.595],[-37.464,-11.647],[-37.481,-11.68],[-37.515,-11.742],[-37.566,-11.858],[-37.603,-11.937],[-37.622,-11.995],[-37.69,-12.108],[-37.743,-12.188],[-37.763,-12.219],[-37.884,-12.393],[-37.916,-12.437],[-37.973,-12.517],[-37.981,-12.536],[-37.993,-12.559],[-38.022,-12.586],[-38.038,-12.603],[-38.046,-12.628],[-38.062,-12.646],[-38.085,-12.666],[-38.121,-12.703],[-38.185,-12.778],[-38.208,-12.805],[-38.227,-12.827],[-38.267,-12.871],[-38.295,-12.895],[-38.339,-12.943],[-38.357,-12.955],[-38.379,-12.951],[-38.403,-12.962],[-38.439,-12.988],[-38.451,-12.999],[-38.475,-13.012],[-38.493,-13.011],[-38.509,-13.009],[-38.525,-13.008],[-38.583,-12.999],[-38.57,-12.921],[-38.612,-12.941],[-38.614,-12.974],[-38.637,-13.005],[-38.655,-13.029],[-38.684,-13.045],[-38.714,-13.06],[-38.736,-13.088],[-38.763,-13.118],[-38.805,-13.146],[-38.833,-13.155],[-38.863,-13.179],[-38.885,-13.192],[-38.922,-13.212],[-38.945,-13.235],[-38.963,-13.279],[-38.968,-13.341],[-38.947,-13.389],[-38.934,-13.387],[-38.917,-13.372],[-38.904,-13.39],[-38.901,-13.413],[-38.897,-13.43],[-38.888,-13.448],[-38.898,-13.47],[-38.916,-13.474],[-38.905,-13.484],[-38.91,-13.498],[-38.921,-13.507],[-38.932,-13.528],[-38.933,-13.57],[-38.916,-13.575],[-38.902,-13.598],[-38.906,-13.621],[-38.889,-13.62],[-38.888,-13.643],[-38.91,-13.671],[-38.922,-13.66],[-38.944,-13.662],[-38.956,-13.669],[-38.965,-13.681],[-38.988,-13.715],[-38.998,-13.744],[-39.0,-13.783],[-38.986,-13.818],[-38.951,-13.871],[-38.931,-13.9],[-38.93,-13.92],[-38.93,-13.933],[-38.933,-13.959],[-38.938,-13.978],[-38.944,-14.014],[-38.949,-14.043],[-38.957,-14.066],[-38.961,-14.095],[-38.969,-14.117],[-38.98,-14.17],[-38.99,-14.191],[-38.993,-14.211],[-38.995,-14.242],[-38.993,-14.271],[-38.985,-14.276],[-38.982,-14.296],[-38.99,-14.31],[-38.998,-14.33],[-39.003,-14.358],[-39.015,-14.416],[-39.024,-14.466],[-39.029,-14.484],[-39.036,-14.521],[-39.046,-14.564],[-39.053,-14.589],[-39.065,-14.637],[-39.065,-14.705],[-39.062,-14.745],[-39.041,-14.785],[-39.032,-14.805],[-39.032,-14.809],[-39.025,-14.83],[-39.025,-14.88],[-39.022,-14.895],[-39.013,-14.937],[-39.007,-14.956],[-39.0,-14.983],[-38.997,-15.202],[-38.994,-15.253],[-38.993,-15.269],[-38.989,-15.3],[-38.975,-15.377],[-38.969,-15.401],[-38.954,-15.462],[-38.942,-15.528],[-38.943,-15.562],[-38.933,-15.67],[-38.923,-15.709],[-38.906,-15.738],[-38.9,-15.765],[-38.887,-15.784],[-38.868,-15.825],[-38.861,-15.836],[-38.862,-15.851],[-38.864,-15.868],[-38.887,-15.919],[-38.916,-16.005],[-38.937,-16.054],[-38.946,-16.085],[-38.953,-16.098],[-38.949,-16.156],[-38.96,-16.174],[-38.971,-16.196],[-38.983,-16.216],[-39.01,-16.245],[-39.02,-16.269],[-39.021,-16.289],[-39.021,-16.316],[-39.005,-16.332],[-39.008,-16.375],[-39.03,-16.385],[-39.058,-16.427],[-39.061,-16.457],[-39.065,-16.479],[-39.069,-16.498],[-39.079,-16.524],[-39.085,-16.557],[-39.088,-16.587],[-39.093,-16.614],[-39.092,-16.635],[-39.097,-16.658],[-39.103,-16.671],[-39.105,-16.701],[-39.114,-16.712],[-39.126,-16.731],[-39.128,-16.744],[-39.134,-16.751],[-39.142,-16.767],[-39.144,-16.804],[-39.142,-16.865],[-39.119,-16.891],[-39.124,-16.903],[-39.154,-16.962],[-39.155,-16.98],[-39.173,-17.052],[-39.175,-17.065],[-39.18,-17.088],[-39.19,-17.122],[-39.207,-17.149],[-39.213,-17.174],[-39.212,-17.228],[-39.217,-17.255],[-39.221,-17.291],[-39.218,-17.328],[-39.191,-17.456],[-39.193,-17.515],[-39.19,-17.546],[-39.191,-17.57],[-39.183,-17.618],[-39.149,-17.667],[-39.146,-17.699],[-39.183,-17.739],[-39.199,-17.762],[-39.207,-17.776],[-39.266,-17.843],[-39.269,-17.858],[-39.325,-17.895],[-39.355,-17.898],[-39.377,-17.909],[-39.438,-17.942],[-39.492,-17.997],[-39.523,-18.045],[-39.549,-18.095],[-39.559,-18.086],[-39.563,-18.108],[-39.564,-18.117],[-39.585,-18.146],[-39.624,-18.214],[-39.637,-18.245],[-39.645,-18.268],[-39.652,-18.295],[-39.663,-18.335],[-39.676,-18.324],[-39.912,-18.178],[-40.234,-17.955],[-40.263,-17.922],[-40.177,-17.855],[-40.193,-17.829],[-40.201,-17.816],[-40.215,-17.771],[-40.224,-17.734],[-40.251,-17.726],[-40.271,-17.726],[-40.286,-17.7],[-40.298,-17.683],[-40.308,-17.665],[-40.322,-17.644],[-40.348,-17.63],[-40.37,-17.616],[-40.381,-17.612],[-40.406,-17.611],[-40.412,-17.589],[-40.41,-17.568],[-40.46,-17.568],[-40.486,-17.526],[-40.483,-17.505],[-40.495,-17.486],[-40.505,-17.475],[-40.551,-17.436],[-40.575,-17.414],[-40.607,-17.418],[-40.601,-17.382],[-40.605,-17.359],[-40.602,-17.34],[-40.59,-17.312],[-40.572,-17.294],[-40.547,-17.283],[-40.571,-17.252],[-40.558,-17.23],[-40.566,-17.183],[-40.563,-17.126],[-40.566,-17.081],[-40.552,-17.019],[-40.54,-16.982],[-40.492,-16.904],[-40.459,-16.878],[-40.437,-16.893],[-40.406,-16.896],[-40.391,-16.887],[-40.366,-16.874],[-40.339,-16.898],[-40.307,-16.896],[-40.281,-16.901],[-40.265,-16.865],[-40.251,-16.849],[-40.256,-16.822],[-40.27,-16.795],[-40.294,-16.796],[-40.331,-16.792],[-40.32,-16.746],[-40.31,-16.719],[-40.307,-16.696],[-40.298,-16.652],[-40.287,-16.597],[-40.254,-16.569],[-40.245,-16.567],[-40.212,-16.573],[-40.19,-16.57],[-40.159,-16.58],[-40.162,-16.553],[-40.174,-16.537],[-40.162,-16.523],[-40.14,-16.495],[-40.114,-16.457],[-40.092,-16.434],[-40.084,-16.463],[-40.062,-16.432],[-40.041,-16.407],[-40.028,-16.374],[-40.011,-16.346],[-39.99,-16.313],[-39.972,-16.319],[-39.952,-16.297],[-39.937,-16.29],[-39.92,-16.263],[-39.912,-16.216],[-39.894,-16.199],[-39.887,-16.151],[-39.882,-16.144],[-39.856,-16.113],[-39.877,-16.091],[-39.889,-16.064],[-39.899,-16.049],[-39.926,-16.013],[-39.916,-16.003],[-39.948,-15.992],[-39.964,-16.005],[-39.991,-15.995],[-39.992,-15.995],[-40.001,-15.996],[-40.01,-15.991],[-40.022,-15.99],[-40.029,-15.979],[-40.04,-15.971],[-40.045,-15.962],[-40.064,-15.955],[-40.066,-15.95],[-40.07,-15.937],[-40.068,-15.933],[-40.072,-15.911],[-40.083,-15.919],[-40.095,-15.899],[-40.117,-15.903],[-40.146,-15.899],[-40.154,-15.901],[-40.166,-15.905],[-40.166,-15.877],[-40.185,-15.862],[-40.199,-15.857],[-40.208,-15.844],[-40.215,-15.835],[-40.221,-15.826],[-40.222,-15.821],[-40.23,-15.804],[-40.255,-15.81],[-40.274,-15.817],[-40.294,-15.816],[-40.318,-15.819],[-40.339,-15.816],[-40.371,-15.814],[-40.382,-15.814],[-40.4,-15.813],[-40.414,-15.806],[-40.452,-15.76],[-40.467,-15.76],[-40.494,-15.765],[-40.518,-15.797],[-40.54,-15.795],[-40.571,-15.784],[-40.592,-15.762],[-40.606,-15.736],[-40.632,-15.717],[-40.637,-15.73],[-40.682,-15.699],[-40.699,-15.668],[-40.743,-15.684],[-40.738,-15.7],[-40.769,-15.712],[-40.78,-15.68],[-40.829,-15.648],[-40.831,-15.67],[-40.848,-15.681],[-40.892,-15.69],[-40.914,-15.661],[-40.933,-15.658],[-40.973,-15.666],[-40.985,-15.693],[-41.007,-15.713],[-41.053,-15.725],[-41.092,-15.738],[-41.128,-15.746],[-41.15,-15.766],[-41.198,-15.749],[-41.246,-15.742],[-41.282,-15.74],[-41.327,-15.741],[-41.356,-15.502],[-41.464,-15.402],[-41.809,-15.101],[-41.871,-15.116],[-41.908,-15.154],[-41.917,-15.16],[-41.953,-15.175],[-41.992,-15.163],[-42.073,-15.175],[-42.098,-15.168],[-42.129,-15.131],[-42.153,-15.11],[-42.173,-15.085],[-42.192,-15.103],[-42.227,-15.099],[-42.27,-15.119],[-42.283,-15.117],[-42.315,-15.099],[-42.336,-15.08],[-42.396,-15.078],[-42.443,-15.06],[-42.476,-15.017],[-42.521,-14.983],[-42.534,-14.966],[-42.572,-14.946],[-42.585,-14.935],[-42.613,-14.937],[-42.652,-14.92],[-42.662,-14.91],[-42.679,-14.903],[-42.7,-14.894],[-42.714,-14.88],[-42.725,-14.879],[-42.742,-14.87],[-42.836,-14.806],[-42.849,-14.795],[-42.867,-14.77],[-42.877,-14.767],[-42.9,-14.755],[-42.909,-14.752],[-42.92,-14.744],[-42.935,-14.723],[-42.952,-14.708],[-43.002,-14.696],[-43.026,-14.693],[-43.048,-14.69],[-43.066,-14.68],[-43.083,-14.698],[-43.108,-14.673],[-43.123,-14.671],[-43.158,-14.662],[-43.188,-14.655],[-43.229,-14.66],[-43.282,-14.671],[-43.299,-14.675],[-43.332,-14.683],[-43.399,-14.71],[-43.425,-14.72],[-43.434,-14.726],[-43.461,-14.746],[-43.467,-14.764],[-43.469,-14.781],[-43.485,-14.791],[-43.504,-14.797],[-43.515,-14.804],[-43.531,-14.815],[-43.534,-14.788],[-43.576,-14.76],[-43.606,-14.759],[-43.638,-14.748],[-43.668,-14.737],[-43.673,-14.729],[-43.689,-14.727],[-43.719,-14.729],[-43.718,-14.711],[-43.755,-14.7],[-43.776,-14.692],[-43.8,-14.687],[-43.859,-14.674],[-43.871,-14.663],[-43.883,-14.653],[-43.877,-14.64],[-43.874,-14.636],[-43.871,-14.622],[-43.875,-14.593],[-43.885,-14.594],[-43.877,-14.563],[-43.842,-14.462],[-43.819,-14.389],[-43.792,-14.336],[-43.808,-14.327],[-43.815,-14.323],[-43.821,-14.321],[-43.842,-14.316],[-43.848,-14.315],[-43.851,-14.313],[-43.87,-14.31],[-43.888,-14.306],[-43.901,-14.298],[-43.91,-14.3],[-43.916,-14.299],[-43.926,-14.305],[-43.942,-14.305],[-43.952,-14.293],[-43.964,-14.285],[-43.98,-14.282],[-43.986,-14.267],[-44.015,-14.273],[-44.038,-14.282],[-44.057,-14.281],[-44.068,-14.279],[-44.076,-14.275],[-44.082,-14.275],[-44.09,-14.271],[-44.106,-14.267],[-44.124,-14.275],[-44.136,-14.274],[-44.162,-14.265],[-44.183,-14.258],[-44.209,-14.244],[-44.24,-14.24],[-44.238,-14.258],[-44.247,-14.26],[-44.274,-14.25],[-44.284,-14.247],[-44.309,-14.246],[-44.341,-14.256],[-44.349,-14.259],[-44.353,-14.261],[-44.373,-14.274],[-44.378,-14.276],[-44.394,-14.277],[-44.41,-14.282],[-44.461,-14.313],[-44.469,-14.316],[-44.483,-14.322],[-44.503,-14.322],[-44.51,-14.322],[-44.529,-14.328],[-44.55,-14.34],[-44.565,-14.345],[-44.573,-14.348],[-44.587,-14.356],[-44.615,-14.373],[-44.628,-14.382],[-44.643,-14.391],[-44.649,-14.397],[-44.663,-14.407],[-44.668,-14.423],[-44.688,-14.416],[-44.698,-14.432],[-44.71,-14.448],[-44.723,-14.449],[-44.743,-14.466],[-44.753,-14.475],[-44.76,-14.475],[-44.782,-14.482],[-44.794,-14.487],[-44.804,-14.496],[-44.813,-14.504],[-44.826,-14.513],[-44.836,-14.518],[-44.826,-14.534],[-44.839,-14.54],[-44.855,-14.562],[-44.85,-14.571],[-44.85,-14.577],[-44.876,-14.599],[-44.895,-14.604],[-44.908,-14.609],[-44.94,-14.627],[-44.943,-14.63],[-44.955,-14.637],[-44.976,-14.649],[-44.984,-14.654],[-44.996,-14.662],[-45.039,-14.688],[-45.046,-14.689],[-45.089,-14.75],[-45.166,-14.735],[-45.175,-14.741],[-45.19,-14.747],[-45.216,-14.757],[-45.242,-14.786],[-45.261,-14.797],[-45.274,-14.809],[-45.286,-14.821],[-45.293,-14.828],[-45.31,-14.836],[-45.314,-14.846],[-45.338,-14.861],[-45.352,-14.876],[-45.372,-14.881],[-45.399,-14.917],[-45.435,-14.922],[-45.449,-14.942],[-45.49,-14.96],[-45.514,-14.954],[-45.547,-14.939],[-45.588,-14.973],[-45.593,-14.975],[-45.602,-14.989],[-45.608,-14.996],[-45.643,-15.016],[-45.66,-15.038],[-45.678,-15.079],[-45.693,-15.084],[-45.71,-15.093],[-45.715,-15.101],[-45.721,-15.112],[-45.756,-15.118],[-45.804,-15.117],[-45.829,-15.12],[-45.835,-15.137],[-45.857,-15.148],[-45.953,-15.139],[-45.972,-15.169],[-45.976,-15.177],[-45.998,-15.197],[-46.03,-15.209],[-46.039,-15.223],[-46.052,-15.245],[-46.079,-15.254],[-46.092,-15.247],[-46.106,-15.21],[-46.092,-15.185],[-46.078,-15.175],[-46.044,-15.145],[-46.037,-15.116],[-46.019,-15.087],[-45.978,-14.998],[-45.971,-14.949],[-46.007,-14.925],[-46.033,-14.879],[-46.052,-14.831],[-46.02,-14.81],[-46.009,-14.774],[-46.007,-14.741],[-46.007,-14.731],[-46.007,-14.701],[-46.023,-14.673],[-46.012,-14.659],[-45.989,-14.659],[-45.991,-14.612],[-45.985,-14.573],[-45.991,-14.563],[-45.989,-14.55],[-45.979,-14.546],[-45.999,-14.521],[-45.999,-14.503],[-46.005,-14.481],[-46.009,-14.453],[-46.016,-14.419],[-45.975,-14.431],[-45.942,-14.416],[-45.922,-14.38],[-45.913,-14.347],[-45.946,-14.331],[-45.959,-14.304],[-45.978,-14.277],[-45.996,-14.257],[-46.025,-14.257],[-46.046,-14.244],[-46.052,-14.204],[-46.096,-14.205],[-46.114,-14.176],[-46.142,-14.156],[-46.197,-14.143],[-46.209,-14.119],[-46.265,-14.098],[-46.242,-14.092],[-46.242,-14.059],[-46.212,-14.022],[-46.218,-14.002],[-46.25,-13.954],[-46.262,-13.902],[-46.249,-13.83],[-46.266,-13.814],[-46.278,-13.791],[-46.226,-13.772],[-46.255,-13.748],[-46.238,-13.716],[-46.236,-13.708],[-46.26,-13.687],[-46.187,-13.617],[-46.184,-13.567],[-46.235,-13.562],[-46.23,-13.516],[-46.22,-13.487],[-46.218,-13.475],[-46.222,-13.448],[-46.242,-13.429],[-46.214,-13.4],[-46.17,-13.384],[-46.14,-13.377],[-46.126,-13.364],[-46.095,-13.333],[-46.052,-13.311],[-46.044,-13.29],[-46.112,-13.284],[-46.129,-13.29],[-46.218,-13.317],[-46.271,-13.345],[-46.288,-13.314],[-46.301,-13.284],[-46.301,-13.266],[-46.331,-13.249],[-46.313,-13.221],[-46.3,-13.193],[-46.304,-13.167],[-46.292,-13.147],[-46.308,-13.123],[-46.322,-13.098],[-46.296,-13.064],[-46.28,-13.043],[-46.275,-13.028],[-46.245,-12.997],[-46.232,-12.995],[-46.197,-12.996],[-46.174,-12.983],[-46.154,-12.976],[-46.125,-12.961],[-46.139,-12.909],[-46.266,-12.932],[-46.304,-12.949],[-46.29,-12.899],[-46.273,-12.847],[-46.274,-12.81],[-46.276,-12.776],[-46.279,-12.752],[-46.264,-12.717],[-46.293,-12.692],[-46.256,-12.656],[-46.29,-12.631],[-46.266,-12.572],[-46.201,-12.53],[-46.156,-12.521],[-46.159,-12.475],[-46.248,-12.495],[-46.25,-12.452],[-46.265,-12.412],[-46.292,-12.417],[-46.294,-12.384],[-46.318,-12.356],[-46.352,-12.337],[-46.342,-12.313],[-46.336,-12.297],[-46.375,-12.286],[-46.372,-12.259],[-46.36,-12.225],[-46.368,-12.199],[-46.383,-12.183],[-46.389,-12.166],[-46.37,-12.128],[-46.368,-12.098],[-46.381,-12.082],[-46.38,-12.062],[-46.396,-12.033],[-46.373,-12.009],[-46.343,-11.975],[-46.21,-11.93],[-46.171,-11.901],[-46.207,-11.893],[-46.275,-11.89],[-46.322,-11.897],[-46.374,-11.868],[-46.36,-11.839],[-46.351,-11.824],[-46.331,-11.803],[-46.324,-11.778],[-46.355,-11.756],[-46.329,-11.737],[-46.294,-11.678],[-46.315,-11.632],[-46.265,-11.624],[-46.18,-11.654],[-46.143,-11.652],[-46.083,-11.636],[-46.086,-11.622],[-46.157,-11.607],[-46.213,-11.595],[-46.264,-11.557],[-46.346,-11.544],[-46.399,-11.539],[-46.445,-11.514],[-46.479,-11.516],[-46.502,-11.499],[-46.525,-11.442],[-46.548,-11.408],[-46.586,-11.366],[-46.609,-11.308],[-46.599,-11.265],[-46.5,-11.207],[-46.453,-11.156],[-46.406,-11.019],[-46.378,-10.98],[-46.317,-10.927],[-46.283,-10.897],[-46.29,-10.847],[-46.229,-10.794],[-46.251,-10.757],[-46.188,-10.685],[-46.189,-10.631],[-46.156,-10.63],[-46.096,-10.604],[-46.059,-10.585],[-46.02,-10.539],[-45.988,-10.532],[-45.962,-10.509],[-45.888,-10.449],[-45.834,-10.44],[-45.825,-10.402],[-45.824,-10.366],[-45.738,-10.342],[-45.705,-10.27],[-45.699,-10.166],[-45.722,-10.155],[-45.686,-10.153],[-45.639,-10.126],[-45.579,-10.122],[-45.57,-10.184],[-45.526,-10.236],[-45.522,-10.276],[-45.491,-10.301],[-45.43,-10.359],[-45.43,-10.403],[-45.396,-10.446],[-45.447,-10.507],[-45.443,-10.549],[-45.431,-10.627],[-45.388,-10.65],[-45.289,-10.765],[-45.257,-10.811],[-45.219,-10.817],[-45.158,-10.838],[-45.116,-10.84],[-45.086,-10.84],[-45.016,-10.884],[-44.973,-10.893],[-44.901,-10.91],[-44.884,-10.902],[-44.855,-10.884],[-44.831,-10.885],[-44.813,-10.871],[-44.783,-10.806],[-44.757,-10.788],[-44.687,-10.769],[-44.662,-10.728],[-44.659,-10.678],[-44.612,-10.665],[-44.583,-10.629],[-44.518,-10.65],[-44.453,-10.607],[-44.401,-10.607],[-44.335,-10.549],[-44.303,-10.569],[-44.264,-10.624],[-44.208,-10.615],[-44.165,-10.642],[-44.13,-10.633],[-44.1,-10.591],[-44.073,-10.58],[-44.037,-10.489],[-44.029,-10.416],[-43.992,-10.412],[-43.941,-10.426],[-43.915,-10.418],[-43.898,-10.364],[-43.854,-10.32],[-43.834,-10.277],[-43.797,-10.208],[-43.767,-10.113],[-43.759,-10.074],[-43.691,-10.064],[-43.662,-10.004],[-43.684,-9.982],[-43.689,-9.939],[-43.706,-9.922],[-43.694,-9.891],[-43.665,-9.862],[-43.653,-9.839],[-43.688,-9.81],[-43.717,-9.802],[-43.761,-9.777],[-43.785,-9.762],[-43.798,-9.695],[-43.84,-9.626],[-43.836,-9.616],[-43.851,-9.555],[-43.799,-9.479],[-43.779,-9.45],[-43.624,-9.373],[-43.562,-9.313],[-43.506,-9.281],[-43.461,-9.261],[-43.404,-9.301],[-43.334,-9.369],[-43.299,-9.395],[-43.278,-9.424],[-43.247,-9.411],[-43.228,-9.402],[-43.198,-9.418],[-43.158,-9.377],[-43.133,-9.387],[-43.12,-9.372],[-43.095,-9.385],[-43.067,-9.394],[-43.057,-9.417],[-43.009,-9.409],[-42.983,-9.403],[-42.958,-9.428],[-42.962,-9.457],[-42.951,-9.497],[-42.928,-9.527],[-42.874,-9.562],[-42.845,-9.549],[-42.829,-9.581],[-42.821,-9.599],[-42.765,-9.616],[-42.743,-9.582],[-42.732,-9.569],[-42.71,-9.531],[-42.647,-9.542],[-42.603,-9.516],[-42.586,-9.496],[-42.549,-9.495],[-42.488,-9.477],[-42.452,-9.462],[-42.428,-9.439],[-42.398,-9.397],[-42.355,-9.349],[-42.319,-9.32],[-42.25,-9.294],[-42.218,-9.287],[-42.179,-9.285],[-42.062,-9.256],[-42.021,-9.25],[-41.958,-9.262],[-41.924,-9.277],[-41.902,-9.258],[-41.87,-9.237],[-41.838,-9.242],[-41.8,-9.148],[-41.735,-9.094],[-41.728,-9.02],[-41.68,-9.012],[-41.646,-8.987],[-41.621,-8.97],[-41.605,-8.957],[-41.567,-8.962],[-41.544,-8.938],[-41.523,-8.905],[-41.509,-8.883],[-41.494,-8.861],[-41.472,-8.843],[-41.428,-8.799],[-41.397,-8.736],[-41.379,-8.707],[-41.348,-8.715],[-41.302,-8.73],[-41.266,-8.727],[-41.239,-8.713],[-41.194,-8.707],[-41.182,-8.707],[-41.172,-8.707],[-41.12,-8.716],[-41.122,-8.724],[-41.124,-8.752],[-41.115,-8.764],[-41.104,-8.774],[-41.073,-8.784],[-41.054,-8.787],[-41.025,-8.807],[-41.005,-8.832],[-40.986,-8.827],[-40.958,-8.841],[-40.918,-8.842],[-40.896,-8.871],[-40.881,-8.915],[-40.861,-8.948],[-40.851,-8.985],[-40.833,-9.023],[-40.824,-9.052],[-40.819,-9.071],[-40.795,-9.098],[-40.783,-9.103],[-40.757,-9.113],[-40.707,-9.141],[-40.667,-9.159],[-40.677,-9.193],[-40.691,-9.234],[-40.68,-9.259],[-40.707,-9.287],[-40.729,-9.301],[-40.747,-9.307],[-40.737,-9.336],[-40.738,-9.355],[-40.742,-9.383],[-40.765,-9.413],[-40.771,-9.449],[-40.722,-9.446],[-40.594,-9.467],[-40.541,-9.429],[-40.51,-9.407],[-40.496,-9.409],[-40.468,-9.42],[-40.421,-9.352],[-40.371,-9.378],[-40.335,-9.327],[-40.285,-9.181],[-40.25,-9.06],[-40.227,-9.056],[-40.165,-9.106],[-40.065,-9.063],[-39.992,-9.059],[-39.903,-8.978],[-39.879,-8.902],[-39.894,-8.831],[-39.81,-8.816],[-39.705,-8.799],[-39.673,-8.783],[-39.675,-8.751],[-39.693,-8.68],[-39.653,-8.658],[-39.616,-8.656],[-39.564,-8.63],[-39.555,-8.622],[-39.518,-8.604],[-39.457,-8.569],[-39.427,-8.558],[-39.408,-8.538],[-39.357,-8.547],[-39.288,-8.563]],[[-39.576,-18.088],[-39.572,-18.091],[-39.573,-18.084],[-39.574,-18.081],[-39.581,-18.083],[-39.576,-18.088]]]]},"properties":{"id":5,"name":"Bahia","sigla":"BA","regiao_id":"4","codigo_ibg":"29","cartodb_id":5,"created_at":"2015-02-09T16:46:01Z","updated_at":"2015-02-09T16:46:01Z"}},{"type":"Feature","geometry":{"type":"MultiPolygon","coordinates":[[[[-40.018,-2.837],[-39.995,-2.846],[-39.986,-2.845],[-39.987,-2.842],[-39.953,-2.857],[-39.932,-2.867],[-39.909,-2.876],[-39.894,-2.883],[-39.832,-2.924],[-39.811,-2.935],[-39.783,-2.952],[-39.736,-2.986],[-39.724,-2.994],[-39.704,-2.998],[-39.681,-2.999],[-39.654,-3.023],[-39.638,-3.019],[-39.612,-3.039],[-39.581,-3.071],[-39.547,-3.083],[-39.521,-3.103],[-39.487,-3.118],[-39.465,-3.142],[-39.444,-3.145],[-39.425,-3.152],[-39.386,-3.183],[-39.365,-3.173],[-39.309,-3.207],[-39.279,-3.22],[-39.24,-3.235],[-39.17,-3.323],[-39.157,-3.334],[-39.136,-3.345],[-39.112,-3.347],[-39.103,-3.366],[-39.083,-3.393],[-39.07,-3.402],[-39.053,-3.409],[-39.021,-3.403],[-38.995,-3.397],[-38.949,-3.443],[-38.925,-3.481],[-38.909,-3.504],[-38.857,-3.536],[-38.836,-3.545],[-38.815,-3.543],[-38.793,-3.565],[-38.763,-3.604],[-38.739,-3.621],[-38.72,-3.628],[-38.689,-3.652],[-38.639,-3.687],[-38.608,-3.688],[-38.589,-3.692],[-38.566,-3.701],[-38.538,-3.716],[-38.522,-3.719],[-38.499,-3.725],[-38.477,-3.714],[-38.46,-3.726],[-38.435,-3.77],[-38.424,-3.787],[-38.398,-3.829],[-38.364,-3.881],[-38.343,-3.903],[-38.318,-3.926],[-38.303,-3.943],[-38.288,-3.941],[-38.249,-3.974],[-38.223,-4.006],[-38.198,-4.035],[-38.165,-4.076],[-38.144,-4.106],[-38.115,-4.148],[-38.071,-4.189],[-38.047,-4.214],[-38.002,-4.253],[-37.989,-4.261],[-37.973,-4.279],[-37.909,-4.336],[-37.881,-4.358],[-37.851,-4.379],[-37.81,-4.396],[-37.778,-4.403],[-37.763,-4.423],[-37.769,-4.426],[-37.74,-4.476],[-37.724,-4.502],[-37.7,-4.524],[-37.662,-4.564],[-37.628,-4.596],[-37.598,-4.621],[-37.562,-4.64],[-37.537,-4.643],[-37.495,-4.628],[-37.473,-4.649],[-37.446,-4.657],[-37.401,-4.675],[-37.376,-4.681],[-37.357,-4.69],[-37.342,-4.692],[-37.319,-4.707],[-37.287,-4.743],[-37.27,-4.788],[-37.256,-4.821],[-37.356,-4.861],[-37.466,-4.886],[-37.676,-5.05],[-37.724,-5.069],[-37.776,-5.187],[-37.783,-5.229],[-37.791,-5.262],[-37.783,-5.294],[-37.841,-5.337],[-37.859,-5.395],[-37.886,-5.445],[-37.898,-5.486],[-37.904,-5.501],[-37.944,-5.526],[-37.99,-5.555],[-38.01,-5.592],[-38.043,-5.641],[-38.082,-5.672],[-38.087,-5.73],[-38.057,-5.729],[-38.054,-5.745],[-38.104,-5.812],[-38.116,-5.848],[-38.146,-5.916],[-38.164,-5.93],[-38.165,-5.946],[-38.19,-5.957],[-38.244,-5.999],[-38.252,-6.043],[-38.265,-6.054],[-38.29,-6.073],[-38.336,-6.08],[-38.347,-6.08],[-38.372,-6.083],[-38.383,-6.065],[-38.383,-6.053],[-38.401,-6.053],[-38.447,-6.085],[-38.453,-6.106],[-38.476,-6.144],[-38.501,-6.191],[-38.528,-6.214],[-38.544,-6.245],[-38.578,-6.28],[-38.569,-6.3],[-38.581,-6.323],[-38.564,-6.352],[-38.572,-6.363],[-38.579,-6.375],[-38.602,-6.389],[-38.581,-6.401],[-38.552,-6.398],[-38.54,-6.4],[-38.537,-6.417],[-38.555,-6.437],[-38.57,-6.462],[-38.598,-6.502],[-38.616,-6.528],[-38.626,-6.553],[-38.632,-6.562],[-38.633,-6.59],[-38.646,-6.616],[-38.65,-6.628],[-38.647,-6.654],[-38.662,-6.674],[-38.673,-6.697],[-38.665,-6.724],[-38.652,-6.748],[-38.651,-6.758],[-38.629,-6.777],[-38.623,-6.791],[-38.636,-6.798],[-38.649,-6.808],[-38.677,-6.833],[-38.671,-6.845],[-38.692,-6.87],[-38.714,-6.882],[-38.728,-6.887],[-38.738,-6.899],[-38.761,-6.914],[-38.759,-6.925],[-38.756,-6.94],[-38.747,-6.96],[-38.757,-6.989],[-38.758,-6.998],[-38.73,-7.012],[-38.69,-7.033],[-38.669,-7.047],[-38.671,-7.07],[-38.656,-7.092],[-38.675,-7.155],[-38.687,-7.19],[-38.641,-7.187],[-38.619,-7.197],[-38.616,-7.226],[-38.6,-7.234],[-38.579,-7.247],[-38.553,-7.255],[-38.542,-7.267],[-38.54,-7.306],[-38.55,-7.328],[-38.576,-7.376],[-38.59,-7.401],[-38.585,-7.434],[-38.605,-7.444],[-38.645,-7.46],[-38.631,-7.485],[-38.647,-7.513],[-38.651,-7.527],[-38.656,-7.546],[-38.655,-7.565],[-38.685,-7.58],[-38.711,-7.586],[-38.718,-7.609],[-38.725,-7.628],[-38.735,-7.638],[-38.757,-7.658],[-38.785,-7.666],[-38.815,-7.664],[-38.815,-7.688],[-38.846,-7.72],[-38.875,-7.718],[-38.896,-7.748],[-38.917,-7.754],[-38.927,-7.753],[-38.941,-7.771],[-38.952,-7.81],[-38.961,-7.837],[-38.966,-7.845],[-39.001,-7.84],[-39.017,-7.814],[-39.064,-7.839],[-39.09,-7.841],[-39.091,-7.825],[-39.102,-7.771],[-39.146,-7.718],[-39.198,-7.694],[-39.233,-7.696],[-39.247,-7.705],[-39.248,-7.688],[-39.272,-7.66],[-39.307,-7.665],[-39.303,-7.642],[-39.288,-7.609],[-39.291,-7.599],[-39.313,-7.564],[-39.317,-7.541],[-39.364,-7.501],[-39.406,-7.474],[-39.479,-7.446],[-39.499,-7.419],[-39.57,-7.375],[-39.62,-7.334],[-39.662,-7.31],[-39.815,-7.328],[-39.851,-7.325],[-39.89,-7.339],[-39.915,-7.338],[-39.984,-7.394],[-40.023,-7.398],[-40.272,-7.392],[-40.319,-7.374],[-40.548,-7.392],[-40.524,-7.318],[-40.515,-7.273],[-40.494,-7.182],[-40.484,-7.133],[-40.469,-7.087],[-40.444,-7.056],[-40.427,-7.033],[-40.428,-7.018],[-40.411,-6.999],[-40.429,-6.952],[-40.433,-6.899],[-40.419,-6.859],[-40.386,-6.829],[-40.37,-6.803],[-40.416,-6.812],[-40.443,-6.789],[-40.458,-6.757],[-40.476,-6.734],[-40.632,-6.699],[-40.732,-6.654],[-40.745,-6.565],[-40.792,-6.512],[-40.796,-6.47],[-40.805,-6.393],[-40.779,-6.343],[-40.81,-6.287],[-40.847,-6.203],[-40.873,-6.056],[-40.902,-6.049],[-40.904,-6.02],[-40.874,-5.974],[-40.893,-5.884],[-40.909,-5.825],[-40.915,-5.735],[-40.93,-5.685],[-40.911,-5.656],[-40.904,-5.605],[-40.914,-5.567],[-40.936,-5.526],[-40.93,-5.505],[-40.918,-5.474],[-40.929,-5.444],[-40.925,-5.416],[-40.912,-5.403],[-40.928,-5.376],[-40.927,-5.345],[-40.917,-5.335],[-40.913,-5.308],[-40.924,-5.299],[-40.922,-5.284],[-40.918,-5.261],[-40.932,-5.247],[-40.93,-5.232],[-40.926,-5.214],[-40.931,-5.2],[-40.945,-5.166],[-40.973,-5.149],[-41.011,-5.123],[-41.026,-5.109],[-41.043,-5.094],[-41.08,-5.084],[-41.087,-5.073],[-41.097,-5.053],[-41.122,-5.008],[-41.137,-4.985],[-41.151,-4.992],[-41.203,-4.949],[-41.223,-4.926],[-41.237,-4.881],[-41.24,-4.839],[-41.232,-4.809],[-41.21,-4.783],[-41.24,-4.765],[-41.235,-4.746],[-41.208,-4.708],[-41.187,-4.66],[-41.198,-4.644],[-41.229,-4.62],[-41.221,-4.58],[-41.24,-4.568],[-41.211,-4.55],[-41.197,-4.522],[-41.187,-4.485],[-41.177,-4.441],[-41.137,-4.347],[-41.119,-4.313],[-41.099,-4.182],[-41.118,-4.165],[-41.13,-4.137],[-41.137,-4.119],[-41.114,-4.051],[-41.12,-4.036],[-41.171,-4.032],[-41.192,-4.02],[-41.203,-4.021],[-41.254,-4.035],[-41.243,-4.01],[-41.244,-3.979],[-41.229,-3.968],[-41.221,-3.936],[-41.245,-3.896],[-41.26,-3.864],[-41.27,-3.851],[-41.287,-3.822],[-41.3,-3.826],[-41.254,-3.775],[-41.254,-3.726],[-41.241,-3.711],[-41.284,-3.696],[-41.326,-3.687],[-41.343,-3.676],[-41.355,-3.585],[-41.37,-3.567],[-41.325,-3.536],[-41.322,-3.501],[-41.313,-3.489],[-41.328,-3.478],[-41.344,-3.44],[-41.356,-3.41],[-41.393,-3.399],[-41.4,-3.378],[-41.423,-3.368],[-41.403,-3.332],[-41.4,-3.319],[-41.325,-3.171],[-41.285,-3.113],[-41.268,-3.093],[-41.257,-3.071],[-41.256,-3.041],[-41.256,-3.018],[-41.269,-2.985],[-41.293,-2.968],[-41.323,-2.949],[-41.286,-2.9],[-41.258,-2.884],[-41.233,-2.889],[-41.183,-2.889],[-41.099,-2.896],[-41.085,-2.895],[-41.057,-2.896],[-40.962,-2.881],[-40.942,-2.872],[-40.908,-2.87],[-40.879,-2.862],[-40.867,-2.862],[-40.852,-2.865],[-40.834,-2.879],[-40.795,-2.869],[-40.776,-2.854],[-40.744,-2.851],[-40.683,-2.849],[-40.651,-2.849],[-40.587,-2.842],[-40.548,-2.823],[-40.519,-2.802],[-40.51,-2.787],[-40.47,-2.797],[-40.443,-2.808],[-40.392,-2.812],[-40.372,-2.81],[-40.26,-2.81],[-40.236,-2.812],[-40.206,-2.815],[-40.174,-2.823],[-40.132,-2.834],[-40.115,-2.826],[-40.079,-2.835],[-40.061,-2.837],[-40.043,-2.841],[-40.018,-2.837]]]]},"properties":{"id":6,"name":"Cear\u00e1","sigla":"CE","regiao_id":"4","codigo_ibg":"23","cartodb_id":6,"created_at":"2015-02-09T16:46:01Z","updated_at":"2015-02-09T16:46:01Z"}},{"type":"Feature","geometry":{"type":"MultiPolygon","coordinates":[[[[-40.724,-20.842],[-40.744,-20.848],[-40.761,-20.875],[-40.765,-20.889],[-40.773,-20.894],[-40.793,-20.923],[-40.81,-20.967],[-40.81,-20.995],[-40.806,-21.007],[-40.823,-21.043],[-40.838,-21.076],[-40.857,-21.128],[-40.884,-21.148],[-40.901,-21.163],[-40.933,-21.204],[-40.945,-21.224],[-40.958,-21.251],[-40.961,-21.266],[-40.96,-21.286],[-40.965,-21.295],[-40.976,-21.288],[-40.985,-21.286],[-41.002,-21.259],[-41.041,-21.255],[-41.072,-21.23],[-41.091,-21.221],[-41.112,-21.225],[-41.137,-21.227],[-41.161,-21.246],[-41.181,-21.24],[-41.186,-21.241],[-41.192,-21.242],[-41.212,-21.235],[-41.222,-21.23],[-41.234,-21.226],[-41.262,-21.236],[-41.271,-21.237],[-41.286,-21.237],[-41.311,-21.219],[-41.317,-21.217],[-41.326,-21.218],[-41.368,-21.203],[-41.381,-21.196],[-41.398,-21.2],[-41.409,-21.2],[-41.414,-21.201],[-41.448,-21.214],[-41.47,-21.201],[-41.488,-21.18],[-41.508,-21.176],[-41.531,-21.179],[-41.569,-21.179],[-41.584,-21.158],[-41.627,-21.145],[-41.646,-21.144],[-41.665,-21.132],[-41.672,-21.127],[-41.682,-21.121],[-41.705,-21.12],[-41.712,-21.114],[-41.717,-21.105],[-41.736,-21.102],[-41.729,-21.05],[-41.716,-21.047],[-41.723,-21.025],[-41.72,-21.013],[-41.715,-20.991],[-41.716,-20.975],[-41.733,-20.943],[-41.719,-20.897],[-41.723,-20.884],[-41.729,-20.87],[-41.737,-20.836],[-41.743,-20.825],[-41.75,-20.817],[-41.762,-20.807],[-41.775,-20.799],[-41.802,-20.805],[-41.811,-20.799],[-41.825,-20.788],[-41.866,-20.765],[-41.877,-20.756],[-41.856,-20.747],[-41.861,-20.722],[-41.861,-20.706],[-41.85,-20.692],[-41.839,-20.683],[-41.827,-20.656],[-41.816,-20.647],[-41.82,-20.637],[-41.825,-20.624],[-41.856,-20.614],[-41.841,-20.6],[-41.816,-20.553],[-41.811,-20.52],[-41.808,-20.504],[-41.799,-20.477],[-41.803,-20.429],[-41.849,-20.374],[-41.852,-20.348],[-41.836,-20.33],[-41.825,-20.319],[-41.807,-20.307],[-41.781,-20.292],[-41.779,-20.279],[-41.767,-20.229],[-41.765,-20.223],[-41.754,-20.206],[-41.411,-20.206],[-41.382,-20.188],[-41.367,-20.156],[-41.356,-20.135],[-41.35,-20.119],[-41.341,-20.087],[-41.331,-20.063],[-41.32,-20.044],[-41.308,-20.013],[-41.315,-19.975],[-41.3,-19.938],[-41.254,-19.932],[-41.233,-19.92],[-41.205,-19.902],[-41.184,-19.888],[-41.175,-19.839],[-41.166,-19.809],[-41.174,-19.767],[-41.179,-19.74],[-41.179,-19.719],[-41.171,-19.692],[-41.153,-19.663],[-41.129,-19.642],[-41.108,-19.638],[-41.092,-19.601],[-41.074,-19.598],[-41.056,-19.584],[-41.039,-19.549],[-41.041,-19.514],[-41.028,-19.498],[-40.971,-19.5],[-40.953,-19.473],[-40.955,-19.451],[-40.959,-19.439],[-40.962,-19.408],[-40.928,-19.381],[-40.939,-19.358],[-40.92,-19.319],[-40.916,-19.301],[-40.932,-19.296],[-40.938,-19.286],[-40.92,-19.271],[-40.928,-19.25],[-40.933,-19.242],[-40.931,-19.222],[-40.929,-19.197],[-40.935,-19.181],[-40.942,-19.161],[-40.944,-19.144],[-40.957,-19.135],[-40.969,-19.122],[-40.984,-19.1],[-41.004,-19.083],[-41.012,-19.075],[-41.035,-19.071],[-41.064,-19.052],[-41.066,-19.016],[-41.017,-18.976],[-41.038,-18.98],[-41.051,-18.966],[-41.067,-18.943],[-41.078,-18.947],[-41.096,-18.935],[-41.112,-18.922],[-41.12,-18.908],[-41.144,-18.885],[-41.158,-18.867],[-41.188,-18.863],[-41.21,-18.863],[-41.23,-18.858],[-41.241,-18.851],[-41.243,-18.843],[-41.232,-18.797],[-41.133,-18.799],[-41.119,-18.811],[-41.089,-18.839],[-40.971,-18.84],[-40.957,-18.835],[-40.944,-18.826],[-40.921,-18.799],[-40.94,-18.735],[-40.952,-18.68],[-40.988,-18.673],[-41.02,-18.654],[-41.03,-18.645],[-41.05,-18.634],[-41.039,-18.619],[-41.026,-18.528],[-41.024,-18.457],[-41.179,-18.44],[-41.153,-18.413],[-41.16,-18.402],[-41.148,-18.379],[-41.152,-18.335],[-41.146,-18.299],[-41.096,-18.255],[-41.102,-18.236],[-41.091,-18.228],[-41.096,-18.209],[-41.066,-18.181],[-41.054,-18.174],[-41.037,-18.168],[-41.028,-18.157],[-40.993,-18.166],[-40.978,-18.142],[-40.954,-18.154],[-40.95,-18.129],[-40.932,-18.136],[-40.904,-18.115],[-40.893,-18.118],[-40.88,-18.124],[-40.863,-18.139],[-40.849,-18.147],[-40.824,-18.149],[-40.771,-18.155],[-40.9,-17.984],[-40.878,-17.981],[-40.863,-17.988],[-40.83,-17.954],[-40.808,-17.952],[-40.795,-17.981],[-40.777,-17.982],[-40.76,-18.003],[-40.74,-18.004],[-40.711,-18.015],[-40.678,-18.012],[-40.666,-18.012],[-40.646,-17.993],[-40.614,-17.967],[-40.615,-17.943],[-40.587,-17.939],[-40.568,-17.916],[-40.518,-17.894],[-40.484,-17.908],[-40.459,-17.92],[-40.417,-17.927],[-40.386,-17.928],[-40.365,-17.922],[-40.346,-17.924],[-40.317,-17.939],[-40.3,-17.947],[-40.275,-17.962],[-40.255,-17.971],[-40.222,-17.98],[-39.689,-18.32],[-39.666,-18.332],[-39.681,-18.375],[-39.7,-18.415],[-39.716,-18.468],[-39.728,-18.5],[-39.732,-18.555],[-39.728,-18.586],[-39.733,-18.632],[-39.747,-18.706],[-39.748,-18.783],[-39.75,-18.845],[-39.745,-18.886],[-39.737,-18.963],[-39.732,-19.001],[-39.719,-19.096],[-39.711,-19.156],[-39.701,-19.224],[-39.689,-19.306],[-39.696,-19.367],[-39.715,-19.424],[-39.727,-19.459],[-39.748,-19.507],[-39.768,-19.552],[-39.806,-19.631],[-39.82,-19.654],[-39.876,-19.67],[-39.9,-19.681],[-39.944,-19.709],[-39.99,-19.745],[-40.026,-19.78],[-40.056,-19.819],[-40.057,-19.833],[-40.065,-19.856],[-40.083,-19.879],[-40.089,-19.893],[-40.093,-19.901],[-40.099,-19.918],[-40.12,-19.932],[-40.139,-19.949],[-40.13,-19.967],[-40.139,-19.977],[-40.147,-20.002],[-40.154,-20.013],[-40.159,-20.038],[-40.19,-20.056],[-40.172,-20.093],[-40.174,-20.12],[-40.184,-20.161],[-40.188,-20.18],[-40.195,-20.209],[-40.223,-20.251],[-40.238,-20.28],[-40.254,-20.289],[-40.263,-20.267],[-40.286,-20.277],[-40.289,-20.293],[-40.284,-20.299],[-40.283,-20.305],[-40.28,-20.307],[-40.289,-20.323],[-40.269,-20.324],[-40.275,-20.33],[-40.277,-20.332],[-40.285,-20.352],[-40.324,-20.42],[-40.322,-20.429],[-40.349,-20.477],[-40.358,-20.518],[-40.377,-20.537],[-40.402,-20.586],[-40.417,-20.618],[-40.424,-20.635],[-40.44,-20.635],[-40.445,-20.631],[-40.469,-20.633],[-40.464,-20.646],[-40.477,-20.654],[-40.494,-20.662],[-40.496,-20.672],[-40.509,-20.689],[-40.522,-20.719],[-40.521,-20.73],[-40.533,-20.74],[-40.549,-20.741],[-40.573,-20.77],[-40.577,-20.786],[-40.581,-20.802],[-40.594,-20.803],[-40.615,-20.821],[-40.627,-20.841],[-40.631,-20.823],[-40.638,-20.811],[-40.654,-20.803],[-40.647,-20.789],[-40.657,-20.798],[-40.655,-20.81],[-40.666,-20.815],[-40.671,-20.818],[-40.685,-20.826],[-40.712,-20.841],[-40.724,-20.842]],[[-40.527,-20.655],[-40.528,-20.669],[-40.523,-20.666],[-40.517,-20.665],[-40.512,-20.667],[-40.508,-20.669],[-40.505,-20.671],[-40.503,-20.666],[-40.515,-20.663],[-40.52,-20.662],[-40.524,-20.663],[-40.527,-20.655]],[[-40.536,-20.685],[-40.521,-20.685],[-40.541,-20.674],[-40.536,-20.685]]]]},"properties":{"id":8,"name":"Esp\u00edrito Santo","sigla":"ES","regiao_id":"2","codigo_ibg":"32","cartodb_id":8,"created_at":"2015-02-09T16:46:01Z","updated_at":"2015-02-09T16:46:01Z"}},{"type":"Feature","geometry":{"type":"MultiPolygon","coordinates":[[[[-50.158,-12.412],[-50.184,-12.455],[-50.216,-12.485],[-50.222,-12.543],[-50.206,-12.56],[-50.203,-12.564],[-50.232,-12.581],[-50.237,-12.624],[-50.257,-12.635],[-50.267,-12.659],[-50.272,-12.683],[-50.286,-12.682],[-50.295,-12.677],[-50.299,-12.707],[-50.292,-12.737],[-50.297,-12.751],[-50.304,-12.774],[-50.306,-12.805],[-50.292,-12.839],[-50.274,-12.844],[-50.263,-12.847],[-50.251,-12.851],[-50.239,-12.855],[-50.231,-12.858],[-50.213,-12.878],[-50.204,-12.885],[-50.195,-12.89],[-50.176,-12.892],[-50.16,-12.893],[-50.126,-12.905],[-50.103,-12.908],[-50.062,-12.919],[-50.038,-12.935],[-50.003,-12.933],[-49.978,-12.939],[-49.939,-12.957],[-49.827,-13.019],[-49.608,-13.143],[-49.342,-13.255],[-49.348,-13.212],[-49.347,-13.187],[-49.354,-13.153],[-49.344,-13.117],[-49.337,-13.066],[-49.283,-12.991],[-49.279,-12.976],[-49.257,-12.941],[-49.249,-12.902],[-49.228,-12.878],[-49.211,-12.878],[-49.193,-12.857],[-49.16,-12.831],[-49.144,-12.817],[-49.11,-12.821],[-49.083,-12.845],[-49.073,-12.869],[-49.08,-12.884],[-49.085,-12.894],[-49.051,-12.91],[-49.024,-12.906],[-49.004,-12.932],[-48.975,-12.957],[-48.868,-12.815],[-48.862,-12.809],[-48.846,-12.809],[-48.845,-12.84],[-48.825,-12.845],[-48.813,-12.86],[-48.805,-12.867],[-48.786,-12.885],[-48.763,-12.902],[-48.748,-12.917],[-48.739,-12.946],[-48.734,-12.975],[-48.712,-12.999],[-48.694,-12.998],[-48.683,-12.993],[-48.657,-13.005],[-48.647,-13.01],[-48.627,-13.052],[-48.602,-13.06],[-48.596,-13.078],[-48.588,-13.099],[-48.585,-13.106],[-48.582,-13.141],[-48.586,-13.159],[-48.583,-13.18],[-48.582,-13.209],[-48.586,-13.225],[-48.593,-13.25],[-48.6,-13.295],[-48.565,-13.31],[-48.559,-13.274],[-48.555,-13.237],[-48.553,-13.225],[-48.53,-13.192],[-48.522,-13.14],[-48.495,-13.136],[-48.479,-13.133],[-48.475,-13.191],[-48.471,-13.211],[-48.475,-13.235],[-48.459,-13.247],[-48.456,-13.259],[-48.446,-13.283],[-48.43,-13.28],[-48.42,-13.273],[-48.404,-13.269],[-48.388,-13.261],[-48.379,-13.255],[-48.371,-13.249],[-48.349,-13.246],[-48.343,-13.241],[-48.33,-13.232],[-48.307,-13.235],[-48.307,-13.227],[-48.293,-13.215],[-48.288,-13.205],[-48.28,-13.206],[-48.263,-13.197],[-48.242,-13.187],[-48.231,-13.168],[-48.211,-13.174],[-48.173,-13.148],[-48.158,-13.157],[-48.154,-13.165],[-48.163,-13.184],[-48.153,-13.219],[-48.162,-13.247],[-48.165,-13.305],[-48.156,-13.303],[-48.113,-13.292],[-48.093,-13.286],[-48.078,-13.277],[-48.072,-13.267],[-48.071,-13.24],[-48.056,-13.247],[-48.033,-13.254],[-48.032,-13.274],[-47.992,-13.276],[-47.972,-13.3],[-47.952,-13.31],[-47.935,-13.29],[-47.903,-13.302],[-47.893,-13.307],[-47.87,-13.319],[-47.844,-13.318],[-47.8,-13.333],[-47.667,-13.436],[-47.654,-13.415],[-47.638,-13.391],[-47.622,-13.367],[-47.655,-13.32],[-47.657,-13.299],[-47.64,-13.263],[-47.657,-13.234],[-47.658,-13.219],[-47.663,-13.207],[-47.663,-13.201],[-47.663,-13.195],[-47.67,-13.168],[-47.651,-13.15],[-47.649,-13.139],[-47.65,-13.133],[-47.634,-13.104],[-47.618,-13.104],[-47.561,-13.124],[-47.535,-13.185],[-47.509,-13.189],[-47.478,-13.185],[-47.465,-13.227],[-47.431,-13.238],[-47.434,-13.268],[-47.397,-13.261],[-47.389,-13.241],[-47.368,-13.236],[-47.337,-13.246],[-47.311,-13.251],[-47.286,-13.257],[-47.267,-13.247],[-47.252,-13.235],[-47.231,-13.203],[-47.212,-13.193],[-47.181,-13.201],[-47.162,-13.205],[-47.135,-13.189],[-47.109,-13.171],[-47.102,-13.174],[-47.09,-13.174],[-47.081,-13.167],[-47.069,-13.155],[-47.047,-13.157],[-47.035,-13.15],[-47.021,-13.143],[-47.005,-13.132],[-46.988,-13.124],[-46.963,-13.112],[-46.942,-13.098],[-46.917,-13.075],[-46.878,-13.05],[-46.871,-13.06],[-46.855,-13.063],[-46.847,-13.053],[-46.836,-13.034],[-46.818,-13.014],[-46.633,-12.97],[-46.453,-12.964],[-46.437,-12.935],[-46.417,-12.823],[-46.407,-12.839],[-46.398,-12.851],[-46.374,-12.857],[-46.369,-12.877],[-46.367,-12.888],[-46.366,-12.904],[-46.368,-12.938],[-46.37,-12.97],[-46.363,-12.991],[-46.32,-12.98],[-46.278,-12.97],[-46.223,-12.957],[-46.177,-12.939],[-46.119,-12.925],[-46.132,-12.963],[-46.159,-12.976],[-46.177,-12.984],[-46.212,-13.003],[-46.239,-12.999],[-46.253,-13.006],[-46.28,-13.033],[-46.29,-13.052],[-46.296,-13.064],[-46.318,-13.103],[-46.302,-13.125],[-46.293,-13.151],[-46.314,-13.178],[-46.304,-13.205],[-46.314,-13.225],[-46.33,-13.252],[-46.301,-13.269],[-46.315,-13.303],[-46.283,-13.333],[-46.269,-13.346],[-46.211,-13.318],[-46.128,-13.289],[-46.063,-13.261],[-46.048,-13.309],[-46.057,-13.314],[-46.102,-13.344],[-46.127,-13.366],[-46.143,-13.378],[-46.181,-13.387],[-46.216,-13.405],[-46.242,-13.437],[-46.213,-13.457],[-46.225,-13.476],[-46.222,-13.497],[-46.241,-13.525],[-46.228,-13.569],[-46.164,-13.584],[-46.214,-13.632],[-46.256,-13.693],[-46.237,-13.711],[-46.239,-13.716],[-46.248,-13.747],[-46.228,-13.774],[-46.282,-13.796],[-46.271,-13.821],[-46.235,-13.844],[-46.262,-13.928],[-46.221,-13.972],[-46.217,-14.005],[-46.225,-14.04],[-46.232,-14.056],[-46.247,-14.093],[-46.256,-14.104],[-46.202,-14.119],[-46.191,-14.147],[-46.133,-14.153],[-46.116,-14.187],[-46.091,-14.205],[-46.057,-14.221],[-46.042,-14.244],[-46.021,-14.26],[-45.991,-14.262],[-45.976,-14.277],[-45.954,-14.325],[-45.943,-14.342],[-45.907,-14.353],[-45.926,-14.386],[-45.95,-14.416],[-45.998,-14.429],[-46.007,-14.428],[-46.012,-14.454],[-45.997,-14.487],[-46.001,-14.504],[-45.994,-14.524],[-45.99,-14.543],[-45.989,-14.55],[-45.995,-14.566],[-45.989,-14.589],[-45.984,-14.62],[-46.0,-14.664],[-46.021,-14.664],[-46.025,-14.678],[-46.006,-14.701],[-46.008,-14.731],[-46.007,-14.762],[-46.009,-14.774],[-46.023,-14.818],[-46.044,-14.842],[-46.052,-14.885],[-46.07,-14.908],[-46.11,-14.937],[-46.135,-14.924],[-46.159,-14.913],[-46.176,-14.949],[-46.215,-14.943],[-46.241,-14.921],[-46.286,-14.928],[-46.3,-14.91],[-46.316,-14.882],[-46.31,-14.855],[-46.32,-14.836],[-46.334,-14.812],[-46.355,-14.794],[-46.367,-14.789],[-46.386,-14.777],[-46.429,-14.752],[-46.462,-14.731],[-46.474,-14.705],[-46.5,-14.705],[-46.507,-14.732],[-46.537,-14.747],[-46.55,-14.774],[-46.563,-14.799],[-46.538,-14.828],[-46.53,-14.883],[-46.543,-14.933],[-46.53,-14.96],[-46.527,-14.988],[-46.502,-15.052],[-46.532,-15.056],[-46.582,-15.082],[-46.605,-15.086],[-46.642,-15.086],[-46.726,-15.039],[-46.822,-15.01],[-46.874,-15.025],[-46.926,-15.073],[-46.889,-15.111],[-46.916,-15.167],[-46.935,-15.212],[-46.927,-15.255],[-46.89,-15.259],[-46.873,-15.285],[-46.861,-15.351],[-46.849,-15.373],[-46.944,-15.518],[-46.919,-15.588],[-46.854,-15.62],[-46.853,-15.649],[-46.827,-15.739],[-46.821,-15.814],[-46.819,-15.831],[-46.808,-15.874],[-46.957,-15.916],[-47.108,-15.956],[-47.134,-15.95],[-47.135,-15.928],[-47.145,-15.932],[-47.157,-15.941],[-47.167,-15.962],[-47.18,-15.972],[-47.182,-15.977],[-47.195,-15.981],[-47.207,-15.987],[-47.219,-16.014],[-47.228,-16.012],[-47.238,-16.013],[-47.261,-16.014],[-47.287,-16.009],[-47.299,-16.026],[-47.319,-16.036],[-47.324,-16.029],[-47.335,-16.016],[-47.337,-16.012],[-47.347,-16.006],[-47.368,-16.001],[-47.371,-15.98],[-47.373,-15.966],[-47.374,-15.961],[-47.372,-15.936],[-47.36,-15.931],[-47.363,-15.909],[-47.375,-15.896],[-47.369,-15.865],[-47.367,-15.853],[-47.366,-15.828],[-47.353,-15.822],[-47.347,-15.807],[-47.338,-15.794],[-47.329,-15.779],[-47.319,-15.755],[-47.317,-15.734],[-47.317,-15.725],[-47.312,-15.694],[-47.331,-15.681],[-47.326,-15.648],[-47.322,-15.598],[-47.341,-15.583],[-47.374,-15.578],[-47.389,-15.567],[-47.417,-15.546],[-47.461,-15.5],[-47.619,-15.5],[-48.197,-15.501],[-48.209,-15.622],[-48.236,-15.659],[-48.206,-15.728],[-48.226,-15.771],[-48.242,-15.798],[-48.286,-15.841],[-48.278,-15.874],[-48.277,-15.891],[-48.273,-15.921],[-48.263,-15.93],[-48.252,-15.943],[-48.261,-15.967],[-48.272,-16.008],[-48.268,-16.051],[-48.051,-16.051],[-47.814,-16.05],[-47.463,-16.05],[-47.318,-16.05],[-47.31,-16.067],[-47.311,-16.088],[-47.329,-16.09],[-47.331,-16.102],[-47.338,-16.114],[-47.344,-16.13],[-47.344,-16.148],[-47.343,-16.156],[-47.341,-16.163],[-47.335,-16.181],[-47.331,-16.189],[-47.336,-16.201],[-47.33,-16.214],[-47.33,-16.248],[-47.335,-16.258],[-47.349,-16.288],[-47.358,-16.311],[-47.375,-16.34],[-47.417,-16.381],[-47.423,-16.42],[-47.429,-16.442],[-47.447,-16.464],[-47.454,-16.488],[-47.447,-16.517],[-47.438,-16.542],[-47.434,-16.544],[-47.42,-16.551],[-47.412,-16.559],[-47.41,-16.562],[-47.4,-16.572],[-47.396,-16.58],[-47.376,-16.58],[-47.364,-16.594],[-47.342,-16.593],[-47.334,-16.607],[-47.327,-16.61],[-47.32,-16.618],[-47.305,-16.626],[-47.294,-16.626],[-47.286,-16.635],[-47.281,-16.646],[-47.272,-16.663],[-47.259,-16.655],[-47.248,-16.675],[-47.253,-16.685],[-47.251,-16.705],[-47.227,-16.713],[-47.231,-16.734],[-47.232,-16.765],[-47.222,-16.778],[-47.217,-16.803],[-47.208,-16.82],[-47.193,-16.825],[-47.2,-16.86],[-47.201,-16.875],[-47.198,-16.882],[-47.202,-16.89],[-47.189,-16.905],[-47.16,-16.922],[-47.168,-16.941],[-47.159,-16.944],[-47.154,-16.957],[-47.144,-16.965],[-47.136,-16.992],[-47.14,-17.004],[-47.142,-17.009],[-47.149,-17.024],[-47.155,-17.026],[-47.16,-17.03],[-47.166,-17.04],[-47.172,-17.044],[-47.182,-17.051],[-47.187,-17.057],[-47.196,-17.061],[-47.198,-17.072],[-47.21,-17.073],[-47.223,-17.08],[-47.234,-17.082],[-47.229,-17.089],[-47.247,-17.081],[-47.255,-17.096],[-47.265,-17.108],[-47.282,-17.114],[-47.277,-17.123],[-47.283,-17.13],[-47.304,-17.146],[-47.309,-17.152],[-47.331,-17.159],[-47.348,-17.176],[-47.342,-17.189],[-47.363,-17.186],[-47.351,-17.205],[-47.362,-17.222],[-47.378,-17.22],[-47.386,-17.239],[-47.396,-17.242],[-47.408,-17.257],[-47.416,-17.265],[-47.432,-17.283],[-47.42,-17.301],[-47.421,-17.316],[-47.441,-17.323],[-47.45,-17.336],[-47.46,-17.344],[-47.488,-17.349],[-47.498,-17.335],[-47.504,-17.337],[-47.514,-17.357],[-47.53,-17.377],[-47.529,-17.388],[-47.531,-17.403],[-47.537,-17.408],[-47.527,-17.424],[-47.527,-17.432],[-47.541,-17.454],[-47.512,-17.473],[-47.502,-17.516],[-47.477,-17.511],[-47.447,-17.531],[-47.384,-17.514],[-47.345,-17.526],[-47.31,-17.552],[-47.275,-17.597],[-47.268,-17.637],[-47.275,-17.66],[-47.294,-17.684],[-47.301,-17.691],[-47.317,-17.726],[-47.338,-17.754],[-47.343,-17.775],[-47.354,-17.787],[-47.353,-17.804],[-47.35,-17.811],[-47.364,-17.823],[-47.359,-17.866],[-47.358,-17.887],[-47.344,-17.909],[-47.339,-17.928],[-47.323,-17.957],[-47.321,-17.979],[-47.315,-17.995],[-47.296,-18.013],[-47.286,-18.042],[-47.283,-18.058],[-47.305,-18.065],[-47.322,-18.069],[-47.361,-18.096],[-47.365,-18.107],[-47.389,-18.119],[-47.401,-18.129],[-47.396,-18.137],[-47.413,-18.146],[-47.427,-18.161],[-47.451,-18.159],[-47.48,-18.177],[-47.484,-18.193],[-47.505,-18.192],[-47.53,-18.217],[-47.54,-18.217],[-47.557,-18.208],[-47.581,-18.224],[-47.581,-18.235],[-47.605,-18.251],[-47.615,-18.26],[-47.619,-18.271],[-47.628,-18.301],[-47.624,-18.322],[-47.646,-18.339],[-47.67,-18.357],[-47.686,-18.362],[-47.714,-18.368],[-47.736,-18.378],[-47.747,-18.41],[-47.767,-18.416],[-47.798,-18.416],[-47.809,-18.4],[-47.832,-18.428],[-47.838,-18.451],[-47.86,-18.443],[-47.873,-18.459],[-47.868,-18.474],[-47.887,-18.472],[-47.919,-18.468],[-47.939,-18.488],[-47.954,-18.5],[-47.976,-18.477],[-47.976,-18.452],[-48.006,-18.454],[-48.039,-18.433],[-48.061,-18.413],[-48.095,-18.428],[-48.15,-18.395],[-48.171,-18.374],[-48.227,-18.357],[-48.262,-18.331],[-48.288,-18.348],[-48.304,-18.383],[-48.4,-18.371],[-48.413,-18.356],[-48.441,-18.36],[-48.485,-18.373],[-48.492,-18.353],[-48.549,-18.35],[-48.561,-18.323],[-48.633,-18.327],[-48.668,-18.345],[-48.703,-18.347],[-48.743,-18.348],[-48.773,-18.354],[-48.816,-18.379],[-48.872,-18.332],[-48.907,-18.316],[-48.959,-18.323],[-48.984,-18.341],[-48.99,-18.358],[-49.005,-18.374],[-49.042,-18.376],[-49.081,-18.413],[-49.098,-18.403],[-49.107,-18.388],[-49.156,-18.408],[-49.205,-18.411],[-49.196,-18.438],[-49.215,-18.466],[-49.271,-18.527],[-49.303,-18.566],[-49.343,-18.598],[-49.378,-18.642],[-49.432,-18.606],[-49.486,-18.525],[-49.494,-18.496],[-49.546,-18.508],[-49.547,-18.537],[-49.575,-18.542],[-49.628,-18.552],[-49.64,-18.584],[-49.662,-18.594],[-49.705,-18.595],[-49.741,-18.615],[-49.77,-18.612],[-49.794,-18.643],[-49.849,-18.625],[-49.87,-18.617],[-49.885,-18.61],[-49.918,-18.622],[-49.976,-18.611],[-50.028,-18.601],[-50.05,-18.643],[-50.08,-18.672],[-50.217,-18.68],[-50.269,-18.684],[-50.323,-18.712],[-50.385,-18.817],[-50.421,-18.831],[-50.469,-18.918],[-50.509,-18.937],[-50.499,-19.008],[-50.502,-19.04],[-50.54,-19.102],[-50.578,-19.129],[-50.671,-19.135],[-50.672,-19.163],[-50.733,-19.186],[-50.747,-19.235],[-50.817,-19.289],[-50.836,-19.335],[-50.872,-19.406],[-50.838,-19.457],[-50.842,-19.499],[-50.946,-19.452],[-50.985,-19.42],[-51.003,-19.407],[-51.015,-19.402],[-51.022,-19.388],[-51.036,-19.361],[-51.05,-19.335],[-51.067,-19.33],[-51.087,-19.314],[-51.093,-19.307],[-51.126,-19.303],[-51.168,-19.287],[-51.187,-19.268],[-51.207,-19.265],[-51.23,-19.264],[-51.246,-19.266],[-51.274,-19.262],[-51.284,-19.251],[-51.303,-19.223],[-51.335,-19.222],[-51.366,-19.222],[-51.37,-19.207],[-51.395,-19.196],[-51.406,-19.176],[-51.425,-19.165],[-51.443,-19.165],[-51.458,-19.167],[-51.481,-19.159],[-51.501,-19.147],[-51.527,-19.139],[-51.545,-19.141],[-51.576,-19.132],[-51.595,-19.133],[-51.613,-19.136],[-51.639,-19.127],[-51.699,-19.119],[-51.705,-19.106],[-51.728,-19.108],[-51.734,-19.099],[-51.743,-19.087],[-51.776,-19.077],[-51.789,-19.074],[-51.797,-19.069],[-51.818,-19.053],[-51.84,-19.049],[-51.85,-19.045],[-51.872,-19.03],[-51.883,-19.019],[-51.898,-18.994],[-51.914,-18.983],[-51.926,-18.976],[-51.952,-18.974],[-51.968,-18.966],[-51.978,-18.98],[-51.995,-18.973],[-52.007,-18.972],[-52.019,-18.967],[-52.035,-18.959],[-52.045,-18.95],[-52.066,-18.953],[-52.088,-18.935],[-52.102,-18.922],[-52.106,-18.905],[-52.131,-18.897],[-52.157,-18.888],[-52.165,-18.876],[-52.172,-18.862],[-52.179,-18.855],[-52.197,-18.85],[-52.204,-18.848],[-52.219,-18.842],[-52.263,-18.827],[-52.298,-18.836],[-52.337,-18.821],[-52.351,-18.81],[-52.369,-18.799],[-52.375,-18.791],[-52.379,-18.787],[-52.399,-18.765],[-52.409,-18.755],[-52.425,-18.731],[-52.475,-18.685],[-52.522,-18.664],[-52.555,-18.661],[-52.588,-18.684],[-52.622,-18.689],[-52.643,-18.688],[-52.697,-18.684],[-52.732,-18.689],[-52.773,-18.681],[-52.821,-18.67],[-52.839,-18.667],[-52.914,-18.64],[-52.914,-18.619],[-52.935,-18.602],[-52.951,-18.576],[-52.964,-18.55],[-52.908,-18.489],[-52.873,-18.428],[-52.78,-18.386],[-52.766,-18.339],[-52.821,-18.311],[-52.923,-18.299],[-52.979,-18.304],[-53.015,-18.329],[-53.044,-18.343],[-53.101,-18.31],[-53.11,-18.248],[-53.129,-18.138],[-53.125,-18.06],[-53.071,-18.039],[-53.085,-17.961],[-53.132,-17.891],[-53.136,-17.837],[-53.169,-17.77],[-53.182,-17.75],[-53.189,-17.745],[-53.196,-17.736],[-53.236,-17.707],[-53.24,-17.694],[-53.24,-17.68],[-53.24,-17.667],[-53.248,-17.655],[-53.247,-17.623],[-53.242,-17.601],[-53.24,-17.586],[-53.241,-17.575],[-53.242,-17.567],[-53.244,-17.549],[-53.243,-17.533],[-53.241,-17.51],[-53.239,-17.499],[-53.223,-17.458],[-53.233,-17.44],[-53.221,-17.414],[-53.215,-17.405],[-53.208,-17.393],[-53.203,-17.39],[-53.206,-17.371],[-53.203,-17.362],[-53.2,-17.352],[-53.204,-17.341],[-53.217,-17.326],[-53.213,-17.308],[-53.208,-17.285],[-53.198,-17.26],[-53.175,-17.24],[-53.165,-17.22],[-53.156,-17.188],[-53.145,-17.169],[-53.138,-17.161],[-53.13,-17.149],[-53.115,-17.125],[-53.119,-17.113],[-53.099,-17.106],[-53.087,-17.098],[-53.085,-17.093],[-53.079,-17.088],[-53.074,-17.082],[-53.072,-17.077],[-53.062,-17.071],[-53.066,-17.054],[-53.063,-17.045],[-53.065,-17.039],[-53.061,-17.02],[-53.062,-17.012],[-53.049,-16.992],[-53.051,-16.961],[-53.042,-16.946],[-53.036,-16.931],[-53.029,-16.909],[-53.016,-16.884],[-53.014,-16.877],[-53.014,-16.864],[-52.998,-16.865],[-52.964,-16.867],[-52.953,-16.86],[-52.95,-16.856],[-52.947,-16.845],[-52.932,-16.835],[-52.932,-16.802],[-52.926,-16.817],[-52.906,-16.798],[-52.894,-16.785],[-52.863,-16.774],[-52.852,-16.771],[-52.831,-16.769],[-52.807,-16.741],[-52.785,-16.741],[-52.772,-16.707],[-52.762,-16.672],[-52.749,-16.658],[-52.748,-16.638],[-52.732,-16.634],[-52.737,-16.613],[-52.737,-16.591],[-52.706,-16.598],[-52.691,-16.582],[-52.672,-16.574],[-52.664,-16.565],[-52.656,-16.557],[-52.648,-16.546],[-52.626,-16.533],[-52.637,-16.502],[-52.605,-16.482],[-52.604,-16.464],[-52.621,-16.457],[-52.638,-16.437],[-52.643,-16.412],[-52.688,-16.396],[-52.692,-16.368],[-52.682,-16.343],[-52.681,-16.303],[-52.647,-16.285],[-52.61,-16.272],[-52.58,-16.251],[-52.555,-16.265],[-52.569,-16.23],[-52.549,-16.203],[-52.543,-16.18],[-52.527,-16.156],[-52.513,-16.133],[-52.488,-16.13],[-52.437,-16.11],[-52.369,-16.092],[-52.35,-16.084],[-52.323,-16.037],[-52.29,-15.985],[-52.265,-15.947],[-52.258,-15.932],[-52.252,-15.893],[-52.21,-15.889],[-52.108,-15.882],[-52.091,-15.882],[-52.002,-15.879],[-51.959,-15.84],[-51.946,-15.81],[-51.881,-15.826],[-51.866,-15.794],[-51.835,-15.75],[-51.817,-15.732],[-51.762,-15.645],[-51.761,-15.531],[-51.727,-15.55],[-51.735,-15.51],[-51.699,-15.473],[-51.694,-15.421],[-51.671,-15.371],[-51.688,-15.308],[-51.646,-15.268],[-51.668,-15.246],[-51.652,-15.179],[-51.598,-15.155],[-51.552,-15.105],[-51.512,-15.054],[-51.441,-15.03],[-51.37,-15.009],[-51.349,-14.99],[-51.31,-14.98],[-51.298,-15.023],[-51.198,-15.004],[-51.146,-14.959],[-51.083,-14.906],[-51.086,-14.862],[-51.043,-14.788],[-51.053,-14.746],[-51.026,-14.665],[-50.995,-14.582],[-50.972,-14.5],[-50.981,-14.462],[-50.992,-14.428],[-50.985,-14.358],[-50.961,-14.249],[-50.913,-14.169],[-50.913,-14.111],[-50.88,-14.126],[-50.842,-14.105],[-50.849,-14.0],[-50.85,-13.945],[-50.843,-13.915],[-50.841,-13.862],[-50.855,-13.802],[-50.866,-13.726],[-50.822,-13.713],[-50.774,-13.608],[-50.715,-13.491],[-50.683,-13.444],[-50.668,-13.401],[-50.65,-13.364],[-50.624,-13.334],[-50.605,-13.277],[-50.586,-13.212],[-50.6,-13.177],[-50.61,-13.063],[-50.576,-13.051],[-50.587,-13.024],[-50.565,-13.003],[-50.534,-12.979],[-50.52,-12.929],[-50.509,-12.894],[-50.495,-12.842],[-50.491,-12.814],[-50.493,-12.785],[-50.477,-12.76],[-50.483,-12.752],[-50.468,-12.736],[-50.478,-12.71],[-50.441,-12.697],[-50.436,-12.678],[-50.437,-12.661],[-50.434,-12.651],[-50.425,-12.644],[-50.418,-12.624],[-50.391,-12.606],[-50.382,-12.577],[-50.368,-12.565],[-50.358,-12.553],[-50.352,-12.542],[-50.344,-12.533],[-50.334,-12.52],[-50.318,-12.509],[-50.296,-12.491],[-50.277,-12.479],[-50.23,-12.455],[-50.215,-12.441],[-50.184,-12.43],[-50.196,-12.413],[-50.175,-12.423],[-50.142,-12.396],[-50.158,-12.412]]]]},"properties":{"id":9,"name":"Goi\u00e1s","sigla":"GO","regiao_id":"5","codigo_ibg":"52","cartodb_id":9,"created_at":"2015-02-09T16:46:01Z","updated_at":"2015-02-09T16:46:01Z"}},{"type":"Feature","geometry":{"type":"MultiPolygon","coordinates":[[[[-47.031,-8.985],[-47.013,-8.966],[-47.011,-8.946],[-46.997,-8.932],[-46.97,-8.914],[-46.986,-8.898],[-46.992,-8.879],[-46.959,-8.875],[-46.918,-8.843],[-46.913,-8.835],[-46.913,-8.822],[-46.906,-8.796],[-46.911,-8.768],[-46.918,-8.751],[-46.922,-8.727],[-46.914,-8.712],[-46.89,-8.691],[-46.895,-8.659],[-46.902,-8.653],[-46.911,-8.639],[-46.907,-8.619],[-46.901,-8.613],[-46.902,-8.603],[-46.909,-8.598],[-46.913,-8.586],[-46.897,-8.583],[-46.889,-8.576],[-46.882,-8.567],[-46.874,-8.557],[-46.858,-8.551],[-46.847,-8.533],[-46.852,-8.516],[-46.851,-8.503],[-46.84,-8.465],[-46.825,-8.474],[-46.802,-8.444],[-46.798,-8.412],[-46.787,-8.399],[-46.786,-8.382],[-46.751,-8.374],[-46.726,-8.382],[-46.706,-8.351],[-46.678,-8.336],[-46.635,-8.319],[-46.585,-8.326],[-46.551,-8.322],[-46.527,-8.296],[-46.505,-8.228],[-46.488,-8.204],[-46.51,-8.181],[-46.489,-8.097],[-46.467,-8.078],[-46.479,-8.047],[-46.485,-8.003],[-46.492,-7.981],[-46.557,-7.938],[-46.572,-7.914],[-46.582,-7.908],[-46.596,-7.9],[-46.64,-7.906],[-46.668,-7.904],[-46.685,-7.912],[-46.708,-7.91],[-46.726,-7.923],[-46.737,-7.924],[-46.756,-7.922],[-46.767,-7.938],[-46.781,-7.945],[-46.789,-7.947],[-46.801,-7.95],[-46.811,-7.952],[-46.835,-7.96],[-46.844,-7.965],[-46.861,-7.963],[-46.869,-7.956],[-46.882,-7.973],[-46.907,-7.983],[-46.921,-7.992],[-46.941,-7.996],[-46.956,-8.016],[-46.962,-8.039],[-46.989,-8.047],[-47.002,-8.057],[-47.016,-8.058],[-47.043,-8.053],[-47.051,-8.037],[-47.059,-8.027],[-47.091,-7.989],[-47.098,-7.98],[-47.106,-7.969],[-47.104,-7.961],[-47.107,-7.954],[-47.112,-7.945],[-47.125,-7.925],[-47.141,-7.925],[-47.142,-7.894],[-47.163,-7.879],[-47.179,-7.861],[-47.187,-7.857],[-47.194,-7.848],[-47.2,-7.842],[-47.203,-7.84],[-47.206,-7.834],[-47.223,-7.826],[-47.229,-7.816],[-47.239,-7.813],[-47.239,-7.806],[-47.247,-7.801],[-47.244,-7.789],[-47.246,-7.783],[-47.255,-7.759],[-47.266,-7.761],[-47.261,-7.741],[-47.282,-7.735],[-47.301,-7.734],[-47.306,-7.713],[-47.314,-7.706],[-47.31,-7.698],[-47.317,-7.687],[-47.331,-7.674],[-47.329,-7.663],[-47.335,-7.637],[-47.372,-7.621],[-47.353,-7.642],[-47.373,-7.655],[-47.386,-7.633],[-47.382,-7.6],[-47.402,-7.581],[-47.416,-7.563],[-47.432,-7.548],[-47.424,-7.531],[-47.467,-7.528],[-47.48,-7.506],[-47.499,-7.466],[-47.529,-7.433],[-47.59,-7.439],[-47.512,-7.386],[-47.483,-7.322],[-47.598,-7.268],[-47.637,-7.305],[-47.674,-7.259],[-47.749,-7.191],[-47.716,-7.141],[-47.675,-7.147],[-47.636,-7.132],[-47.584,-7.056],[-47.529,-6.976],[-47.505,-6.897],[-47.528,-6.83],[-47.496,-6.703],[-47.498,-6.671],[-47.464,-6.585],[-47.429,-6.5],[-47.432,-6.435],[-47.412,-6.376],[-47.409,-6.332],[-47.385,-6.23],[-47.434,-6.093],[-47.438,-6.012],[-47.437,-5.857],[-47.47,-5.772],[-47.493,-5.72],[-47.477,-5.634],[-47.5,-5.525],[-47.564,-5.463],[-47.666,-5.421],[-47.768,-5.378],[-47.843,-5.376],[-47.873,-5.273],[-47.938,-5.24],[-47.981,-5.236],[-48.04,-5.259],[-48.067,-5.271],[-48.178,-5.26],[-48.209,-5.247],[-48.283,-5.21],[-48.358,-5.171],[-48.519,-5.192],[-48.561,-5.236],[-48.568,-5.272],[-48.612,-5.338],[-48.645,-5.315],[-48.692,-5.311],[-48.719,-5.351],[-48.644,-5.262],[-48.437,-5.083],[-48.419,-5.085],[-48.194,-4.911],[-47.805,-4.597],[-47.754,-4.59],[-47.742,-4.598],[-47.715,-4.603],[-47.71,-4.606],[-47.637,-4.571],[-47.608,-4.548],[-47.524,-4.435],[-47.502,-4.393],[-47.488,-4.366],[-47.481,-4.35],[-47.479,-4.328],[-47.441,-4.286],[-47.429,-4.284],[-47.416,-4.275],[-47.397,-4.261],[-47.372,-4.244],[-47.371,-4.219],[-47.371,-4.209],[-47.367,-4.203],[-47.354,-4.177],[-47.342,-4.168],[-47.35,-4.141],[-47.349,-4.118],[-47.338,-4.094],[-47.332,-4.07],[-47.309,-4.052],[-47.303,-4.052],[-47.292,-4.043],[-47.276,-4.03],[-47.267,-4.025],[-47.226,-3.998],[-47.212,-3.985],[-47.196,-3.974],[-47.189,-3.966],[-47.182,-3.943],[-47.171,-3.933],[-47.142,-3.9],[-47.135,-3.881],[-47.117,-3.878],[-47.095,-3.859],[-47.088,-3.825],[-47.078,-3.811],[-47.062,-3.787],[-47.059,-3.754],[-47.061,-3.729],[-47.052,-3.681],[-47.048,-3.668],[-47.047,-3.646],[-47.051,-3.632],[-47.037,-3.604],[-47.03,-3.6],[-47.036,-3.573],[-47.033,-3.561],[-47.018,-3.548],[-47.008,-3.54],[-46.99,-3.53],[-46.98,-3.519],[-46.975,-3.507],[-46.968,-3.49],[-46.969,-3.474],[-46.955,-3.465],[-46.951,-3.448],[-46.949,-3.436],[-46.947,-3.418],[-46.944,-3.412],[-46.943,-3.39],[-46.938,-3.384],[-46.928,-3.375],[-46.923,-3.364],[-46.907,-3.367],[-46.9,-3.353],[-46.887,-3.335],[-46.868,-3.338],[-46.867,-3.326],[-46.851,-3.329],[-46.84,-3.324],[-46.811,-3.302],[-46.809,-3.279],[-46.812,-3.266],[-46.807,-3.241],[-46.782,-3.241],[-46.779,-3.215],[-46.756,-3.216],[-46.764,-3.198],[-46.773,-3.175],[-46.746,-3.178],[-46.737,-3.16],[-46.732,-3.126],[-46.74,-3.123],[-46.729,-3.121],[-46.716,-3.112],[-46.706,-3.104],[-46.679,-3.093],[-46.675,-3.066],[-46.674,-3.033],[-46.668,-3.014],[-46.672,-2.997],[-46.649,-2.983],[-46.661,-2.973],[-46.655,-2.955],[-46.667,-2.936],[-46.661,-2.918],[-46.662,-2.904],[-46.679,-2.881],[-46.646,-2.884],[-46.635,-2.87],[-46.635,-2.858],[-46.618,-2.859],[-46.618,-2.836],[-46.587,-2.845],[-46.581,-2.83],[-46.594,-2.825],[-46.593,-2.815],[-46.599,-2.804],[-46.609,-2.793],[-46.637,-2.781],[-46.64,-2.75],[-46.657,-2.739],[-46.661,-2.732],[-46.671,-2.711],[-46.647,-2.689],[-46.642,-2.682],[-46.633,-2.673],[-46.606,-2.639],[-46.586,-2.645],[-46.562,-2.627],[-46.507,-2.602],[-46.49,-2.581],[-46.501,-2.556],[-46.479,-2.541],[-46.415,-2.524],[-46.43,-2.497],[-46.436,-2.476],[-46.439,-2.449],[-46.438,-2.421],[-46.423,-2.391],[-46.411,-2.362],[-46.454,-2.383],[-46.436,-2.334],[-46.431,-2.318],[-46.417,-2.26],[-46.411,-2.231],[-46.382,-2.25],[-46.357,-2.227],[-46.338,-2.202],[-46.316,-2.176],[-46.296,-2.149],[-46.27,-2.116],[-46.277,-2.078],[-46.259,-2.043],[-46.233,-1.967],[-46.242,-1.881],[-46.215,-1.818],[-46.288,-1.796],[-46.313,-1.8],[-46.324,-1.765],[-46.305,-1.727],[-46.252,-1.723],[-46.218,-1.727],[-46.204,-1.71],[-46.153,-1.676],[-46.16,-1.624],[-46.15,-1.595],[-46.142,-1.521],[-46.162,-1.494],[-46.176,-1.475],[-46.146,-1.429],[-46.121,-1.372],[-46.106,-1.332],[-46.132,-1.32],[-46.162,-1.278],[-46.13,-1.206],[-46.106,-1.201],[-46.073,-1.158],[-46.063,-1.143],[-46.051,-1.136],[-46.042,-1.166],[-46.042,-1.133],[-46.032,-1.106],[-46.016,-1.084],[-46.011,-1.065],[-46.002,-1.085],[-45.994,-1.056],[-45.965,-1.046],[-45.975,-1.061],[-45.962,-1.077],[-45.967,-1.089],[-45.975,-1.084],[-45.975,-1.088],[-45.971,-1.105],[-45.975,-1.115],[-45.952,-1.123],[-45.99,-1.138],[-45.986,-1.155],[-45.981,-1.166],[-45.974,-1.142],[-45.957,-1.139],[-45.95,-1.157],[-45.949,-1.185],[-45.949,-1.208],[-45.942,-1.229],[-45.927,-1.173],[-45.905,-1.143],[-45.887,-1.114],[-45.875,-1.097],[-45.886,-1.092],[-45.862,-1.071],[-45.871,-1.061],[-45.846,-1.045],[-45.834,-1.088],[-45.842,-1.099],[-45.851,-1.118],[-45.859,-1.128],[-45.905,-1.163],[-45.904,-1.178],[-45.902,-1.193],[-45.879,-1.151],[-45.861,-1.151],[-45.872,-1.164],[-45.869,-1.171],[-45.869,-1.189],[-45.865,-1.202],[-45.897,-1.222],[-45.895,-1.23],[-45.847,-1.209],[-45.864,-1.234],[-45.846,-1.23],[-45.867,-1.262],[-45.862,-1.271],[-45.853,-1.262],[-45.831,-1.193],[-45.822,-1.202],[-45.82,-1.19],[-45.801,-1.161],[-45.794,-1.17],[-45.792,-1.179],[-45.8,-1.216],[-45.82,-1.263],[-45.839,-1.284],[-45.804,-1.251],[-45.78,-1.265],[-45.776,-1.275],[-45.784,-1.244],[-45.759,-1.195],[-45.743,-1.16],[-45.733,-1.147],[-45.731,-1.144],[-45.714,-1.127],[-45.679,-1.148],[-45.691,-1.16],[-45.696,-1.166],[-45.718,-1.189],[-45.725,-1.21],[-45.728,-1.218],[-45.733,-1.232],[-45.738,-1.237],[-45.725,-1.231],[-45.695,-1.268],[-45.719,-1.313],[-45.73,-1.346],[-45.718,-1.319],[-45.692,-1.316],[-45.683,-1.341],[-45.694,-1.351],[-45.72,-1.375],[-45.718,-1.377],[-45.702,-1.378],[-45.717,-1.403],[-45.697,-1.386],[-45.693,-1.37],[-45.638,-1.372],[-45.615,-1.322],[-45.611,-1.275],[-45.59,-1.27],[-45.579,-1.261],[-45.587,-1.294],[-45.588,-1.307],[-45.555,-1.275],[-45.531,-1.266],[-45.536,-1.288],[-45.539,-1.295],[-45.553,-1.293],[-45.558,-1.329],[-45.552,-1.333],[-45.523,-1.322],[-45.505,-1.292],[-45.509,-1.305],[-45.511,-1.334],[-45.511,-1.352],[-45.516,-1.36],[-45.513,-1.385],[-45.515,-1.406],[-45.487,-1.363],[-45.472,-1.337],[-45.47,-1.35],[-45.483,-1.371],[-45.466,-1.35],[-45.457,-1.318],[-45.438,-1.309],[-45.447,-1.302],[-45.402,-1.307],[-45.418,-1.352],[-45.427,-1.341],[-45.433,-1.353],[-45.444,-1.362],[-45.453,-1.36],[-45.471,-1.396],[-45.476,-1.434],[-45.488,-1.431],[-45.473,-1.446],[-45.474,-1.477],[-45.467,-1.491],[-45.453,-1.498],[-45.481,-1.533],[-45.472,-1.526],[-45.446,-1.518],[-45.449,-1.462],[-45.443,-1.449],[-45.416,-1.415],[-45.416,-1.45],[-45.411,-1.484],[-45.412,-1.454],[-45.399,-1.449],[-45.403,-1.459],[-45.394,-1.447],[-45.394,-1.415],[-45.386,-1.416],[-45.365,-1.392],[-45.363,-1.382],[-45.347,-1.393],[-45.371,-1.379],[-45.373,-1.389],[-45.371,-1.363],[-45.346,-1.343],[-45.348,-1.35],[-45.334,-1.357],[-45.328,-1.352],[-45.34,-1.339],[-45.343,-1.307],[-45.317,-1.318],[-45.311,-1.337],[-45.3,-1.344],[-45.303,-1.368],[-45.304,-1.387],[-45.294,-1.373],[-45.295,-1.414],[-45.315,-1.411],[-45.303,-1.409],[-45.31,-1.434],[-45.378,-1.468],[-45.387,-1.496],[-45.372,-1.479],[-45.346,-1.479],[-45.357,-1.503],[-45.368,-1.535],[-45.369,-1.547],[-45.353,-1.499],[-45.331,-1.478],[-45.328,-1.503],[-45.324,-1.51],[-45.312,-1.48],[-45.298,-1.494],[-45.317,-1.548],[-45.339,-1.584],[-45.339,-1.598],[-45.338,-1.617],[-45.352,-1.615],[-45.355,-1.667],[-45.373,-1.675],[-45.375,-1.69],[-45.361,-1.68],[-45.366,-1.71],[-45.338,-1.732],[-45.341,-1.711],[-45.32,-1.643],[-45.275,-1.611],[-45.263,-1.626],[-45.252,-1.615],[-45.252,-1.593],[-45.247,-1.582],[-45.234,-1.552],[-45.194,-1.516],[-45.184,-1.523],[-45.17,-1.508],[-45.167,-1.489],[-45.157,-1.471],[-45.143,-1.463],[-45.137,-1.485],[-45.131,-1.505],[-45.139,-1.521],[-45.126,-1.496],[-45.122,-1.453],[-45.113,-1.436],[-45.104,-1.402],[-45.111,-1.381],[-45.099,-1.363],[-45.097,-1.396],[-45.097,-1.468],[-45.103,-1.491],[-45.095,-1.513],[-45.1,-1.479],[-45.078,-1.487],[-45.068,-1.458],[-45.064,-1.476],[-45.065,-1.507],[-45.062,-1.48],[-45.042,-1.489],[-45.039,-1.49],[-45.004,-1.481],[-44.987,-1.502],[-44.96,-1.509],[-44.958,-1.486],[-44.935,-1.487],[-44.952,-1.5],[-44.951,-1.5],[-44.943,-1.496],[-44.904,-1.49],[-44.921,-1.487],[-44.907,-1.469],[-44.886,-1.447],[-44.872,-1.447],[-44.861,-1.446],[-44.859,-1.431],[-44.854,-1.416],[-44.846,-1.414],[-44.822,-1.415],[-44.824,-1.43],[-44.838,-1.487],[-44.846,-1.471],[-44.854,-1.486],[-44.856,-1.493],[-44.857,-1.497],[-44.866,-1.509],[-44.876,-1.523],[-44.898,-1.548],[-44.903,-1.565],[-44.903,-1.604],[-44.893,-1.611],[-44.855,-1.613],[-44.846,-1.623],[-44.828,-1.576],[-44.801,-1.591],[-44.796,-1.611],[-44.793,-1.6],[-44.78,-1.64],[-44.784,-1.652],[-44.778,-1.617],[-44.79,-1.588],[-44.768,-1.576],[-44.762,-1.561],[-44.76,-1.573],[-44.758,-1.617],[-44.75,-1.616],[-44.762,-1.605],[-44.747,-1.588],[-44.711,-1.559],[-44.702,-1.567],[-44.696,-1.557],[-44.719,-1.612],[-44.695,-1.597],[-44.697,-1.586],[-44.688,-1.579],[-44.673,-1.566],[-44.667,-1.587],[-44.647,-1.618],[-44.662,-1.663],[-44.671,-1.644],[-44.683,-1.646],[-44.699,-1.651],[-44.737,-1.655],[-44.742,-1.661],[-44.761,-1.677],[-44.772,-1.681],[-44.793,-1.684],[-44.773,-1.689],[-44.788,-1.701],[-44.801,-1.709],[-44.783,-1.714],[-44.773,-1.727],[-44.767,-1.745],[-44.784,-1.745],[-44.756,-1.728],[-44.773,-1.715],[-44.749,-1.72],[-44.708,-1.716],[-44.705,-1.738],[-44.719,-1.758],[-44.753,-1.786],[-44.791,-1.799],[-44.805,-1.814],[-44.764,-1.798],[-44.722,-1.794],[-44.756,-1.814],[-44.715,-1.793],[-44.71,-1.797],[-44.696,-1.772],[-44.663,-1.763],[-44.653,-1.76],[-44.666,-1.791],[-44.664,-1.797],[-44.646,-1.77],[-44.649,-1.783],[-44.65,-1.755],[-44.647,-1.735],[-44.65,-1.72],[-44.594,-1.749],[-44.61,-1.756],[-44.629,-1.815],[-44.633,-1.829],[-44.62,-1.824],[-44.609,-1.834],[-44.595,-1.842],[-44.602,-1.856],[-44.633,-1.859],[-44.603,-1.861],[-44.591,-1.853],[-44.596,-1.828],[-44.587,-1.808],[-44.584,-1.808],[-44.57,-1.797],[-44.562,-1.832],[-44.568,-1.853],[-44.568,-1.854],[-44.553,-1.846],[-44.545,-1.821],[-44.544,-1.866],[-44.561,-1.878],[-44.576,-1.883],[-44.594,-1.897],[-44.58,-1.894],[-44.572,-1.903],[-44.568,-1.912],[-44.563,-1.898],[-44.544,-1.9],[-44.536,-1.897],[-44.53,-1.898],[-44.523,-1.882],[-44.487,-1.958],[-44.504,-1.953],[-44.514,-1.951],[-44.49,-1.974],[-44.492,-1.984],[-44.484,-1.985],[-44.496,-2.007],[-44.482,-2.019],[-44.474,-2.04],[-44.488,-2.046],[-44.5,-2.1],[-44.478,-2.138],[-44.46,-2.144],[-44.446,-2.156],[-44.432,-2.177],[-44.435,-2.184],[-44.418,-2.19],[-44.396,-2.213],[-44.414,-2.228],[-44.412,-2.231],[-44.402,-2.22],[-44.392,-2.233],[-44.389,-2.249],[-44.378,-2.275],[-44.376,-2.279],[-44.361,-2.347],[-44.371,-2.36],[-44.373,-2.389],[-44.392,-2.411],[-44.4,-2.408],[-44.374,-2.454],[-44.307,-2.493],[-44.269,-2.485],[-44.26,-2.481],[-44.227,-2.478],[-44.208,-2.469],[-44.179,-2.459],[-44.153,-2.447],[-44.143,-2.44],[-44.129,-2.425],[-44.097,-2.417],[-44.092,-2.414],[-44.08,-2.425],[-44.088,-2.41],[-44.03,-2.408],[-44.019,-2.399],[-44.025,-2.422],[-44.022,-2.45],[-44.032,-2.445],[-44.045,-2.438],[-44.056,-2.445],[-44.072,-2.436],[-44.072,-2.45],[-44.096,-2.457],[-44.093,-2.459],[-44.062,-2.461],[-44.071,-2.468],[-44.038,-2.464],[-43.968,-2.474],[-44.0,-2.578],[-43.925,-2.511],[-43.862,-2.398],[-43.784,-2.342],[-43.756,-2.363],[-43.748,-2.368],[-43.722,-2.283],[-43.623,-2.224],[-43.565,-2.247],[-43.49,-2.369],[-43.436,-2.331],[-43.407,-2.331],[-43.372,-2.332],[-43.316,-2.337],[-43.174,-2.38],[-43.015,-2.455],[-42.976,-2.472],[-42.951,-2.481],[-42.937,-2.488],[-42.915,-2.498],[-42.884,-2.513],[-42.843,-2.532],[-42.802,-2.555],[-42.769,-2.562],[-42.751,-2.566],[-42.741,-2.562],[-42.737,-2.578],[-42.695,-2.599],[-42.7,-2.628],[-42.695,-2.648],[-42.685,-2.619],[-42.691,-2.596],[-42.715,-2.58],[-42.725,-2.571],[-42.712,-2.566],[-42.729,-2.557],[-42.733,-2.55],[-42.676,-2.592],[-42.644,-2.624],[-42.629,-2.636],[-42.606,-2.653],[-42.58,-2.67],[-42.55,-2.682],[-42.53,-2.685],[-42.509,-2.681],[-42.479,-2.712],[-42.484,-2.692],[-42.329,-2.693],[-42.303,-2.694],[-42.238,-2.667],[-42.224,-2.689],[-42.221,-2.69],[-42.203,-2.685],[-42.138,-2.694],[-42.1,-2.691],[-42.079,-2.687],[-42.056,-2.687],[-42.059,-2.693],[-42.048,-2.717],[-42.03,-2.744],[-42.014,-2.737],[-42.016,-2.717],[-41.986,-2.72],[-41.962,-2.722],[-41.94,-2.719],[-41.911,-2.719],[-41.89,-2.718],[-41.859,-2.723],[-41.823,-2.719],[-41.814,-2.739],[-41.849,-2.773],[-41.843,-2.824],[-41.861,-2.854],[-41.858,-2.892],[-41.808,-2.938],[-41.824,-3.024],[-41.861,-3.047],[-41.894,-3.093],[-41.922,-3.108],[-41.931,-3.146],[-41.939,-3.187],[-41.964,-3.179],[-41.983,-3.223],[-42.01,-3.246],[-42.071,-3.255],[-42.133,-3.285],[-42.097,-3.298],[-42.113,-3.314],[-42.124,-3.353],[-42.152,-3.387],[-42.198,-3.415],[-42.202,-3.429],[-42.243,-3.433],[-42.298,-3.453],[-42.33,-3.434],[-42.392,-3.447],[-42.406,-3.474],[-42.417,-3.458],[-42.448,-3.478],[-42.473,-3.483],[-42.492,-3.448],[-42.506,-3.474],[-42.535,-3.5],[-42.572,-3.569],[-42.624,-3.626],[-42.675,-3.675],[-42.682,-3.703],[-42.681,-3.771],[-42.671,-3.793],[-42.721,-3.879],[-42.739,-3.925],[-42.801,-3.996],[-42.823,-3.992],[-42.863,-4.093],[-42.903,-4.124],[-42.888,-4.151],[-42.936,-4.161],[-42.985,-4.224],[-42.981,-4.301],[-42.962,-4.354],[-42.95,-4.386],[-42.879,-4.42],[-42.877,-4.458],[-42.85,-4.481],[-42.859,-4.501],[-42.874,-4.535],[-42.874,-4.582],[-42.947,-4.675],[-42.935,-4.713],[-42.948,-4.766],[-42.922,-4.822],[-42.893,-4.858],[-42.89,-4.894],[-42.864,-4.93],[-42.86,-4.978],[-42.839,-5.063],[-42.819,-5.092],[-42.808,-5.14],[-42.8,-5.199],[-42.826,-5.245],[-42.813,-5.3],[-42.837,-5.355],[-42.87,-5.378],[-42.91,-5.394],[-42.927,-5.433],[-42.965,-5.449],[-42.974,-5.483],[-43.024,-5.56],[-43.048,-5.592],[-43.091,-5.608],[-43.09,-5.634],[-43.08,-5.742],[-43.101,-5.765],[-43.096,-5.83],[-43.079,-5.871],[-43.093,-5.912],[-43.081,-5.961],[-43.055,-5.986],[-43.054,-6.024],[-43.063,-6.068],[-43.042,-6.105],[-42.992,-6.118],[-42.968,-6.178],[-42.923,-6.205],[-42.884,-6.226],[-42.855,-6.253],[-42.847,-6.282],[-42.854,-6.333],[-42.831,-6.342],[-42.857,-6.379],[-42.877,-6.423],[-42.87,-6.458],[-42.883,-6.494],[-42.879,-6.51],[-42.885,-6.567],[-42.915,-6.644],[-42.949,-6.705],[-43.001,-6.754],[-43.058,-6.753],[-43.105,-6.77],[-43.168,-6.769],[-43.25,-6.768],[-43.278,-6.796],[-43.364,-6.819],[-43.391,-6.834],[-43.42,-6.843],[-43.454,-6.844],[-43.49,-6.819],[-43.538,-6.79],[-43.55,-6.762],[-43.573,-6.753],[-43.621,-6.735],[-43.698,-6.709],[-43.728,-6.704],[-43.768,-6.709],[-43.802,-6.712],[-43.879,-6.757],[-43.928,-6.771],[-43.949,-6.751],[-44.033,-6.76],[-44.06,-6.786],[-44.084,-6.81],[-44.115,-6.81],[-44.103,-6.853],[-44.115,-6.838],[-44.139,-6.864],[-44.175,-6.896],[-44.185,-6.926],[-44.236,-6.998],[-44.264,-7.017],[-44.274,-7.065],[-44.323,-7.114],[-44.372,-7.12],[-44.45,-7.158],[-44.49,-7.182],[-44.523,-7.217],[-44.558,-7.226],[-44.573,-7.248],[-44.596,-7.277],[-44.646,-7.326],[-44.671,-7.349],[-44.679,-7.362],[-44.704,-7.392],[-44.743,-7.362],[-44.816,-7.361],[-44.848,-7.386],[-44.863,-7.411],[-44.896,-7.424],[-44.92,-7.457],[-44.957,-7.475],[-44.978,-7.482],[-44.997,-7.49],[-45.011,-7.496],[-45.046,-7.51],[-45.077,-7.503],[-45.126,-7.514],[-45.146,-7.521],[-45.179,-7.536],[-45.218,-7.567],[-45.233,-7.55],[-45.276,-7.568],[-45.306,-7.574],[-45.339,-7.58],[-45.373,-7.618],[-45.394,-7.613],[-45.399,-7.64],[-45.415,-7.645],[-45.417,-7.658],[-45.437,-7.667],[-45.44,-7.678],[-45.456,-7.67],[-45.449,-7.684],[-45.468,-7.689],[-45.474,-7.714],[-45.483,-7.738],[-45.486,-7.751],[-45.496,-7.75],[-45.492,-7.777],[-45.497,-7.787],[-45.498,-7.798],[-45.51,-7.816],[-45.518,-7.835],[-45.525,-7.856],[-45.535,-7.862],[-45.533,-7.876],[-45.52,-7.888],[-45.543,-7.897],[-45.523,-7.912],[-45.539,-7.919],[-45.547,-7.947],[-45.545,-7.96],[-45.556,-7.973],[-45.551,-8.008],[-45.575,-8.027],[-45.567,-8.053],[-45.568,-8.07],[-45.583,-8.098],[-45.583,-8.125],[-45.585,-8.141],[-45.595,-8.174],[-45.611,-8.187],[-45.608,-8.205],[-45.664,-8.288],[-45.678,-8.316],[-45.683,-8.329],[-45.687,-8.355],[-45.703,-8.368],[-45.721,-8.394],[-45.732,-8.42],[-45.742,-8.451],[-45.746,-8.493],[-45.754,-8.521],[-45.76,-8.548],[-45.764,-8.566],[-45.793,-8.588],[-45.778,-8.617],[-45.803,-8.622],[-45.817,-8.654],[-45.852,-8.71],[-45.863,-8.729],[-45.89,-8.746],[-45.917,-8.768],[-45.937,-8.782],[-45.953,-8.807],[-45.945,-8.831],[-45.959,-8.851],[-45.972,-8.87],[-45.983,-8.89],[-45.986,-8.91],[-45.994,-8.926],[-45.967,-8.979],[-45.945,-9.025],[-45.94,-9.056],[-45.927,-9.08],[-45.923,-9.09],[-45.925,-9.112],[-45.919,-9.151],[-45.903,-9.191],[-45.9,-9.216],[-45.9,-9.248],[-45.901,-9.265],[-45.897,-9.29],[-45.9,-9.313],[-45.896,-9.325],[-45.887,-9.348],[-45.859,-9.358],[-45.818,-9.389],[-45.802,-9.425],[-45.797,-9.442],[-45.794,-9.45],[-45.789,-9.47],[-45.794,-9.486],[-45.803,-9.499],[-45.82,-9.526],[-45.827,-9.546],[-45.842,-9.575],[-45.834,-9.591],[-45.825,-9.607],[-45.825,-9.636],[-45.829,-9.68],[-45.828,-9.704],[-45.829,-9.714],[-45.827,-9.727],[-45.823,-9.752],[-45.836,-9.795],[-45.851,-9.838],[-45.855,-9.848],[-45.862,-9.873],[-45.86,-9.886],[-45.852,-9.919],[-45.846,-9.95],[-45.852,-9.982],[-45.854,-9.996],[-45.875,-10.05],[-45.876,-10.062],[-45.886,-10.114],[-45.91,-10.157],[-45.915,-10.164],[-45.935,-10.19],[-45.945,-10.206],[-45.946,-10.258],[-46.017,-10.24],[-46.039,-10.176],[-46.164,-10.212],[-46.24,-10.171],[-46.321,-10.178],[-46.367,-10.168],[-46.443,-10.077],[-46.457,-10.018],[-46.474,-9.962],[-46.474,-9.928],[-46.47,-9.898],[-46.491,-9.868],[-46.49,-9.848],[-46.512,-9.799],[-46.579,-9.796],[-46.576,-9.758],[-46.647,-9.73],[-46.61,-9.658],[-46.591,-9.599],[-46.579,-9.584],[-46.557,-9.539],[-46.575,-9.508],[-46.573,-9.477],[-46.6,-9.47],[-46.649,-9.444],[-46.632,-9.411],[-46.658,-9.399],[-46.681,-9.393],[-46.738,-9.404],[-46.763,-9.409],[-46.774,-9.361],[-46.799,-9.338],[-46.835,-9.308],[-46.832,-9.279],[-46.819,-9.26],[-46.822,-9.199],[-46.85,-9.191],[-46.847,-9.168],[-46.89,-9.141],[-46.901,-9.129],[-46.931,-9.12],[-46.923,-9.097],[-46.929,-9.084],[-46.922,-9.066],[-46.986,-9.076],[-47.007,-9.082],[-47.019,-9.074],[-47.04,-9.069],[-47.068,-9.056],[-47.061,-9.048],[-47.054,-9.034],[-47.048,-9.017],[-47.062,-9.007],[-47.031,-8.985]],[[-44.813,-1.802],[-44.807,-1.807],[-44.81,-1.802],[-44.813,-1.802]],[[-44.569,-1.92],[-44.561,-1.923],[-44.566,-1.918],[-44.569,-1.92]],[[-45.747,-1.372],[-45.754,-1.378],[-45.744,-1.374],[-45.747,-1.372]],[[-45.888,-1.18],[-45.885,-1.183],[-45.878,-1.178],[-45.888,-1.18]],[[-45.822,-1.311],[-45.82,-1.312],[-45.82,-1.304],[-45.819,-1.298],[-45.82,-1.302],[-45.822,-1.311]],[[-44.693,-1.816],[-44.688,-1.808],[-44.692,-1.808],[-44.693,-1.816]],[[-45.39,-1.69],[-45.397,-1.694],[-45.388,-1.692],[-45.387,-1.68],[-45.39,-1.69]],[[-44.801,-1.626],[-44.794,-1.626],[-44.79,-1.618],[-44.801,-1.626]],[[-45.128,-1.544],[-45.123,-1.546],[-45.113,-1.544],[-45.115,-1.542],[-45.123,-1.546],[-45.124,-1.543],[-45.127,-1.54],[-45.128,-1.544]],[[-45.823,-1.249],[-45.814,-1.227],[-45.823,-1.241],[-45.823,-1.249]],[[-45.576,-1.336],[-45.572,-1.34],[-45.571,-1.33],[-45.574,-1.329],[-45.576,-1.336]],[[-45.8,-1.332],[-45.802,-1.338],[-45.801,-1.344],[-45.798,-1.333],[-45.796,-1.323],[-45.8,-1.332]],[[-44.834,-1.823],[-44.846,-1.828],[-44.82,-1.822],[-44.834,-1.823]],[[-45.369,-1.436],[-45.367,-1.425],[-45.36,-1.428],[-45.362,-1.425],[-45.367,-1.425],[-45.377,-1.422],[-45.371,-1.426],[-45.369,-1.436]],[[-45.905,-1.24],[-45.902,-1.243],[-45.905,-1.246],[-45.907,-1.25],[-45.905,-1.253],[-45.904,-1.257],[-45.903,-1.26],[-45.901,-1.258],[-45.904,-1.25],[-45.902,-1.243],[-45.897,-1.239],[-45.905,-1.24]],[[-45.595,-1.339],[-45.587,-1.332],[-45.585,-1.325],[-45.588,-1.312],[-45.589,-1.323],[-45.589,-1.328],[-45.595,-1.339]],[[-45.392,-1.564],[-45.389,-1.541],[-45.379,-1.54],[-45.384,-1.537],[-45.389,-1.541],[-45.392,-1.543],[-45.394,-1.555],[-45.396,-1.562],[-45.399,-1.567],[-45.398,-1.575],[-45.392,-1.564]]],[[[-44.971,-1.344],[-44.95,-1.336],[-44.955,-1.329],[-44.958,-1.32],[-44.972,-1.31],[-44.972,-1.283],[-44.943,-1.286],[-44.922,-1.298],[-44.924,-1.292],[-44.891,-1.282],[-44.858,-1.298],[-44.848,-1.328],[-44.875,-1.355],[-44.877,-1.336],[-44.891,-1.329],[-44.889,-1.336],[-44.903,-1.345],[-44.893,-1.35],[-44.924,-1.374],[-44.944,-1.387],[-44.963,-1.402],[-44.983,-1.409],[-45.012,-1.387],[-45.009,-1.349],[-45.001,-1.341],[-45.016,-1.345],[-45.005,-1.32],[-44.984,-1.332],[-44.974,-1.343],[-44.982,-1.356],[-44.971,-1.344]],[[-44.924,-1.339],[-44.924,-1.346],[-44.922,-1.343],[-44.924,-1.339]],[[-44.909,-1.325],[-44.908,-1.311],[-44.908,-1.311],[-44.909,-1.325]]],[[[-45.678,-1.3],[-45.65,-1.269],[-45.644,-1.278],[-45.644,-1.286],[-45.64,-1.252],[-45.63,-1.16],[-45.617,-1.129],[-45.616,-1.116],[-45.605,-1.142],[-45.61,-1.175],[-45.632,-1.22],[-45.622,-1.239],[-45.624,-1.259],[-45.639,-1.299],[-45.632,-1.343],[-45.683,-1.36],[-45.677,-1.349],[-45.68,-1.336],[-45.675,-1.319],[-45.678,-1.3]],[[-45.659,-1.297],[-45.658,-1.301],[-45.655,-1.308],[-45.653,-1.311],[-45.651,-1.309],[-45.658,-1.291],[-45.659,-1.297]]],[[[-44.802,-1.529],[-44.79,-1.531],[-44.786,-1.549],[-44.809,-1.562],[-44.828,-1.541],[-44.808,-1.525],[-44.795,-1.498],[-44.772,-1.484],[-44.78,-1.508],[-44.795,-1.527],[-44.802,-1.529]]],[[[-45.542,-1.195],[-45.526,-1.215],[-45.532,-1.232],[-45.576,-1.234],[-45.577,-1.225],[-45.559,-1.212],[-45.571,-1.193],[-45.545,-1.193],[-45.542,-1.195]]],[[[-44.729,-1.562],[-44.756,-1.583],[-44.756,-1.577],[-44.754,-1.555],[-44.745,-1.548],[-44.743,-1.538],[-44.736,-1.538],[-44.723,-1.546],[-44.723,-1.547],[-44.723,-1.547],[-44.72,-1.551],[-44.729,-1.562]]],[[[-45.036,-1.39],[-45.042,-1.387],[-45.045,-1.363],[-45.049,-1.349],[-45.046,-1.345],[-45.043,-1.343],[-45.042,-1.346],[-45.041,-1.351],[-45.038,-1.365],[-45.033,-1.386],[-45.036,-1.39]]],[[[-45.398,-1.395],[-45.397,-1.404],[-45.397,-1.407],[-45.406,-1.418],[-45.409,-1.414],[-45.41,-1.413],[-45.413,-1.409],[-45.406,-1.396],[-45.403,-1.394],[-45.398,-1.395]]],[[[-45.072,-1.446],[-45.07,-1.453],[-45.079,-1.44],[-45.07,-1.424],[-45.065,-1.427],[-45.061,-1.44],[-45.065,-1.438],[-45.072,-1.44],[-45.063,-1.444],[-45.068,-1.445],[-45.072,-1.446]]],[[[-44.723,-1.662],[-44.72,-1.665],[-44.72,-1.665],[-44.718,-1.669],[-44.723,-1.677],[-44.736,-1.673],[-44.737,-1.673],[-44.735,-1.666],[-44.723,-1.662]]],[[[-44.445,-2.025],[-44.457,-2.03],[-44.454,-2.024],[-44.452,-2.02],[-44.45,-2.016],[-44.446,-2.008],[-44.443,-2.012],[-44.439,-2.019],[-44.445,-2.025]]],[[[-44.623,-1.812],[-44.623,-1.818],[-44.625,-1.814],[-44.629,-1.804],[-44.631,-1.801],[-44.633,-1.796],[-44.632,-1.793],[-44.63,-1.788],[-44.622,-1.798],[-44.623,-1.812]]],[[[-45.515,-1.406],[-45.522,-1.405],[-45.523,-1.401],[-45.514,-1.39],[-45.512,-1.389],[-45.511,-1.389],[-45.508,-1.39],[-45.507,-1.391],[-45.51,-1.395],[-45.511,-1.398],[-45.515,-1.406]]],[[[-45.002,-1.401],[-45.001,-1.402],[-45.0,-1.402],[-44.998,-1.41],[-45.004,-1.411],[-45.007,-1.407],[-45.015,-1.396],[-45.011,-1.397],[-45.002,-1.401]]],[[[-44.614,-1.83],[-44.614,-1.83],[-44.616,-1.822],[-44.612,-1.821],[-44.608,-1.821],[-44.604,-1.827],[-44.602,-1.834],[-44.606,-1.831],[-44.613,-1.83],[-44.614,-1.83]]],[[[-45.626,-1.319],[-45.626,-1.321],[-45.625,-1.323],[-45.624,-1.327],[-45.628,-1.339],[-45.629,-1.335],[-45.63,-1.325],[-45.631,-1.315],[-45.626,-1.319]]],[[[-45.562,-1.261],[-45.559,-1.26],[-45.557,-1.264],[-45.56,-1.268],[-45.561,-1.27],[-45.562,-1.271],[-45.567,-1.273],[-45.567,-1.268],[-45.564,-1.262],[-45.562,-1.261]]],[[[-42.75,-2.544],[-42.744,-2.557],[-42.749,-2.55],[-42.752,-2.55],[-42.756,-2.557],[-42.76,-2.558],[-42.758,-2.552],[-42.757,-2.549],[-42.755,-2.546],[-42.75,-2.544]]],[[[-45.642,-1.247],[-45.647,-1.25],[-45.649,-1.245],[-45.647,-1.243],[-45.643,-1.243],[-45.639,-1.245],[-45.639,-1.245],[-45.639,-1.245],[-45.642,-1.247]]]]},"properties":{"id":10,"name":"Maranh\u00e3o","sigla":"MA","regiao_id":"4","codigo_ibg":"21","cartodb_id":10,"created_at":"2015-02-09T16:46:01Z","updated_at":"2015-02-09T16:46:01Z"}},{"type":"Feature","geometry":{"type":"MultiPolygon","coordinates":[[[[-44.209,-14.244],[-44.183,-14.258],[-44.162,-14.265],[-44.136,-14.274],[-44.124,-14.275],[-44.106,-14.267],[-44.09,-14.271],[-44.082,-14.275],[-44.076,-14.275],[-44.068,-14.279],[-44.057,-14.281],[-44.038,-14.282],[-44.015,-14.273],[-43.986,-14.267],[-43.98,-14.282],[-43.964,-14.285],[-43.952,-14.293],[-43.942,-14.305],[-43.926,-14.305],[-43.916,-14.299],[-43.91,-14.3],[-43.901,-14.298],[-43.888,-14.306],[-43.87,-14.31],[-43.851,-14.313],[-43.848,-14.315],[-43.842,-14.316],[-43.821,-14.321],[-43.815,-14.323],[-43.808,-14.327],[-43.792,-14.336],[-43.819,-14.389],[-43.842,-14.462],[-43.877,-14.563],[-43.885,-14.594],[-43.875,-14.593],[-43.871,-14.622],[-43.874,-14.636],[-43.877,-14.64],[-43.883,-14.653],[-43.871,-14.663],[-43.859,-14.674],[-43.8,-14.687],[-43.776,-14.692],[-43.755,-14.7],[-43.718,-14.711],[-43.719,-14.729],[-43.689,-14.727],[-43.673,-14.729],[-43.668,-14.737],[-43.638,-14.748],[-43.606,-14.759],[-43.576,-14.76],[-43.534,-14.788],[-43.531,-14.815],[-43.515,-14.804],[-43.504,-14.797],[-43.485,-14.791],[-43.469,-14.781],[-43.467,-14.764],[-43.461,-14.746],[-43.434,-14.726],[-43.425,-14.72],[-43.399,-14.71],[-43.332,-14.683],[-43.299,-14.675],[-43.282,-14.671],[-43.229,-14.66],[-43.188,-14.655],[-43.158,-14.662],[-43.123,-14.671],[-43.108,-14.673],[-43.083,-14.698],[-43.066,-14.68],[-43.048,-14.69],[-43.026,-14.693],[-43.002,-14.696],[-42.952,-14.708],[-42.935,-14.723],[-42.92,-14.744],[-42.909,-14.752],[-42.9,-14.755],[-42.877,-14.767],[-42.867,-14.77],[-42.849,-14.795],[-42.836,-14.806],[-42.742,-14.87],[-42.725,-14.879],[-42.714,-14.88],[-42.7,-14.894],[-42.679,-14.903],[-42.662,-14.91],[-42.652,-14.92],[-42.613,-14.937],[-42.585,-14.935],[-42.572,-14.946],[-42.534,-14.966],[-42.521,-14.983],[-42.476,-15.017],[-42.443,-15.06],[-42.396,-15.078],[-42.336,-15.08],[-42.315,-15.099],[-42.283,-15.117],[-42.27,-15.119],[-42.227,-15.099],[-42.192,-15.103],[-42.173,-15.085],[-42.153,-15.11],[-42.129,-15.131],[-42.098,-15.168],[-42.073,-15.175],[-41.992,-15.163],[-41.953,-15.175],[-41.917,-15.16],[-41.908,-15.154],[-41.871,-15.116],[-41.809,-15.101],[-41.464,-15.402],[-41.356,-15.502],[-41.327,-15.741],[-41.282,-15.74],[-41.246,-15.742],[-41.198,-15.749],[-41.15,-15.766],[-41.128,-15.746],[-41.092,-15.738],[-41.053,-15.725],[-41.007,-15.713],[-40.985,-15.693],[-40.973,-15.666],[-40.933,-15.658],[-40.914,-15.661],[-40.892,-15.69],[-40.848,-15.681],[-40.831,-15.67],[-40.829,-15.648],[-40.78,-15.68],[-40.769,-15.712],[-40.738,-15.7],[-40.743,-15.684],[-40.699,-15.668],[-40.682,-15.699],[-40.637,-15.73],[-40.632,-15.717],[-40.606,-15.736],[-40.592,-15.762],[-40.571,-15.784],[-40.54,-15.795],[-40.518,-15.797],[-40.494,-15.765],[-40.467,-15.76],[-40.452,-15.76],[-40.414,-15.806],[-40.4,-15.813],[-40.382,-15.814],[-40.371,-15.814],[-40.339,-15.816],[-40.318,-15.819],[-40.294,-15.816],[-40.274,-15.817],[-40.255,-15.81],[-40.23,-15.804],[-40.222,-15.821],[-40.221,-15.826],[-40.215,-15.835],[-40.208,-15.844],[-40.199,-15.857],[-40.185,-15.862],[-40.166,-15.877],[-40.166,-15.905],[-40.154,-15.901],[-40.146,-15.899],[-40.117,-15.903],[-40.095,-15.899],[-40.083,-15.919],[-40.072,-15.911],[-40.068,-15.933],[-40.07,-15.937],[-40.066,-15.95],[-40.064,-15.955],[-40.045,-15.962],[-40.04,-15.971],[-40.029,-15.979],[-40.022,-15.99],[-40.01,-15.991],[-40.001,-15.996],[-39.992,-15.995],[-39.991,-15.995],[-39.964,-16.005],[-39.948,-15.992],[-39.916,-16.003],[-39.926,-16.013],[-39.899,-16.049],[-39.889,-16.064],[-39.877,-16.091],[-39.856,-16.113],[-39.882,-16.144],[-39.887,-16.151],[-39.894,-16.199],[-39.912,-16.216],[-39.92,-16.263],[-39.937,-16.29],[-39.952,-16.297],[-39.972,-16.319],[-39.99,-16.313],[-40.011,-16.346],[-40.028,-16.374],[-40.041,-16.407],[-40.062,-16.432],[-40.084,-16.463],[-40.092,-16.434],[-40.114,-16.457],[-40.14,-16.495],[-40.162,-16.523],[-40.174,-16.537],[-40.162,-16.553],[-40.159,-16.58],[-40.19,-16.57],[-40.212,-16.573],[-40.245,-16.567],[-40.254,-16.569],[-40.287,-16.597],[-40.298,-16.652],[-40.307,-16.696],[-40.31,-16.719],[-40.32,-16.746],[-40.331,-16.792],[-40.294,-16.796],[-40.27,-16.795],[-40.256,-16.822],[-40.251,-16.849],[-40.265,-16.865],[-40.281,-16.901],[-40.307,-16.896],[-40.339,-16.898],[-40.366,-16.874],[-40.391,-16.887],[-40.406,-16.896],[-40.437,-16.893],[-40.459,-16.878],[-40.492,-16.904],[-40.54,-16.982],[-40.552,-17.019],[-40.566,-17.081],[-40.563,-17.126],[-40.566,-17.183],[-40.558,-17.23],[-40.571,-17.252],[-40.547,-17.283],[-40.572,-17.294],[-40.59,-17.312],[-40.602,-17.34],[-40.605,-17.359],[-40.601,-17.382],[-40.607,-17.418],[-40.575,-17.414],[-40.551,-17.436],[-40.505,-17.475],[-40.495,-17.486],[-40.483,-17.505],[-40.486,-17.526],[-40.46,-17.568],[-40.41,-17.568],[-40.412,-17.589],[-40.406,-17.611],[-40.381,-17.612],[-40.37,-17.616],[-40.348,-17.63],[-40.322,-17.644],[-40.308,-17.665],[-40.298,-17.683],[-40.286,-17.7],[-40.271,-17.726],[-40.251,-17.726],[-40.224,-17.734],[-40.215,-17.771],[-40.201,-17.816],[-40.193,-17.829],[-40.177,-17.855],[-40.263,-17.922],[-40.234,-17.955],[-40.229,-17.978],[-40.266,-17.962],[-40.291,-17.951],[-40.31,-17.942],[-40.324,-17.936],[-40.355,-17.93],[-40.373,-17.927],[-40.392,-17.924],[-40.432,-17.921],[-40.464,-17.928],[-40.503,-17.91],[-40.527,-17.891],[-40.584,-17.928],[-40.597,-17.936],[-40.621,-17.96],[-40.626,-17.989],[-40.651,-18.006],[-40.677,-18.012],[-40.687,-18.012],[-40.716,-18.004],[-40.745,-18.006],[-40.771,-17.988],[-40.782,-17.975],[-40.798,-17.956],[-40.825,-17.963],[-40.844,-17.965],[-40.873,-17.98],[-40.891,-17.983],[-40.902,-17.987],[-40.8,-18.156],[-40.832,-18.151],[-40.856,-18.139],[-40.866,-18.129],[-40.889,-18.124],[-40.899,-18.112],[-40.917,-18.12],[-40.94,-18.136],[-40.951,-18.142],[-40.966,-18.147],[-40.988,-18.156],[-41.012,-18.161],[-41.033,-18.172],[-41.056,-18.166],[-41.061,-18.18],[-41.093,-18.202],[-41.102,-18.219],[-41.096,-18.232],[-41.1,-18.243],[-41.139,-18.289],[-41.158,-18.308],[-41.149,-18.36],[-41.159,-18.381],[-41.144,-18.406],[-41.166,-18.415],[-41.175,-18.443],[-41.015,-18.473],[-41.033,-18.607],[-41.044,-18.626],[-41.044,-18.648],[-41.032,-18.652],[-41.005,-18.667],[-40.988,-18.677],[-40.943,-18.687],[-40.926,-18.788],[-40.928,-18.819],[-40.948,-18.829],[-40.963,-18.837],[-41.025,-18.837],[-41.11,-18.838],[-41.121,-18.809],[-41.148,-18.796],[-41.237,-18.834],[-41.239,-18.846],[-41.239,-18.858],[-41.209,-18.874],[-41.199,-18.862],[-41.162,-18.861],[-41.149,-18.885],[-41.126,-18.894],[-41.116,-18.916],[-41.103,-18.93],[-41.079,-18.938],[-41.069,-18.943],[-41.064,-18.951],[-41.046,-18.975],[-41.029,-18.974],[-41.056,-19.003],[-41.063,-19.039],[-41.053,-19.059],[-41.023,-19.078],[-41.014,-19.09],[-41.008,-19.098],[-40.982,-19.109],[-40.962,-19.121],[-40.952,-19.142],[-40.948,-19.153],[-40.941,-19.18],[-40.932,-19.186],[-40.928,-19.211],[-40.941,-19.232],[-40.938,-19.249],[-40.917,-19.256],[-40.935,-19.271],[-40.928,-19.286],[-40.924,-19.302],[-40.914,-19.318],[-40.928,-19.329],[-40.928,-19.367],[-40.957,-19.398],[-40.964,-19.423],[-40.958,-19.441],[-40.951,-19.465],[-40.971,-19.494],[-40.978,-19.505],[-41.049,-19.503],[-41.041,-19.518],[-41.036,-19.568],[-41.072,-19.584],[-41.09,-19.596],[-41.099,-19.604],[-41.119,-19.641],[-41.138,-19.658],[-41.168,-19.672],[-41.176,-19.708],[-41.182,-19.732],[-41.19,-19.746],[-41.173,-19.783],[-41.186,-19.827],[-41.18,-19.847],[-41.204,-19.902],[-41.228,-19.905],[-41.249,-19.937],[-41.288,-19.939],[-41.31,-19.961],[-41.315,-19.986],[-41.317,-20.026],[-41.328,-20.055],[-41.336,-20.076],[-41.346,-20.103],[-41.354,-20.131],[-41.359,-20.14],[-41.374,-20.168],[-41.409,-20.197],[-41.556,-20.206],[-41.757,-20.213],[-41.764,-20.227],[-41.769,-20.255],[-41.779,-20.282],[-41.803,-20.299],[-41.823,-20.311],[-41.825,-20.319],[-41.847,-20.329],[-41.855,-20.364],[-41.835,-20.409],[-41.798,-20.435],[-41.806,-20.491],[-41.81,-20.515],[-41.804,-20.544],[-41.84,-20.586],[-41.845,-20.606],[-41.846,-20.621],[-41.82,-20.633],[-41.811,-20.637],[-41.819,-20.657],[-41.824,-20.663],[-41.848,-20.686],[-41.854,-20.705],[-41.859,-20.712],[-41.865,-20.722],[-41.863,-20.741],[-41.879,-20.76],[-41.878,-20.778],[-41.906,-20.797],[-41.935,-20.828],[-41.942,-20.856],[-41.95,-20.874],[-41.967,-20.899],[-41.971,-20.916],[-41.976,-20.935],[-42.016,-20.928],[-42.046,-20.933],[-42.09,-20.937],[-42.111,-20.948],[-42.121,-20.959],[-42.151,-20.974],[-42.141,-20.987],[-42.117,-21.002],[-42.107,-21.014],[-42.081,-21.033],[-42.101,-21.034],[-42.101,-21.049],[-42.133,-21.081],[-42.158,-21.101],[-42.17,-21.128],[-42.188,-21.146],[-42.192,-21.164],[-42.199,-21.171],[-42.198,-21.195],[-42.202,-21.218],[-42.191,-21.224],[-42.204,-21.261],[-42.229,-21.284],[-42.232,-21.327],[-42.235,-21.343],[-42.232,-21.354],[-42.241,-21.377],[-42.249,-21.39],[-42.26,-21.41],[-42.276,-21.424],[-42.28,-21.433],[-42.285,-21.444],[-42.292,-21.46],[-42.252,-21.49],[-42.294,-21.525],[-42.303,-21.539],[-42.331,-21.56],[-42.346,-21.582],[-42.365,-21.624],[-42.361,-21.631],[-42.346,-21.642],[-42.341,-21.66],[-42.325,-21.656],[-42.316,-21.655],[-42.287,-21.672],[-42.275,-21.676],[-42.272,-21.703],[-42.271,-21.715],[-42.312,-21.735],[-42.376,-21.748],[-42.46,-21.785],[-42.567,-21.831],[-42.594,-21.852],[-42.608,-21.852],[-42.651,-21.869],[-42.681,-21.879],[-42.699,-21.889],[-42.708,-21.892],[-42.749,-21.912],[-42.756,-21.915],[-42.776,-21.924],[-42.824,-21.941],[-42.882,-21.96],[-42.914,-21.992],[-42.966,-22.014],[-42.994,-22.035],[-43.038,-22.052],[-43.035,-22.069],[-43.058,-22.085],[-43.076,-22.087],[-43.122,-22.09],[-43.145,-22.1],[-43.134,-22.059],[-43.134,-22.03],[-43.155,-22.032],[-43.169,-22.022],[-43.205,-22.035],[-43.213,-22.03],[-43.236,-22.02],[-43.262,-22.008],[-43.275,-22.011],[-43.301,-22.019],[-43.32,-22.006],[-43.352,-22.008],[-43.368,-22.02],[-43.437,-22.059],[-43.476,-22.069],[-43.506,-22.068],[-43.524,-22.069],[-43.567,-22.087],[-43.584,-22.07],[-43.599,-22.059],[-43.611,-22.071],[-43.628,-22.076],[-43.652,-22.067],[-43.668,-22.085],[-43.691,-22.07],[-43.709,-22.081],[-43.734,-22.096],[-43.746,-22.088],[-43.756,-22.076],[-43.766,-22.062],[-43.8,-22.082],[-43.811,-22.086],[-43.823,-22.09],[-43.862,-22.099],[-43.88,-22.108],[-43.895,-22.116],[-43.961,-22.14],[-43.988,-22.15],[-44.005,-22.162],[-44.039,-22.157],[-44.072,-22.164],[-44.087,-22.183],[-44.104,-22.177],[-44.123,-22.188],[-44.121,-22.209],[-44.141,-22.22],[-44.153,-22.226],[-44.166,-22.229],[-44.18,-22.228],[-44.201,-22.251],[-44.213,-22.246],[-44.235,-22.266],[-44.25,-22.26],[-44.261,-22.261],[-44.267,-22.248],[-44.291,-22.243],[-44.322,-22.261],[-44.337,-22.258],[-44.361,-22.253],[-44.384,-22.267],[-44.394,-22.258],[-44.438,-22.258],[-44.456,-22.257],[-44.463,-22.275],[-44.501,-22.303],[-44.53,-22.323],[-44.545,-22.323],[-44.571,-22.324],[-44.587,-22.321],[-44.628,-22.345],[-44.646,-22.365],[-44.658,-22.374],[-44.685,-22.372],[-44.711,-22.368],[-44.724,-22.359],[-44.744,-22.376],[-44.768,-22.38],[-44.784,-22.385],[-44.804,-22.393],[-44.808,-22.413],[-44.844,-22.427],[-44.871,-22.424],[-44.94,-22.452],[-45.001,-22.468],[-45.027,-22.47],[-45.04,-22.469],[-45.091,-22.483],[-45.128,-22.497],[-45.164,-22.527],[-45.203,-22.557],[-45.226,-22.566],[-45.258,-22.593],[-45.274,-22.616],[-45.335,-22.622],[-45.361,-22.638],[-45.4,-22.653],[-45.413,-22.628],[-45.437,-22.611],[-45.451,-22.606],[-45.477,-22.596],[-45.5,-22.626],[-45.533,-22.646],[-45.551,-22.653],[-45.581,-22.652],[-45.576,-22.64],[-45.568,-22.61],[-45.584,-22.615],[-45.618,-22.637],[-45.681,-22.636],[-45.668,-22.609],[-45.663,-22.586],[-45.697,-22.586],[-45.727,-22.589],[-45.737,-22.608],[-45.708,-22.639],[-45.694,-22.651],[-45.742,-22.659],[-45.751,-22.67],[-45.767,-22.679],[-45.791,-22.694],[-45.813,-22.728],[-45.757,-22.721],[-45.721,-22.741],[-45.713,-22.756],[-45.712,-22.769],[-45.729,-22.787],[-45.721,-22.804],[-45.722,-22.816],[-45.742,-22.802],[-45.759,-22.801],[-45.768,-22.844],[-45.796,-22.852],[-45.815,-22.833],[-45.829,-22.834],[-45.85,-22.847],[-45.857,-22.86],[-45.875,-22.874],[-45.894,-22.857],[-45.905,-22.833],[-45.922,-22.824],[-45.944,-22.845],[-45.956,-22.853],[-45.977,-22.865],[-46.001,-22.879],[-46.075,-22.89],[-46.108,-22.905],[-46.154,-22.912],[-46.142,-22.88],[-46.185,-22.869],[-46.238,-22.894],[-46.262,-22.878],[-46.295,-22.897],[-46.342,-22.902],[-46.359,-22.896],[-46.376,-22.872],[-46.38,-22.864],[-46.37,-22.835],[-46.361,-22.788],[-46.343,-22.777],[-46.338,-22.759],[-46.376,-22.745],[-46.392,-22.743],[-46.424,-22.734],[-46.437,-22.73],[-46.453,-22.723],[-46.475,-22.701],[-46.473,-22.691],[-46.464,-22.675],[-46.448,-22.669],[-46.421,-22.663],[-46.407,-22.662],[-46.393,-22.662],[-46.406,-22.64],[-46.423,-22.624],[-46.423,-22.598],[-46.42,-22.584],[-46.411,-22.554],[-46.417,-22.547],[-46.439,-22.534],[-46.464,-22.522],[-46.497,-22.513],[-46.536,-22.487],[-46.549,-22.468],[-46.549,-22.458],[-46.572,-22.452],[-46.576,-22.444],[-46.603,-22.443],[-46.622,-22.437],[-46.642,-22.426],[-46.668,-22.407],[-46.66,-22.366],[-46.687,-22.357],[-46.691,-22.347],[-46.693,-22.343],[-46.695,-22.334],[-46.711,-22.312],[-46.723,-22.306],[-46.71,-22.285],[-46.705,-22.274],[-46.692,-22.247],[-46.685,-22.23],[-46.67,-22.184],[-46.668,-22.175],[-46.643,-22.169],[-46.601,-22.139],[-46.617,-22.126],[-46.641,-22.1],[-46.67,-22.097],[-46.7,-22.095],[-46.723,-22.077],[-46.696,-22.072],[-46.661,-22.064],[-46.68,-22.045],[-46.674,-22.022],[-46.654,-22.015],[-46.64,-22.008],[-46.613,-22.009],[-46.623,-21.992],[-46.653,-21.953],[-46.667,-21.932],[-46.661,-21.898],[-46.657,-21.869],[-46.683,-21.844],[-46.668,-21.809],[-46.651,-21.787],[-46.638,-21.768],[-46.626,-21.766],[-46.622,-21.715],[-46.623,-21.693],[-46.571,-21.682],[-46.556,-21.652],[-46.534,-21.628],[-46.516,-21.605],[-46.521,-21.584],[-46.503,-21.561],[-46.52,-21.533],[-46.516,-21.509],[-46.511,-21.48],[-46.519,-21.462],[-46.535,-21.449],[-46.561,-21.441],[-46.581,-21.431],[-46.619,-21.435],[-46.618,-21.421],[-46.638,-21.403],[-46.647,-21.379],[-46.647,-21.364],[-46.683,-21.376],[-46.706,-21.404],[-46.72,-21.389],[-46.755,-21.38],[-46.764,-21.36],[-46.781,-21.37],[-46.791,-21.373],[-46.835,-21.373],[-46.852,-21.389],[-46.859,-21.394],[-46.882,-21.406],[-46.897,-21.414],[-46.915,-21.42],[-46.924,-21.423],[-46.94,-21.422],[-46.959,-21.422],[-46.97,-21.422],[-46.98,-21.424],[-46.999,-21.421],[-47.007,-21.41],[-47.008,-21.392],[-46.996,-21.357],[-47.023,-21.328],[-47.03,-21.311],[-47.036,-21.294],[-47.044,-21.265],[-47.063,-21.239],[-47.07,-21.221],[-47.086,-21.207],[-47.102,-21.203],[-47.121,-21.17],[-47.126,-21.125],[-47.113,-21.104],[-47.142,-21.088],[-47.143,-21.062],[-47.157,-21.018],[-47.151,-21.006],[-47.146,-20.976],[-47.166,-20.962],[-47.192,-20.942],[-47.21,-20.924],[-47.227,-20.857],[-47.219,-20.796],[-47.198,-20.775],[-47.175,-20.739],[-47.173,-20.711],[-47.149,-20.707],[-47.112,-20.696],[-47.102,-20.67],[-47.108,-20.639],[-47.108,-20.621],[-47.126,-20.59],[-47.142,-20.545],[-47.154,-20.519],[-47.211,-20.502],[-47.258,-20.471],[-47.291,-20.449],[-47.289,-20.434],[-47.291,-20.423],[-47.292,-20.417],[-47.29,-20.399],[-47.292,-20.384],[-47.292,-20.37],[-47.289,-20.337],[-47.285,-20.319],[-47.276,-20.291],[-47.252,-20.263],[-47.232,-20.227],[-47.262,-20.161],[-47.331,-20.114],[-47.374,-20.083],[-47.418,-20.064],[-47.425,-20.017],[-47.45,-19.987],[-47.473,-19.962],[-47.497,-19.971],[-47.512,-19.983],[-47.581,-19.995],[-47.614,-20.042],[-47.636,-20.048],[-47.676,-20.001],[-47.733,-19.987],[-47.801,-19.985],[-47.859,-19.993],[-47.871,-20.038],[-47.863,-20.056],[-47.894,-20.123],[-47.938,-20.099],[-47.977,-20.035],[-47.99,-20.044],[-48.025,-20.119],[-48.07,-20.146],[-48.126,-20.131],[-48.167,-20.103],[-48.208,-20.04],[-48.24,-20.029],[-48.251,-20.081],[-48.218,-20.126],[-48.276,-20.14],[-48.307,-20.118],[-48.351,-20.12],[-48.405,-20.113],[-48.491,-20.138],[-48.554,-20.13],[-48.596,-20.137],[-48.662,-20.166],[-48.692,-20.162],[-48.753,-20.153],[-48.85,-20.177],[-48.853,-20.212],[-48.885,-20.269],[-48.88,-20.348],[-48.869,-20.406],[-48.896,-20.44],[-48.968,-20.393],[-48.972,-20.207],[-49.019,-20.153],[-49.063,-20.152],[-49.12,-20.269],[-49.179,-20.31],[-49.217,-20.303],[-49.258,-20.246],[-49.299,-20.167],[-49.296,-20.016],[-49.262,-20.006],[-49.25,-19.97],[-49.265,-19.962],[-49.32,-19.971],[-49.411,-19.982],[-49.487,-19.955],[-49.551,-19.905],[-49.582,-19.91],[-49.712,-19.931],[-49.793,-19.928],[-49.845,-19.94],[-49.905,-19.939],[-50.076,-19.888],[-50.138,-19.875],[-50.21,-19.867],[-50.311,-19.873],[-50.356,-19.856],[-50.372,-19.845],[-50.486,-19.785],[-50.508,-19.796],[-50.562,-19.813],[-50.591,-19.834],[-50.636,-19.875],[-50.783,-19.937],[-50.817,-19.958],[-50.869,-19.986],[-50.896,-19.99],[-50.927,-20.011],[-50.949,-20.031],[-51.0,-20.085],[-51.011,-20.033],[-51.02,-19.964],[-51.0,-19.913],[-51.022,-19.807],[-51.027,-19.756],[-51.038,-19.719],[-51.012,-19.653],[-50.987,-19.589],[-50.946,-19.591],[-50.924,-19.558],[-50.962,-19.5],[-50.949,-19.471],[-50.826,-19.487],[-50.871,-19.428],[-50.86,-19.392],[-50.835,-19.327],[-50.78,-19.261],[-50.743,-19.214],[-50.68,-19.173],[-50.677,-19.139],[-50.645,-19.133],[-50.549,-19.108],[-50.537,-19.099],[-50.497,-19.026],[-50.5,-18.981],[-50.473,-18.92],[-50.441,-18.89],[-50.402,-18.824],[-50.352,-18.76],[-50.309,-18.698],[-50.25,-18.677],[-50.198,-18.679],[-50.064,-18.653],[-50.037,-18.61],[-50.016,-18.599],[-49.963,-18.616],[-49.903,-18.621],[-49.877,-18.611],[-49.856,-18.623],[-49.827,-18.634],[-49.777,-18.63],[-49.757,-18.609],[-49.731,-18.613],[-49.686,-18.59],[-49.64,-18.6],[-49.651,-18.564],[-49.581,-18.543],[-49.55,-18.541],[-49.542,-18.527],[-49.535,-18.493],[-49.49,-18.499],[-49.485,-18.544],[-49.408,-18.644],[-49.371,-18.628],[-49.326,-18.563],[-49.287,-18.54],[-49.244,-18.506],[-49.201,-18.458],[-49.211,-18.423],[-49.185,-18.416],[-49.127,-18.383],[-49.112,-18.4],[-49.096,-18.404],[-49.069,-18.412],[-49.023,-18.367],[-48.996,-18.37],[-48.981,-18.356],[-48.975,-18.34],[-48.917,-18.305],[-48.882,-18.318],[-48.828,-18.375],[-48.8,-18.361],[-48.767,-18.353],[-48.716,-18.348],[-48.692,-18.347],[-48.641,-18.34],[-48.582,-18.327],[-48.554,-18.34],[-48.531,-18.351],[-48.481,-18.36],[-48.454,-18.361],[-48.422,-18.362],[-48.404,-18.362],[-48.342,-18.37],[-48.315,-18.373],[-48.272,-18.331],[-48.226,-18.345],[-48.196,-18.364],[-48.16,-18.382],[-48.128,-18.416],[-48.067,-18.425],[-48.048,-18.417],[-48.013,-18.444],[-47.997,-18.454],[-47.979,-18.462],[-47.965,-18.477],[-47.948,-18.491],[-47.926,-18.475],[-47.904,-18.47],[-47.882,-18.47],[-47.864,-18.464],[-47.865,-18.452],[-47.849,-18.441],[-47.831,-18.442],[-47.829,-18.413],[-47.799,-18.41],[-47.779,-18.424],[-47.748,-18.411],[-47.756,-18.395],[-47.74,-18.363],[-47.702,-18.379],[-47.686,-18.357],[-47.653,-18.326],[-47.633,-18.333],[-47.627,-18.303],[-47.638,-18.287],[-47.619,-18.255],[-47.607,-18.263],[-47.59,-18.235],[-47.583,-18.23],[-47.571,-18.22],[-47.534,-18.198],[-47.533,-18.23],[-47.518,-18.202],[-47.497,-18.199],[-47.485,-18.186],[-47.468,-18.176],[-47.435,-18.167],[-47.428,-18.139],[-47.408,-18.141],[-47.405,-18.135],[-47.395,-18.123],[-47.384,-18.117],[-47.354,-18.096],[-47.346,-18.088],[-47.31,-18.069],[-47.302,-18.063],[-47.284,-18.04],[-47.3,-18.027],[-47.3,-18.008],[-47.319,-17.986],[-47.314,-17.977],[-47.335,-17.937],[-47.342,-17.92],[-47.352,-17.897],[-47.353,-17.87],[-47.366,-17.835],[-47.359,-17.816],[-47.358,-17.805],[-47.351,-17.795],[-47.347,-17.783],[-47.336,-17.761],[-47.342,-17.744],[-47.313,-17.699],[-47.299,-17.689],[-47.27,-17.674],[-47.278,-17.644],[-47.266,-17.609],[-47.306,-17.558],[-47.32,-17.531],[-47.374,-17.523],[-47.414,-17.521],[-47.466,-17.533],[-47.492,-17.526],[-47.504,-17.486],[-47.535,-17.455],[-47.53,-17.441],[-47.526,-17.428],[-47.529,-17.413],[-47.524,-17.411],[-47.538,-17.388],[-47.528,-17.387],[-47.525,-17.383],[-47.519,-17.356],[-47.511,-17.331],[-47.495,-17.344],[-47.464,-17.355],[-47.447,-17.349],[-47.451,-17.329],[-47.432,-17.32],[-47.429,-17.308],[-47.425,-17.283],[-47.421,-17.271],[-47.422,-17.26],[-47.411,-17.249],[-47.386,-17.249],[-47.381,-17.232],[-47.372,-17.217],[-47.36,-17.204],[-47.354,-17.195],[-47.35,-17.186],[-47.348,-17.182],[-47.342,-17.165],[-47.323,-17.155],[-47.303,-17.154],[-47.293,-17.139],[-47.279,-17.125],[-47.275,-17.12],[-47.267,-17.111],[-47.259,-17.1],[-47.248,-17.098],[-47.239,-17.083],[-47.23,-17.086],[-47.225,-17.081],[-47.218,-17.077],[-47.207,-17.066],[-47.191,-17.066],[-47.194,-17.06],[-47.176,-17.054],[-47.18,-17.035],[-47.168,-17.041],[-47.161,-17.036],[-47.157,-17.034],[-47.152,-17.032],[-47.131,-17.01],[-47.144,-17.003],[-47.14,-16.997],[-47.126,-16.98],[-47.151,-16.967],[-47.155,-16.954],[-47.162,-16.939],[-47.174,-16.932],[-47.172,-16.918],[-47.193,-16.898],[-47.194,-16.887],[-47.2,-16.877],[-47.209,-16.865],[-47.206,-16.839],[-47.212,-16.827],[-47.21,-16.816],[-47.219,-16.797],[-47.229,-16.767],[-47.234,-16.744],[-47.223,-16.729],[-47.245,-16.706],[-47.245,-16.701],[-47.259,-16.679],[-47.259,-16.667],[-47.265,-16.659],[-47.278,-16.65],[-47.285,-16.642],[-47.294,-16.636],[-47.302,-16.628],[-47.316,-16.616],[-47.315,-16.607],[-47.338,-16.611],[-47.337,-16.598],[-47.355,-16.589],[-47.376,-16.599],[-47.387,-16.579],[-47.394,-16.574],[-47.409,-16.566],[-47.41,-16.561],[-47.405,-16.555],[-47.426,-16.548],[-47.43,-16.541],[-47.442,-16.529],[-47.455,-16.495],[-47.454,-16.467],[-47.445,-16.45],[-47.429,-16.433],[-47.427,-16.394],[-47.403,-16.375],[-47.37,-16.332],[-47.354,-16.299],[-47.348,-16.285],[-47.334,-16.257],[-47.322,-16.231],[-47.323,-16.209],[-47.33,-16.195],[-47.334,-16.184],[-47.332,-16.171],[-47.342,-16.16],[-47.344,-16.151],[-47.346,-16.14],[-47.341,-16.121],[-47.338,-16.113],[-47.337,-16.093],[-47.323,-16.087],[-47.316,-16.079],[-47.304,-16.06],[-47.309,-16.035],[-47.3,-16.017],[-47.276,-16.006],[-47.254,-16.019],[-47.233,-16.015],[-47.228,-16.015],[-47.207,-15.997],[-47.198,-15.987],[-47.185,-15.982],[-47.186,-15.971],[-47.17,-15.973],[-47.166,-15.956],[-47.149,-15.938],[-47.139,-15.931],[-47.131,-15.934],[-47.126,-15.944],[-47.087,-15.96],[-46.824,-15.885],[-46.806,-15.868],[-46.822,-15.82],[-46.813,-15.787],[-46.842,-15.714],[-46.858,-15.638],[-46.897,-15.593],[-46.946,-15.56],[-46.93,-15.443],[-46.86,-15.364],[-46.848,-15.346],[-46.889,-15.282],[-46.907,-15.237],[-46.935,-15.224],[-46.923,-15.182],[-46.91,-15.152],[-46.899,-15.093],[-46.924,-15.058],[-46.86,-15.015],[-46.753,-15.032],[-46.656,-15.081],[-46.617,-15.086],[-46.593,-15.084],[-46.551,-15.063],[-46.514,-15.061],[-46.525,-15.009],[-46.516,-14.982],[-46.54,-14.942],[-46.542,-14.896],[-46.527,-14.84],[-46.559,-14.814],[-46.563,-14.799],[-46.543,-14.76],[-46.522,-14.745],[-46.509,-14.716],[-46.49,-14.71],[-46.468,-14.708],[-46.447,-14.731],[-46.404,-14.76],[-46.377,-14.786],[-46.365,-14.795],[-46.336,-14.803],[-46.322,-14.814],[-46.318,-14.847],[-46.308,-14.877],[-46.315,-14.9],[-46.292,-14.917],[-46.251,-14.925],[-46.227,-14.934],[-46.211,-14.937],[-46.166,-14.908],[-46.145,-14.926],[-46.12,-14.92],[-46.083,-14.918],[-46.062,-14.908],[-46.037,-14.874],[-46.005,-14.912],[-45.98,-14.944],[-45.974,-14.995],[-46.018,-15.081],[-46.028,-15.114],[-46.045,-15.142],[-46.075,-15.175],[-46.087,-15.183],[-46.118,-15.202],[-46.098,-15.239],[-46.081,-15.248],[-46.056,-15.252],[-46.038,-15.23],[-46.032,-15.213],[-46.0,-15.196],[-45.984,-15.196],[-45.975,-15.171],[-45.963,-15.147],[-45.857,-15.148],[-45.845,-15.145],[-45.827,-15.122],[-45.811,-15.112],[-45.789,-15.114],[-45.739,-15.117],[-45.722,-15.104],[-45.713,-15.097],[-45.693,-15.088],[-45.679,-15.084],[-45.658,-15.043],[-45.647,-15.031],[-45.616,-15.013],[-45.601,-14.995],[-45.594,-14.982],[-45.587,-14.976],[-45.553,-14.945],[-45.52,-14.953],[-45.495,-14.952],[-45.455,-14.949],[-45.442,-14.935],[-45.421,-14.926],[-45.371,-14.886],[-45.355,-14.877],[-45.352,-14.864],[-45.318,-14.852],[-45.317,-14.832],[-45.295,-14.827],[-45.29,-14.825],[-45.274,-14.811],[-45.263,-14.802],[-45.246,-14.784],[-45.229,-14.765],[-45.191,-14.749],[-45.181,-14.744],[-45.163,-14.732],[-45.095,-14.752],[-45.054,-14.699],[-45.04,-14.69],[-44.995,-14.667],[-44.986,-14.662],[-44.974,-14.652],[-44.957,-14.635],[-44.951,-14.631],[-44.941,-14.626],[-44.908,-14.613],[-44.896,-14.605],[-44.876,-14.596],[-44.859,-14.578],[-44.847,-14.575],[-44.854,-14.567],[-44.847,-14.545],[-44.824,-14.539],[-44.832,-14.526],[-44.823,-14.515],[-44.817,-14.503],[-44.818,-14.49],[-44.794,-14.491],[-44.786,-14.487],[-44.762,-14.478],[-44.756,-14.478],[-44.748,-14.464],[-44.725,-14.455],[-44.711,-14.447],[-44.699,-14.437],[-44.687,-14.421],[-44.669,-14.416],[-44.663,-14.408],[-44.651,-14.397],[-44.643,-14.392],[-44.633,-14.394],[-44.616,-14.375],[-44.597,-14.367],[-44.575,-14.35],[-44.564,-14.348],[-44.557,-14.337],[-44.54,-14.331],[-44.516,-14.327],[-44.508,-14.325],[-44.487,-14.328],[-44.47,-14.316],[-44.465,-14.311],[-44.43,-14.289],[-44.397,-14.273],[-44.389,-14.28],[-44.376,-14.271],[-44.352,-14.266],[-44.346,-14.263],[-44.341,-14.256],[-44.316,-14.24],[-44.286,-14.249],[-44.276,-14.252],[-44.254,-14.252],[-44.247,-14.252],[-44.235,-14.246],[-44.209,-14.236],[-44.209,-14.244]]]]},"properties":{"id":11,"name":"Minas Gerais","sigla":"MG","regiao_id":"2","codigo_ibg":"31","cartodb_id":11,"created_at":"2015-02-09T16:46:01Z","updated_at":"2015-02-09T16:46:01Z"}},{"type":"Feature","geometry":{"type":"MultiPolygon","coordinates":[[[[-53.874,-17.922],[-53.866,-17.925],[-53.85,-17.932],[-53.844,-17.935],[-53.836,-17.942],[-53.824,-17.948],[-53.819,-17.958],[-53.813,-17.964],[-53.805,-17.969],[-53.797,-17.976],[-53.793,-17.98],[-53.779,-17.998],[-53.73,-18.0],[-53.715,-17.999],[-53.7,-18.005],[-53.69,-18.002],[-53.677,-17.989],[-53.661,-17.977],[-53.61,-17.989],[-53.589,-18.012],[-53.564,-18.004],[-53.552,-18.015],[-53.514,-18.026],[-53.486,-18.04],[-53.466,-18.024],[-53.453,-17.999],[-53.44,-17.989],[-53.43,-17.986],[-53.417,-17.994],[-53.38,-18.008],[-53.342,-18.008],[-53.299,-17.995],[-53.205,-18.021],[-53.19,-18.036],[-53.077,-18.039],[-53.103,-18.057],[-53.136,-18.115],[-53.11,-18.219],[-53.101,-18.293],[-53.069,-18.342],[-53.024,-18.35],[-53.004,-18.32],[-52.936,-18.298],[-52.872,-18.314],[-52.781,-18.325],[-52.761,-18.371],[-52.798,-18.414],[-52.903,-18.483],[-52.962,-18.54],[-52.952,-18.568],[-52.934,-18.599],[-52.921,-18.613],[-52.916,-18.639],[-52.846,-18.667],[-52.827,-18.671],[-52.786,-18.681],[-52.749,-18.69],[-52.718,-18.691],[-52.673,-18.68],[-52.624,-18.69],[-52.592,-18.689],[-52.561,-18.663],[-52.531,-18.658],[-52.5,-18.675],[-52.428,-18.727],[-52.41,-18.749],[-52.398,-18.761],[-52.378,-18.785],[-52.375,-18.788],[-52.368,-18.795],[-52.35,-18.81],[-52.344,-18.821],[-52.309,-18.839],[-52.264,-18.83],[-52.228,-18.841],[-52.207,-18.85],[-52.199,-18.85],[-52.179,-18.854],[-52.174,-18.858],[-52.165,-18.867],[-52.155,-18.882],[-52.137,-18.889],[-52.111,-18.899],[-52.104,-18.918],[-52.09,-18.935],[-52.081,-18.95],[-52.049,-18.951],[-52.037,-18.961],[-52.019,-18.967],[-52.015,-18.982],[-51.996,-18.973],[-51.98,-18.973],[-51.967,-18.974],[-51.952,-18.975],[-51.933,-18.975],[-51.922,-18.984],[-51.903,-18.994],[-51.891,-19.017],[-51.875,-19.03],[-51.848,-19.046],[-51.835,-19.046],[-51.819,-19.053],[-51.796,-19.066],[-51.789,-19.074],[-51.779,-19.079],[-51.759,-19.088],[-51.74,-19.1],[-51.729,-19.104],[-51.713,-19.102],[-51.709,-19.112],[-51.648,-19.132],[-51.62,-19.137],[-51.596,-19.136],[-51.577,-19.128],[-51.55,-19.14],[-51.534,-19.141],[-51.511,-19.15],[-51.493,-19.163],[-51.469,-19.158],[-51.447,-19.16],[-51.429,-19.169],[-51.411,-19.172],[-51.397,-19.193],[-51.37,-19.2],[-51.369,-19.22],[-51.339,-19.218],[-51.307,-19.218],[-51.297,-19.238],[-51.277,-19.255],[-51.248,-19.269],[-51.237,-19.267],[-51.211,-19.263],[-51.2,-19.264],[-51.174,-19.285],[-51.135,-19.294],[-51.098,-19.307],[-51.087,-19.313],[-51.067,-19.325],[-51.053,-19.335],[-51.042,-19.36],[-51.018,-19.383],[-51.03,-19.401],[-51.001,-19.404],[-50.985,-19.41],[-50.952,-19.442],[-50.935,-19.467],[-50.962,-19.492],[-50.927,-19.55],[-50.937,-19.592],[-50.971,-19.582],[-51.011,-19.65],[-51.036,-19.687],[-51.045,-19.737],[-51.032,-19.793],[-50.999,-19.906],[-51.02,-19.962],[-51.006,-20.025],[-51.009,-20.072],[-51.04,-20.177],[-51.048,-20.198],[-51.069,-20.25],[-51.159,-20.304],[-51.308,-20.334],[-51.35,-20.363],[-51.375,-20.396],[-51.411,-20.46],[-51.456,-20.492],[-51.5,-20.568],[-51.576,-20.625],[-51.628,-20.725],[-51.627,-20.784],[-51.63,-20.851],[-51.618,-20.932],[-51.713,-20.971],[-51.772,-21.048],[-51.812,-21.117],[-51.865,-21.13],[-51.875,-21.181],[-51.851,-21.263],[-51.864,-21.344],[-51.919,-21.422],[-51.95,-21.472],[-52.057,-21.503],[-52.103,-21.559],[-52.062,-21.62],[-52.049,-21.661],[-52.102,-21.745],[-52.175,-21.798],[-52.19,-21.846],[-52.263,-21.912],[-52.313,-21.962],[-52.391,-22.115],[-52.479,-22.2],[-52.503,-22.225],[-52.601,-22.271],[-52.695,-22.314],[-52.798,-22.378],[-52.857,-22.441],[-53.004,-22.503],[-53.081,-22.558],[-53.105,-22.621],[-53.201,-22.728],[-53.357,-22.779],[-53.405,-22.811],[-53.44,-22.837],[-53.54,-22.886],[-53.56,-22.916],[-53.607,-22.951],[-53.634,-22.998],[-53.636,-23.125],[-53.685,-23.205],[-53.73,-23.317],[-53.776,-23.372],[-53.961,-23.444],[-53.982,-23.46],[-54.029,-23.628],[-54.05,-23.687],[-54.086,-23.825],[-54.088,-23.844],[-54.099,-23.946],[-54.168,-23.999],[-54.274,-24.061],[-54.296,-24.057],[-54.309,-24.046],[-54.321,-24.022],[-54.337,-24.003],[-54.355,-24.006],[-54.381,-23.987],[-54.392,-23.973],[-54.414,-23.96],[-54.428,-23.919],[-54.433,-23.91],[-54.468,-23.897],[-54.488,-23.89],[-54.504,-23.884],[-54.522,-23.879],[-54.532,-23.874],[-54.547,-23.87],[-54.568,-23.862],[-54.582,-23.845],[-54.592,-23.841],[-54.601,-23.852],[-54.625,-23.834],[-54.647,-23.832],[-54.667,-23.817],[-54.678,-23.82],[-54.691,-23.833],[-54.705,-23.863],[-54.735,-23.865],[-54.749,-23.859],[-54.776,-23.867],[-54.788,-23.867],[-54.805,-23.878],[-54.822,-23.886],[-54.84,-23.886],[-54.849,-23.895],[-54.862,-23.904],[-54.878,-23.901],[-54.901,-23.909],[-54.924,-23.923],[-54.929,-23.944],[-54.937,-23.962],[-54.961,-23.963],[-54.971,-23.958],[-54.998,-23.956],[-55.028,-23.972],[-55.046,-23.984],[-55.053,-23.984],[-55.072,-23.983],[-55.077,-23.985],[-55.097,-23.971],[-55.121,-23.977],[-55.126,-23.978],[-55.149,-23.988],[-55.16,-23.987],[-55.18,-23.99],[-55.197,-23.988],[-55.245,-23.999],[-55.264,-23.987],[-55.27,-23.984],[-55.29,-23.972],[-55.308,-23.963],[-55.321,-23.967],[-55.337,-23.994],[-55.362,-23.984],[-55.375,-23.98],[-55.387,-23.968],[-55.396,-23.976],[-55.419,-23.959],[-55.422,-23.942],[-55.428,-23.926],[-55.44,-23.911],[-55.434,-23.873],[-55.438,-23.857],[-55.443,-23.823],[-55.437,-23.801],[-55.431,-23.79],[-55.439,-23.765],[-55.441,-23.753],[-55.443,-23.735],[-55.446,-23.712],[-55.462,-23.709],[-55.466,-23.678],[-55.473,-23.658],[-55.481,-23.641],[-55.494,-23.638],[-55.508,-23.633],[-55.515,-23.626],[-55.534,-23.618],[-55.53,-23.586],[-55.524,-23.567],[-55.538,-23.533],[-55.54,-23.524],[-55.549,-23.497],[-55.561,-23.476],[-55.542,-23.455],[-55.529,-23.425],[-55.514,-23.4],[-55.506,-23.381],[-55.52,-23.363],[-55.529,-23.341],[-55.541,-23.328],[-55.552,-23.307],[-55.553,-23.291],[-55.547,-23.274],[-55.526,-23.256],[-55.541,-23.243],[-55.543,-23.225],[-55.531,-23.213],[-55.526,-23.194],[-55.543,-23.18],[-55.54,-23.171],[-55.548,-23.154],[-55.574,-23.143],[-55.592,-23.15],[-55.596,-23.12],[-55.605,-23.097],[-55.61,-23.077],[-55.613,-23.041],[-55.63,-23.029],[-55.627,-22.99],[-55.626,-22.979],[-55.637,-22.961],[-55.641,-22.951],[-55.647,-22.938],[-55.649,-22.91],[-55.65,-22.888],[-55.66,-22.882],[-55.661,-22.861],[-55.658,-22.841],[-55.656,-22.823],[-55.655,-22.808],[-55.652,-22.796],[-55.634,-22.772],[-55.624,-22.767],[-55.621,-22.753],[-55.615,-22.73],[-55.612,-22.715],[-55.611,-22.694],[-55.615,-22.678],[-55.614,-22.66],[-55.624,-22.631],[-55.641,-22.615],[-55.661,-22.603],[-55.673,-22.592],[-55.691,-22.579],[-55.694,-22.567],[-55.709,-22.558],[-55.726,-22.543],[-55.748,-22.5],[-55.75,-22.472],[-55.739,-22.46],[-55.736,-22.443],[-55.737,-22.415],[-55.741,-22.392],[-55.756,-22.386],[-55.77,-22.384],[-55.788,-22.387],[-55.799,-22.366],[-55.803,-22.353],[-55.823,-22.341],[-55.835,-22.309],[-55.852,-22.281],[-55.896,-22.285],[-55.912,-22.278],[-55.945,-22.283],[-55.963,-22.289],[-55.976,-22.284],[-56.001,-22.286],[-56.013,-22.286],[-56.029,-22.284],[-56.06,-22.277],[-56.077,-22.284],[-56.088,-22.284],[-56.105,-22.278],[-56.123,-22.271],[-56.128,-22.279],[-56.141,-22.284],[-56.158,-22.285],[-56.17,-22.285],[-56.187,-22.281],[-56.193,-22.273],[-56.212,-22.273],[-56.228,-22.259],[-56.233,-22.249],[-56.254,-22.237],[-56.264,-22.236],[-56.278,-22.233],[-56.293,-22.221],[-56.315,-22.217],[-56.329,-22.202],[-56.343,-22.179],[-56.357,-22.174],[-56.369,-22.152],[-56.367,-22.136],[-56.381,-22.113],[-56.387,-22.102],[-56.392,-22.095],[-56.391,-22.078],[-56.405,-22.077],[-56.426,-22.08],[-56.435,-22.083],[-56.446,-22.084],[-56.454,-22.082],[-56.469,-22.079],[-56.475,-22.093],[-56.49,-22.094],[-56.508,-22.103],[-56.524,-22.121],[-56.524,-22.132],[-56.528,-22.147],[-56.537,-22.154],[-56.543,-22.163],[-56.554,-22.174],[-56.552,-22.185],[-56.564,-22.2],[-56.575,-22.202],[-56.587,-22.212],[-56.593,-22.217],[-56.607,-22.221],[-56.605,-22.232],[-56.626,-22.245],[-56.637,-22.242],[-56.638,-22.252],[-56.644,-22.262],[-56.663,-22.253],[-56.681,-22.234],[-56.688,-22.222],[-56.702,-22.218],[-56.697,-22.235],[-56.71,-22.249],[-56.727,-22.259],[-56.731,-22.247],[-56.745,-22.235],[-56.756,-22.243],[-56.765,-22.253],[-56.778,-22.258],[-56.782,-22.248],[-56.797,-22.246],[-56.802,-22.263],[-56.802,-22.28],[-56.823,-22.297],[-56.846,-22.297],[-56.865,-22.286],[-56.877,-22.271],[-56.877,-22.256],[-56.899,-22.256],[-56.91,-22.26],[-56.921,-22.256],[-56.936,-22.255],[-56.954,-22.247],[-56.969,-22.24],[-56.984,-22.243],[-56.989,-22.228],[-57.006,-22.233],[-57.018,-22.233],[-57.048,-22.24],[-57.059,-22.23],[-57.061,-22.242],[-57.08,-22.25],[-57.089,-22.243],[-57.111,-22.24],[-57.105,-22.227],[-57.14,-22.229],[-57.155,-22.228],[-57.166,-22.229],[-57.183,-22.229],[-57.191,-22.222],[-57.203,-22.215],[-57.213,-22.222],[-57.217,-22.239],[-57.244,-22.247],[-57.266,-22.237],[-57.274,-22.232],[-57.283,-22.223],[-57.297,-22.221],[-57.304,-22.228],[-57.315,-22.24],[-57.328,-22.236],[-57.338,-22.233],[-57.345,-22.231],[-57.357,-22.228],[-57.367,-22.229],[-57.378,-22.217],[-57.386,-22.208],[-57.394,-22.208],[-57.406,-22.199],[-57.424,-22.203],[-57.43,-22.198],[-57.442,-22.191],[-57.458,-22.187],[-57.471,-22.186],[-57.483,-22.19],[-57.491,-22.182],[-57.506,-22.185],[-57.521,-22.169],[-57.54,-22.179],[-57.562,-22.177],[-57.579,-22.174],[-57.585,-22.154],[-57.59,-22.143],[-57.597,-22.138],[-57.602,-22.13],[-57.607,-22.123],[-57.612,-22.107],[-57.624,-22.1],[-57.652,-22.106],[-57.675,-22.101],[-57.703,-22.099],[-57.713,-22.104],[-57.726,-22.103],[-57.739,-22.115],[-57.734,-22.123],[-57.746,-22.138],[-57.777,-22.126],[-57.794,-22.143],[-57.809,-22.141],[-57.82,-22.128],[-57.844,-22.125],[-57.861,-22.13],[-57.883,-22.131],[-57.903,-22.125],[-57.921,-22.108],[-57.932,-22.104],[-57.947,-22.086],[-57.958,-22.082],[-57.968,-22.089],[-57.991,-22.09],[-57.985,-22.071],[-57.991,-22.055],[-58.007,-22.044],[-57.999,-22.027],[-57.968,-22.009],[-57.963,-21.983],[-57.953,-21.966],[-57.938,-21.91],[-57.943,-21.897],[-57.918,-21.887],[-57.928,-21.867],[-57.958,-21.852],[-57.938,-21.83],[-57.923,-21.809],[-57.915,-21.768],[-57.942,-21.753],[-57.94,-21.734],[-57.913,-21.716],[-57.883,-21.693],[-57.89,-21.677],[-57.909,-21.67],[-57.94,-21.63],[-57.932,-21.611],[-57.913,-21.596],[-57.936,-21.574],[-57.961,-21.556],[-57.966,-21.537],[-57.961,-21.514],[-57.951,-21.502],[-57.931,-21.478],[-57.926,-21.454],[-57.907,-21.416],[-57.886,-21.38],[-57.862,-21.353],[-57.851,-21.322],[-57.876,-21.311],[-57.91,-21.295],[-57.909,-21.269],[-57.877,-21.247],[-57.85,-21.219],[-57.851,-21.175],[-57.862,-21.139],[-57.852,-21.112],[-57.847,-21.093],[-57.859,-21.075],[-57.866,-21.051],[-57.854,-21.028],[-57.842,-21.014],[-57.827,-20.99],[-57.823,-20.96],[-57.828,-20.934],[-57.848,-20.947],[-57.866,-20.944],[-57.879,-20.925],[-57.899,-20.902],[-57.914,-20.903],[-57.928,-20.894],[-57.886,-20.865],[-57.865,-20.848],[-57.861,-20.821],[-57.89,-20.792],[-57.921,-20.795],[-57.94,-20.8],[-57.959,-20.791],[-57.945,-20.758],[-57.925,-20.744],[-57.905,-20.745],[-57.863,-20.745],[-57.877,-20.714],[-57.903,-20.686],[-57.925,-20.662],[-57.937,-20.673],[-57.954,-20.703],[-57.985,-20.701],[-57.979,-20.668],[-57.974,-20.639],[-57.999,-20.626],[-58.012,-20.609],[-58.005,-20.586],[-57.998,-20.568],[-58.01,-20.538],[-58.016,-20.5],[-57.994,-20.454],[-57.999,-20.43],[-58.025,-20.401],[-58.04,-20.398],[-58.07,-20.386],[-58.089,-20.359],[-58.1,-20.321],[-58.093,-20.301],[-58.101,-20.251],[-58.121,-20.251],[-58.144,-20.272],[-58.16,-20.262],[-58.163,-20.23],[-58.153,-20.214],[-58.129,-20.205],[-58.141,-20.179],[-58.159,-20.179],[-58.151,-20.153],[-58.13,-20.149],[-58.107,-20.13],[-58.096,-20.115],[-58.065,-20.106],[-58.043,-20.098],[-58.032,-20.065],[-57.998,-20.056],[-57.971,-20.043],[-57.951,-20.02],[-57.914,-20.034],[-57.9,-20.039],[-57.873,-19.999],[-58.131,-19.758],[-57.705,-19.025],[-57.697,-18.998],[-57.705,-18.985],[-57.719,-18.899],[-57.539,-18.238],[-57.456,-18.227],[-57.474,-18.216],[-57.479,-18.206],[-57.49,-18.202],[-57.599,-18.046],[-57.72,-17.827],[-57.719,-17.771],[-57.723,-17.72],[-57.738,-17.699],[-57.755,-17.676],[-57.766,-17.659],[-57.781,-17.642],[-57.774,-17.626],[-57.78,-17.614],[-57.777,-17.601],[-57.782,-17.593],[-57.781,-17.585],[-57.783,-17.575],[-57.795,-17.56],[-57.781,-17.556],[-57.759,-17.562],[-57.734,-17.533],[-57.71,-17.566],[-57.703,-17.589],[-57.688,-17.628],[-57.684,-17.642],[-57.681,-17.65],[-57.678,-17.658],[-57.672,-17.677],[-57.683,-17.696],[-57.671,-17.728],[-57.644,-17.72],[-57.619,-17.746],[-57.616,-17.752],[-57.6,-17.775],[-57.603,-17.803],[-57.571,-17.815],[-57.551,-17.828],[-57.534,-17.853],[-57.477,-17.878],[-57.446,-17.884],[-57.412,-17.857],[-57.403,-17.85],[-57.391,-17.845],[-57.377,-17.826],[-57.353,-17.837],[-57.325,-17.829],[-57.308,-17.81],[-57.292,-17.819],[-57.283,-17.812],[-57.232,-17.812],[-57.251,-17.793],[-57.227,-17.782],[-57.169,-17.776],[-57.13,-17.774],[-57.105,-17.771],[-57.086,-17.751],[-57.065,-17.735],[-57.044,-17.73],[-57.019,-17.692],[-57.005,-17.671],[-56.983,-17.641],[-56.972,-17.613],[-56.975,-17.596],[-56.968,-17.574],[-56.946,-17.56],[-56.903,-17.535],[-56.87,-17.516],[-56.862,-17.502],[-56.85,-17.486],[-56.847,-17.464],[-56.825,-17.453],[-56.831,-17.435],[-56.832,-17.423],[-56.828,-17.391],[-56.788,-17.379],[-56.764,-17.36],[-56.757,-17.336],[-56.738,-17.322],[-56.72,-17.308],[-56.691,-17.318],[-56.683,-17.316],[-56.663,-17.338],[-56.66,-17.322],[-56.642,-17.33],[-56.636,-17.328],[-56.624,-17.322],[-56.605,-17.328],[-56.578,-17.324],[-56.55,-17.322],[-56.526,-17.319],[-56.506,-17.306],[-56.501,-17.286],[-56.473,-17.31],[-56.465,-17.308],[-56.451,-17.318],[-56.432,-17.318],[-56.408,-17.316],[-56.388,-17.302],[-56.361,-17.271],[-56.35,-17.274],[-56.334,-17.282],[-56.299,-17.276],[-56.282,-17.253],[-56.271,-17.244],[-56.256,-17.243],[-56.254,-17.232],[-56.251,-17.219],[-56.22,-17.228],[-56.208,-17.227],[-56.205,-17.214],[-56.189,-17.21],[-56.17,-17.188],[-56.152,-17.185],[-56.136,-17.189],[-56.125,-17.174],[-56.113,-17.167],[-56.066,-17.174],[-56.047,-17.184],[-56.032,-17.185],[-56.018,-17.209],[-56.01,-17.217],[-56.003,-17.244],[-55.989,-17.241],[-55.981,-17.248],[-55.967,-17.254],[-55.955,-17.257],[-55.931,-17.264],[-55.899,-17.272],[-55.89,-17.272],[-55.875,-17.28],[-55.858,-17.283],[-55.841,-17.301],[-55.827,-17.289],[-55.821,-17.297],[-55.803,-17.303],[-55.772,-17.332],[-55.743,-17.331],[-55.722,-17.348],[-55.701,-17.354],[-55.686,-17.346],[-55.675,-17.34],[-55.667,-17.349],[-55.645,-17.359],[-55.641,-17.339],[-55.613,-17.368],[-55.603,-17.367],[-55.589,-17.378],[-55.586,-17.397],[-55.584,-17.402],[-55.575,-17.418],[-55.568,-17.435],[-55.549,-17.448],[-55.547,-17.455],[-55.54,-17.46],[-55.534,-17.467],[-55.524,-17.481],[-55.499,-17.483],[-55.483,-17.478],[-55.458,-17.499],[-55.443,-17.511],[-55.423,-17.509],[-55.411,-17.513],[-55.39,-17.521],[-55.382,-17.525],[-55.358,-17.526],[-55.339,-17.548],[-55.322,-17.542],[-55.296,-17.551],[-55.282,-17.557],[-55.275,-17.558],[-55.267,-17.566],[-55.258,-17.574],[-55.25,-17.585],[-55.242,-17.602],[-55.236,-17.595],[-55.218,-17.61],[-55.211,-17.615],[-55.193,-17.623],[-55.184,-17.624],[-55.175,-17.633],[-55.171,-17.638],[-55.165,-17.639],[-55.142,-17.645],[-55.113,-17.644],[-55.093,-17.635],[-55.079,-17.633],[-55.062,-17.639],[-55.051,-17.639],[-55.04,-17.637],[-55.023,-17.635],[-55.018,-17.634],[-55.011,-17.632],[-54.992,-17.633],[-54.983,-17.625],[-54.967,-17.62],[-54.954,-17.615],[-54.907,-17.61],[-54.86,-17.623],[-54.844,-17.613],[-54.82,-17.602],[-54.791,-17.582],[-54.756,-17.558],[-54.756,-17.534],[-54.725,-17.516],[-54.7,-17.503],[-54.681,-17.506],[-54.656,-17.496],[-54.629,-17.492],[-54.609,-17.486],[-54.568,-17.474],[-54.554,-17.488],[-54.525,-17.482],[-54.492,-17.487],[-54.474,-17.498],[-54.473,-17.51],[-54.466,-17.529],[-54.421,-17.537],[-54.403,-17.563],[-54.381,-17.575],[-54.386,-17.586],[-54.384,-17.601],[-54.374,-17.608],[-54.343,-17.655],[-54.309,-17.658],[-54.288,-17.655],[-54.247,-17.634],[-54.213,-17.62],[-54.199,-17.614],[-54.173,-17.605],[-54.15,-17.61],[-54.139,-17.612],[-54.116,-17.616],[-54.084,-17.619],[-54.072,-17.593],[-54.051,-17.545],[-54.055,-17.529],[-54.051,-17.505],[-54.041,-17.5],[-53.994,-17.468],[-53.973,-17.472],[-53.947,-17.452],[-53.928,-17.431],[-53.914,-17.414],[-53.878,-17.375],[-53.833,-17.345],[-53.797,-17.287],[-53.763,-17.253],[-53.747,-17.242],[-53.692,-17.246],[-53.72,-17.668],[-53.746,-17.671],[-53.798,-17.67],[-53.845,-17.694],[-53.87,-17.727],[-53.883,-17.743],[-53.895,-17.777],[-53.912,-17.806],[-53.941,-17.848],[-53.949,-17.863],[-53.947,-17.898],[-53.945,-17.908],[-53.945,-17.916],[-53.929,-17.915],[-53.907,-17.915],[-53.898,-17.908],[-53.874,-17.922]]]]},"properties":{"id":12,"name":"Mato Grosso do Sul","sigla":"MS","regiao_id":"5","codigo_ibg":"50","cartodb_id":12,"created_at":"2015-02-09T16:46:01Z","updated_at":"2015-02-09T16:46:01Z"}},{"type":"Feature","geometry":{"type":"MultiPolygon","coordinates":[[[[-60.361,-13.299],[-60.351,-13.273],[-60.325,-13.252],[-60.324,-13.229],[-60.308,-13.199],[-60.299,-13.175],[-60.276,-13.139],[-60.277,-13.112],[-60.282,-13.093],[-60.257,-13.062],[-60.244,-13.046],[-60.224,-13.033],[-60.215,-13.027],[-60.204,-12.995],[-60.192,-12.982],[-60.17,-12.97],[-60.15,-12.964],[-60.13,-12.961],[-60.086,-12.898],[-60.077,-12.804],[-60.08,-12.759],[-60.088,-12.722],[-60.078,-12.664],[-60.064,-12.626],[-60.039,-12.599],[-60.026,-12.561],[-60.006,-12.545],[-59.936,-12.495],[-59.913,-12.48],[-59.897,-12.471],[-59.868,-12.482],[-59.842,-12.433],[-59.834,-12.408],[-59.819,-12.39],[-59.805,-12.368],[-59.792,-12.345],[-59.892,-12.245],[-59.901,-12.223],[-59.904,-12.175],[-59.916,-12.097],[-59.947,-12.065],[-59.956,-12.056],[-59.965,-12.046],[-59.972,-12.013],[-59.979,-11.991],[-59.974,-11.976],[-59.982,-11.955],[-59.983,-11.949],[-59.987,-11.926],[-60.006,-11.894],[-60.027,-11.895],[-60.037,-11.895],[-60.06,-11.895],[-60.076,-11.874],[-60.083,-11.866],[-60.088,-11.862],[-60.096,-11.858],[-60.101,-11.835],[-60.101,-11.824],[-60.101,-11.814],[-60.102,-11.8],[-60.103,-11.794],[-60.103,-11.787],[-60.104,-11.778],[-60.106,-11.774],[-60.107,-11.77],[-60.112,-11.759],[-60.111,-11.748],[-60.116,-11.717],[-60.117,-11.703],[-60.119,-11.686],[-60.114,-11.656],[-60.114,-11.643],[-60.113,-11.634],[-60.111,-11.616],[-60.11,-11.595],[-60.094,-11.585],[-60.091,-11.576],[-60.092,-11.568],[-60.09,-11.554],[-60.079,-11.554],[-60.053,-11.533],[-60.028,-11.506],[-60.022,-11.496],[-60.012,-11.487],[-59.985,-11.469],[-59.943,-11.427],[-59.925,-11.415],[-59.922,-11.393],[-59.925,-11.361],[-59.924,-11.352],[-59.949,-11.304],[-59.96,-11.277],[-59.967,-11.253],[-59.984,-11.215],[-59.967,-11.197],[-59.98,-11.179],[-59.997,-11.151],[-59.986,-11.142],[-59.976,-11.122],[-60.013,-11.122],[-60.026,-11.13],[-60.043,-11.124],[-60.084,-11.096],[-60.104,-11.109],[-60.12,-11.107],[-60.142,-11.105],[-60.152,-11.1],[-60.185,-11.104],[-60.21,-11.106],[-60.248,-11.096],[-60.28,-11.091],[-60.291,-11.065],[-60.334,-11.082],[-60.346,-11.099],[-60.372,-11.095],[-60.391,-11.093],[-60.406,-11.07],[-60.411,-11.046],[-60.435,-11.041],[-60.441,-11.016],[-60.46,-10.989],[-61.0,-10.99],[-61.55,-10.981],[-61.538,-10.975],[-61.523,-10.94],[-61.514,-10.907],[-61.521,-10.897],[-61.523,-10.88],[-61.511,-10.829],[-61.505,-10.789],[-61.487,-10.799],[-61.478,-10.764],[-61.485,-10.726],[-61.48,-10.714],[-61.491,-10.675],[-61.478,-10.643],[-61.48,-10.614],[-61.477,-10.59],[-61.475,-10.563],[-61.479,-10.529],[-61.476,-10.454],[-61.461,-10.42],[-61.476,-10.418],[-61.482,-10.4],[-61.492,-10.39],[-61.501,-10.353],[-61.527,-10.331],[-61.553,-10.307],[-61.571,-10.259],[-61.577,-10.226],[-61.573,-10.209],[-61.559,-10.193],[-61.587,-10.163],[-61.59,-10.121],[-61.583,-10.095],[-61.578,-10.079],[-61.574,-10.049],[-61.537,-9.993],[-61.539,-9.964],[-61.523,-9.941],[-61.523,-9.928],[-61.51,-9.893],[-61.518,-9.823],[-61.525,-9.807],[-61.547,-9.787],[-61.542,-9.735],[-61.563,-9.712],[-61.532,-9.711],[-61.504,-9.672],[-61.48,-9.64],[-61.487,-9.626],[-61.495,-9.578],[-61.504,-9.568],[-61.513,-9.539],[-61.518,-9.53],[-61.537,-9.507],[-61.569,-9.476],[-61.562,-9.437],[-61.55,-9.417],[-61.576,-9.37],[-61.612,-9.356],[-61.617,-9.327],[-61.612,-9.28],[-61.632,-9.276],[-61.599,-9.256],[-61.543,-9.243],[-61.528,-9.231],[-61.531,-9.171],[-61.555,-9.13],[-61.55,-9.079],[-61.535,-9.047],[-61.512,-8.982],[-61.488,-8.938],[-61.492,-8.884],[-61.526,-8.816],[-61.558,-8.807],[-61.582,-8.798],[-60.747,-8.797],[-59.704,-8.801],[-58.437,-8.795],[-58.415,-8.792],[-58.326,-8.72],[-58.411,-8.72],[-58.409,-8.637],[-58.391,-8.592],[-58.404,-8.539],[-58.415,-8.515],[-58.401,-8.466],[-58.382,-8.434],[-58.354,-8.384],[-58.351,-8.354],[-58.314,-8.323],[-58.328,-8.285],[-58.321,-8.232],[-58.322,-8.17],[-58.291,-8.136],[-58.292,-8.104],[-58.316,-8.033],[-58.325,-8.004],[-58.355,-7.944],[-58.383,-7.852],[-58.294,-7.772],[-58.28,-7.709],[-58.253,-7.678],[-58.202,-7.621],[-58.222,-7.524],[-58.14,-7.363],[-58.138,-7.349],[-58.062,-7.395],[-57.972,-7.534],[-57.934,-7.656],[-57.898,-7.676],[-57.834,-7.882],[-57.828,-7.973],[-57.719,-8.146],[-57.677,-8.171],[-57.644,-8.223],[-57.663,-8.28],[-57.679,-8.325],[-57.668,-8.371],[-57.686,-8.414],[-57.651,-8.478],[-57.639,-8.512],[-57.638,-8.54],[-57.644,-8.582],[-57.623,-8.622],[-57.605,-8.662],[-57.592,-8.756],[-57.463,-8.784],[-57.427,-8.783],[-57.42,-8.849],[-57.38,-8.881],[-57.308,-8.899],[-57.248,-8.906],[-57.138,-8.994],[-57.078,-9.052],[-57.063,-9.078],[-57.041,-9.115],[-57.052,-9.158],[-57.057,-9.184],[-57.034,-9.209],[-56.995,-9.233],[-56.872,-9.239],[-56.82,-9.246],[-56.785,-9.316],[-56.775,-9.354],[-56.769,-9.38],[-56.735,-9.395],[-56.671,-9.367],[-54.995,-9.505],[-54.106,-9.572],[-52.619,-9.682],[-51.304,-9.772],[-50.226,-9.843],[-50.243,-9.871],[-50.272,-9.944],[-50.285,-9.981],[-50.302,-10.035],[-50.354,-10.077],[-50.377,-10.11],[-50.396,-10.17],[-50.398,-10.254],[-50.418,-10.356],[-50.448,-10.391],[-50.482,-10.49],[-50.514,-10.526],[-50.519,-10.562],[-50.543,-10.609],[-50.603,-10.661],[-50.586,-10.695],[-50.577,-10.727],[-50.59,-10.786],[-50.612,-10.81],[-50.619,-10.864],[-50.6,-10.9],[-50.623,-10.96],[-50.618,-10.999],[-50.614,-11.037],[-50.616,-11.083],[-50.659,-11.13],[-50.661,-11.202],[-50.67,-11.284],[-50.679,-11.295],[-50.706,-11.326],[-50.72,-11.371],[-50.74,-11.445],[-50.734,-11.511],[-50.664,-11.585],[-50.658,-11.617],[-50.674,-11.692],[-50.721,-11.735],[-50.707,-11.768],[-50.694,-11.814],[-50.682,-11.862],[-50.639,-11.893],[-50.663,-11.921],[-50.654,-11.948],[-50.665,-11.975],[-50.684,-12.01],[-50.687,-12.035],[-50.667,-12.064],[-50.676,-12.123],[-50.679,-12.155],[-50.686,-12.202],[-50.644,-12.222],[-50.63,-12.281],[-50.641,-12.337],[-50.63,-12.402],[-50.623,-12.453],[-50.651,-12.458],[-50.659,-12.506],[-50.686,-12.569],[-50.673,-12.6],[-50.706,-12.609],[-50.699,-12.647],[-50.646,-12.663],[-50.645,-12.702],[-50.633,-12.712],[-50.636,-12.771],[-50.611,-12.775],[-50.622,-12.819],[-50.603,-12.8],[-50.597,-12.826],[-50.513,-12.844],[-50.502,-12.873],[-50.516,-12.913],[-50.525,-12.945],[-50.543,-12.985],[-50.578,-12.997],[-50.572,-13.032],[-50.606,-13.057],[-50.599,-13.146],[-50.603,-13.194],[-50.584,-13.223],[-50.61,-13.315],[-50.642,-13.353],[-50.667,-13.387],[-50.665,-13.442],[-50.696,-13.476],[-50.763,-13.53],[-50.787,-13.648],[-50.838,-13.712],[-50.853,-13.765],[-50.853,-13.814],[-50.843,-13.896],[-50.843,-13.934],[-50.864,-13.968],[-50.831,-14.073],[-50.849,-14.111],[-50.897,-14.121],[-50.918,-14.125],[-50.926,-14.183],[-50.969,-14.333],[-50.988,-14.396],[-50.986,-14.446],[-50.968,-14.482],[-50.997,-14.579],[-51.019,-14.661],[-51.027,-14.706],[-51.045,-14.776],[-51.068,-14.81],[-51.091,-14.891],[-51.109,-14.929],[-51.145,-14.977],[-51.271,-15.037],[-51.3,-14.996],[-51.337,-14.973],[-51.357,-15.002],[-51.398,-15.003],[-51.452,-15.034],[-51.535,-15.069],[-51.574,-15.113],[-51.618,-15.164],[-51.652,-15.206],[-51.657,-15.256],[-51.678,-15.29],[-51.679,-15.352],[-51.697,-15.41],[-51.692,-15.433],[-51.704,-15.496],[-51.734,-15.526],[-51.752,-15.554],[-51.775,-15.558],[-51.803,-15.716],[-51.831,-15.744],[-51.844,-15.765],[-51.878,-15.819],[-51.892,-15.83],[-51.955,-15.827],[-51.983,-15.844],[-52.058,-15.887],[-52.097,-15.888],[-52.192,-15.882],[-52.235,-15.889],[-52.252,-15.897],[-52.264,-15.937],[-52.289,-15.966],[-52.315,-16.027],[-52.321,-16.045],[-52.36,-16.082],[-52.375,-16.098],[-52.471,-16.126],[-52.5,-16.142],[-52.525,-16.14],[-52.548,-16.165],[-52.55,-16.189],[-52.556,-16.224],[-52.546,-16.258],[-52.567,-16.259],[-52.586,-16.267],[-52.623,-16.287],[-52.657,-16.28],[-52.681,-16.321],[-52.693,-16.351],[-52.678,-16.381],[-52.662,-16.41],[-52.643,-16.421],[-52.616,-16.45],[-52.616,-16.461],[-52.613,-16.47],[-52.621,-16.501],[-52.63,-16.517],[-52.635,-16.551],[-52.65,-16.551],[-52.668,-16.55],[-52.667,-16.569],[-52.675,-16.585],[-52.707,-16.575],[-52.731,-16.586],[-52.74,-16.603],[-52.715,-16.639],[-52.739,-16.63],[-52.74,-16.656],[-52.771,-16.668],[-52.762,-16.682],[-52.788,-16.723],[-52.801,-16.747],[-52.83,-16.76],[-52.836,-16.77],[-52.855,-16.772],[-52.873,-16.779],[-52.888,-16.787],[-52.914,-16.812],[-52.926,-16.805],[-52.944,-16.813],[-52.927,-16.841],[-52.944,-16.856],[-52.957,-16.85],[-52.964,-16.858],[-52.976,-16.863],[-53.006,-16.864],[-53.013,-16.874],[-53.015,-16.88],[-53.024,-16.901],[-53.033,-16.92],[-53.036,-16.939],[-53.044,-16.953],[-53.053,-16.988],[-53.056,-17.015],[-53.06,-17.017],[-53.062,-17.029],[-53.072,-17.05],[-53.066,-17.052],[-53.058,-17.059],[-53.067,-17.073],[-53.073,-17.08],[-53.081,-17.079],[-53.09,-17.085],[-53.092,-17.092],[-53.101,-17.102],[-53.105,-17.108],[-53.119,-17.119],[-53.127,-17.144],[-53.133,-17.156],[-53.14,-17.163],[-53.157,-17.17],[-53.167,-17.21],[-53.171,-17.222],[-53.185,-17.257],[-53.196,-17.275],[-53.218,-17.299],[-53.216,-17.32],[-53.204,-17.333],[-53.204,-17.343],[-53.203,-17.353],[-53.196,-17.368],[-53.201,-17.371],[-53.206,-17.384],[-53.206,-17.401],[-53.212,-17.407],[-53.23,-17.427],[-53.227,-17.445],[-53.241,-17.492],[-53.243,-17.505],[-53.242,-17.523],[-53.244,-17.541],[-53.243,-17.555],[-53.242,-17.572],[-53.241,-17.582],[-53.24,-17.59],[-53.246,-17.611],[-53.25,-17.644],[-53.244,-17.656],[-53.245,-17.672],[-53.241,-17.686],[-53.239,-17.697],[-53.207,-17.727],[-53.198,-17.739],[-53.187,-17.752],[-53.175,-17.765],[-53.16,-17.789],[-53.136,-17.877],[-53.131,-17.916],[-53.076,-17.968],[-53.153,-18.041],[-53.194,-18.029],[-53.213,-18.016],[-53.33,-18.001],[-53.355,-18.006],[-53.405,-17.993],[-53.421,-17.985],[-53.43,-17.984],[-53.45,-17.992],[-53.457,-17.999],[-53.467,-18.034],[-53.499,-18.035],[-53.517,-18.02],[-53.555,-18.015],[-53.571,-18.009],[-53.589,-18.005],[-53.615,-17.978],[-53.662,-17.986],[-53.678,-17.994],[-53.69,-18.004],[-53.7,-18.005],[-53.719,-17.998],[-53.735,-17.995],[-53.784,-17.995],[-53.793,-17.974],[-53.798,-17.974],[-53.805,-17.967],[-53.812,-17.963],[-53.821,-17.962],[-53.83,-17.942],[-53.837,-17.934],[-53.844,-17.933],[-53.85,-17.929],[-53.87,-17.927],[-53.875,-17.918],[-53.879,-17.92],[-53.903,-17.915],[-53.913,-17.915],[-53.933,-17.915],[-53.95,-17.918],[-53.945,-17.906],[-53.952,-17.875],[-53.946,-17.859],[-53.918,-17.813],[-53.907,-17.79],[-53.896,-17.769],[-53.878,-17.736],[-53.859,-17.714],[-53.813,-17.681],[-53.779,-17.672],[-53.733,-17.663],[-53.68,-17.253],[-53.708,-17.228],[-53.759,-17.243],[-53.771,-17.263],[-53.82,-17.294],[-53.858,-17.364],[-53.887,-17.392],[-53.919,-17.425],[-53.931,-17.439],[-53.952,-17.459],[-53.984,-17.473],[-54.031,-17.482],[-54.041,-17.5],[-54.057,-17.52],[-54.049,-17.529],[-54.051,-17.562],[-54.079,-17.604],[-54.111,-17.613],[-54.122,-17.613],[-54.142,-17.611],[-54.163,-17.607],[-54.191,-17.605],[-54.204,-17.612],[-54.222,-17.619],[-54.269,-17.652],[-54.296,-17.657],[-54.327,-17.658],[-54.355,-17.65],[-54.381,-17.601],[-54.38,-17.594],[-54.385,-17.577],[-54.402,-17.564],[-54.413,-17.551],[-54.434,-17.534],[-54.477,-17.513],[-54.479,-17.507],[-54.481,-17.487],[-54.503,-17.48],[-54.536,-17.477],[-54.569,-17.483],[-54.581,-17.468],[-54.618,-17.489],[-54.64,-17.494],[-54.669,-17.504],[-54.696,-17.502],[-54.715,-17.513],[-54.736,-17.518],[-54.758,-17.548],[-54.758,-17.565],[-54.8,-17.582],[-54.824,-17.609],[-54.851,-17.613],[-54.894,-17.621],[-54.945,-17.612],[-54.966,-17.62],[-54.978,-17.624],[-54.986,-17.626],[-55.006,-17.631],[-55.012,-17.633],[-55.021,-17.635],[-55.026,-17.636],[-55.046,-17.638],[-55.055,-17.639],[-55.067,-17.638],[-55.092,-17.635],[-55.109,-17.63],[-55.131,-17.651],[-55.161,-17.641],[-55.167,-17.637],[-55.166,-17.634],[-55.174,-17.63],[-55.19,-17.624],[-55.203,-17.617],[-55.225,-17.609],[-55.227,-17.599],[-55.238,-17.6],[-55.244,-17.591],[-55.255,-17.58],[-55.264,-17.577],[-55.269,-17.556],[-55.275,-17.564],[-55.285,-17.553],[-55.299,-17.541],[-55.33,-17.549],[-55.353,-17.531],[-55.377,-17.515],[-55.386,-17.519],[-55.393,-17.516],[-55.422,-17.513],[-55.432,-17.511],[-55.453,-17.502],[-55.472,-17.481],[-55.49,-17.485],[-55.504,-17.481],[-55.522,-17.472],[-55.538,-17.463],[-55.543,-17.458],[-55.555,-17.447],[-55.562,-17.44],[-55.575,-17.419],[-55.588,-17.413],[-55.585,-17.398],[-55.585,-17.388],[-55.593,-17.374],[-55.613,-17.359],[-55.632,-17.356],[-55.64,-17.351],[-55.655,-17.347],[-55.672,-17.349],[-55.683,-17.346],[-55.693,-17.339],[-55.709,-17.337],[-55.73,-17.339],[-55.768,-17.325],[-55.784,-17.33],[-55.806,-17.298],[-55.831,-17.301],[-55.835,-17.293],[-55.85,-17.288],[-55.879,-17.273],[-55.892,-17.279],[-55.899,-17.277],[-55.917,-17.264],[-55.931,-17.273],[-55.951,-17.25],[-55.977,-17.249],[-55.99,-17.255],[-55.997,-17.242],[-56.01,-17.239],[-56.011,-17.214],[-56.005,-17.204],[-56.049,-17.172],[-56.057,-17.176],[-56.084,-17.177],[-56.12,-17.175],[-56.14,-17.179],[-56.144,-17.186],[-56.163,-17.194],[-56.185,-17.189],[-56.198,-17.206],[-56.212,-17.21],[-56.222,-17.219],[-56.234,-17.225],[-56.252,-17.232],[-56.262,-17.231],[-56.269,-17.239],[-56.276,-17.248],[-56.286,-17.27],[-56.323,-17.276],[-56.346,-17.281],[-56.342,-17.273],[-56.383,-17.289],[-56.402,-17.306],[-56.415,-17.314],[-56.443,-17.33],[-56.458,-17.313],[-56.471,-17.303],[-56.49,-17.298],[-56.515,-17.292],[-56.513,-17.312],[-56.532,-17.313],[-56.571,-17.315],[-56.584,-17.329],[-56.614,-17.327],[-56.629,-17.328],[-56.649,-17.324],[-56.651,-17.328],[-56.661,-17.327],[-56.673,-17.325],[-56.695,-17.327],[-56.713,-17.318],[-56.733,-17.309],[-56.744,-17.327],[-56.764,-17.347],[-56.786,-17.37],[-56.79,-17.391],[-56.841,-17.418],[-56.819,-17.431],[-56.84,-17.442],[-56.832,-17.463],[-56.848,-17.474],[-56.861,-17.483],[-56.866,-17.515],[-56.875,-17.533],[-56.917,-17.541],[-56.963,-17.57],[-56.973,-17.58],[-56.981,-17.611],[-56.959,-17.611],[-56.988,-17.659],[-57.019,-17.685],[-57.033,-17.694],[-57.056,-17.729],[-57.077,-17.744],[-57.095,-17.76],[-57.114,-17.774],[-57.152,-17.774],[-57.2,-17.788],[-57.235,-17.788],[-57.245,-17.806],[-57.264,-17.82],[-57.283,-17.822],[-57.289,-17.811],[-57.316,-17.82],[-57.342,-17.836],[-57.363,-17.833],[-57.385,-17.844],[-57.4,-17.847],[-57.409,-17.854],[-57.438,-17.871],[-57.452,-17.902],[-57.477,-17.859],[-57.53,-17.839],[-57.558,-17.815],[-57.576,-17.8],[-57.605,-17.779],[-57.614,-17.766],[-57.618,-17.748],[-57.64,-17.717],[-57.663,-17.729],[-57.684,-17.715],[-57.673,-17.682],[-57.672,-17.67],[-57.679,-17.657],[-57.682,-17.647],[-57.687,-17.631],[-57.702,-17.601],[-57.701,-17.577],[-57.712,-17.544],[-57.74,-17.537],[-57.883,-17.449],[-57.983,-17.511],[-58.005,-17.506],[-58.029,-17.496],[-58.044,-17.484],[-58.052,-17.458],[-58.071,-17.452],[-58.097,-17.457],[-58.119,-17.441],[-58.135,-17.414],[-58.152,-17.402],[-58.164,-17.387],[-58.184,-17.39],[-58.198,-17.378],[-58.194,-17.368],[-58.219,-17.36],[-58.233,-17.351],[-58.246,-17.354],[-58.259,-17.345],[-58.271,-17.326],[-58.278,-17.313],[-58.287,-17.301],[-58.296,-17.291],[-58.303,-17.27],[-58.317,-17.266],[-58.322,-17.252],[-58.337,-17.24],[-58.345,-17.232],[-58.356,-17.212],[-58.364,-17.206],[-58.38,-17.193],[-58.395,-17.178],[-58.397,-17.136],[-58.386,-17.111],[-58.401,-17.106],[-58.42,-17.112],[-58.425,-17.09],[-58.431,-17.073],[-58.431,-17.063],[-58.421,-17.051],[-58.433,-17.046],[-58.418,-17.038],[-58.427,-17.028],[-58.435,-17.007],[-58.427,-16.999],[-58.431,-16.99],[-58.445,-16.979],[-58.452,-16.968],[-58.461,-16.954],[-58.456,-16.939],[-58.471,-16.937],[-58.468,-16.924],[-58.466,-16.911],[-58.468,-16.898],[-58.463,-16.873],[-58.46,-16.863],[-58.462,-16.84],[-58.477,-16.815],[-58.471,-16.791],[-58.46,-16.783],[-58.473,-16.745],[-58.466,-16.72],[-58.468,-16.698],[-58.462,-16.652],[-58.411,-16.569],[-58.385,-16.543],[-58.349,-16.522],[-58.334,-16.477],[-58.353,-16.435],[-58.345,-16.394],[-58.333,-16.387],[-58.306,-16.37],[-58.304,-16.334],[-58.316,-16.29],[-58.334,-16.272],[-58.352,-16.27],[-58.388,-16.261],[-58.391,-16.283],[-58.408,-16.309],[-58.785,-16.306],[-59.822,-16.272],[-60.171,-16.265],[-60.499,-15.179],[-60.531,-15.145],[-60.556,-15.118],[-60.272,-14.62],[-60.291,-14.624],[-60.32,-14.609],[-60.325,-14.585],[-60.329,-14.565],[-60.331,-14.555],[-60.334,-14.544],[-60.338,-14.531],[-60.342,-14.522],[-60.338,-14.511],[-60.356,-14.492],[-60.361,-14.484],[-60.372,-14.466],[-60.379,-14.454],[-60.384,-14.441],[-60.4,-14.431],[-60.395,-14.42],[-60.401,-14.416],[-60.402,-14.401],[-60.401,-14.382],[-60.394,-14.383],[-60.395,-14.364],[-60.407,-14.366],[-60.407,-14.356],[-60.415,-14.354],[-60.421,-14.353],[-60.426,-14.341],[-60.438,-14.324],[-60.448,-14.316],[-60.456,-14.304],[-60.459,-14.285],[-60.46,-14.257],[-60.454,-14.238],[-60.464,-14.233],[-60.47,-14.213],[-60.471,-14.192],[-60.489,-14.188],[-60.488,-14.171],[-60.474,-14.154],[-60.481,-14.134],[-60.475,-14.126],[-60.477,-14.112],[-60.478,-14.096],[-60.461,-14.093],[-60.447,-14.085],[-60.433,-14.069],[-60.427,-14.057],[-60.417,-14.041],[-60.407,-14.026],[-60.402,-14.003],[-60.394,-13.994],[-60.382,-13.992],[-60.399,-13.977],[-60.418,-13.974],[-60.419,-13.96],[-60.415,-13.948],[-60.426,-13.943],[-60.444,-13.932],[-60.451,-13.917],[-60.455,-13.897],[-60.452,-13.884],[-60.466,-13.885],[-60.465,-13.874],[-60.459,-13.852],[-60.478,-13.854],[-60.486,-13.85],[-60.476,-13.839],[-60.478,-13.831],[-60.488,-13.823],[-60.479,-13.821],[-60.467,-13.812],[-60.465,-13.8],[-60.493,-13.793],[-60.511,-13.791],[-60.519,-13.78],[-60.526,-13.769],[-60.547,-13.773],[-60.557,-13.77],[-60.567,-13.761],[-60.577,-13.752],[-60.584,-13.747],[-60.603,-13.747],[-60.61,-13.74],[-60.617,-13.723],[-60.642,-13.732],[-60.652,-13.73],[-60.659,-13.734],[-60.683,-13.716],[-60.695,-13.701],[-60.704,-13.704],[-60.709,-13.687],[-60.713,-13.676],[-60.696,-13.666],[-60.693,-13.653],[-60.691,-13.644],[-60.689,-13.633],[-60.669,-13.613],[-60.667,-13.61],[-60.659,-13.603],[-60.638,-13.592],[-60.632,-13.571],[-60.592,-13.571],[-60.554,-13.548],[-60.541,-13.536],[-60.506,-13.502],[-60.481,-13.496],[-60.456,-13.493],[-60.411,-13.461],[-60.387,-13.454],[-60.379,-13.415],[-60.378,-13.391],[-60.374,-13.368],[-60.366,-13.332],[-60.363,-13.31],[-60.361,-13.299]]]]},"properties":{"id":13,"name":"Mato Grosso","sigla":"MT","regiao_id":"5","codigo_ibg":"51","cartodb_id":13,"created_at":"2015-02-09T16:46:01Z","updated_at":"2015-02-09T16:46:01Z"}},{"type":"Feature","geometry":{"type":"MultiPolygon","coordinates":[[[[-46.951,-0.734],[-46.958,-0.747],[-46.96,-0.759],[-46.976,-0.788],[-46.959,-0.787],[-46.955,-0.793],[-46.946,-0.798],[-46.948,-0.812],[-46.932,-0.846],[-46.948,-0.858],[-46.944,-0.869],[-46.92,-0.878],[-46.919,-0.859],[-46.906,-0.858],[-46.913,-0.828],[-46.904,-0.813],[-46.879,-0.806],[-46.88,-0.797],[-46.887,-0.781],[-46.864,-0.767],[-46.858,-0.767],[-46.852,-0.743],[-46.845,-0.735],[-46.832,-0.759],[-46.832,-0.779],[-46.84,-0.791],[-46.857,-0.793],[-46.838,-0.796],[-46.836,-0.815],[-46.853,-0.836],[-46.834,-0.827],[-46.851,-0.854],[-46.846,-0.848],[-46.826,-0.841],[-46.816,-0.828],[-46.812,-0.853],[-46.811,-0.868],[-46.826,-0.895],[-46.817,-0.9],[-46.819,-0.887],[-46.802,-0.864],[-46.797,-0.888],[-46.789,-0.896],[-46.782,-0.882],[-46.791,-0.861],[-46.794,-0.845],[-46.769,-0.844],[-46.765,-0.844],[-46.766,-0.817],[-46.744,-0.84],[-46.74,-0.863],[-46.733,-0.894],[-46.745,-0.913],[-46.727,-0.905],[-46.725,-0.845],[-46.714,-0.825],[-46.689,-0.848],[-46.681,-0.86],[-46.673,-0.851],[-46.668,-0.845],[-46.685,-0.806],[-46.662,-0.812],[-46.662,-0.79],[-46.638,-0.788],[-46.644,-0.804],[-46.639,-0.811],[-46.615,-0.826],[-46.611,-0.834],[-46.618,-0.854],[-46.625,-0.858],[-46.627,-0.866],[-46.638,-0.871],[-46.634,-0.884],[-46.634,-0.89],[-46.648,-0.901],[-46.638,-0.909],[-46.65,-0.943],[-46.662,-0.947],[-46.678,-0.955],[-46.675,-0.976],[-46.657,-0.966],[-46.649,-0.961],[-46.649,-0.971],[-46.624,-0.958],[-46.598,-0.963],[-46.581,-0.974],[-46.567,-0.948],[-46.561,-0.937],[-46.56,-0.917],[-46.546,-0.925],[-46.542,-0.961],[-46.537,-0.977],[-46.536,-0.959],[-46.528,-0.953],[-46.529,-0.933],[-46.522,-0.922],[-46.513,-0.896],[-46.508,-0.89],[-46.496,-0.876],[-46.471,-0.886],[-46.466,-0.894],[-46.45,-0.87],[-46.449,-0.862],[-46.418,-0.882],[-46.447,-0.904],[-46.459,-0.903],[-46.468,-0.916],[-46.473,-0.922],[-46.478,-0.931],[-46.472,-0.939],[-46.48,-0.943],[-46.474,-0.956],[-46.491,-0.964],[-46.47,-0.971],[-46.469,-1.003],[-46.477,-0.998],[-46.479,-1.017],[-46.472,-1.023],[-46.476,-1.043],[-46.469,-1.047],[-46.451,-1.028],[-46.457,-1.018],[-46.423,-1.015],[-46.416,-1.049],[-46.429,-1.057],[-46.42,-1.052],[-46.406,-1.044],[-46.419,-1.01],[-46.419,-0.996],[-46.39,-0.987],[-46.386,-1.027],[-46.375,-1.052],[-46.377,-1.033],[-46.363,-1.006],[-46.344,-0.996],[-46.336,-1.015],[-46.338,-1.051],[-46.338,-1.072],[-46.305,-1.084],[-46.333,-1.069],[-46.319,-1.04],[-46.305,-1.019],[-46.301,-1.055],[-46.293,-1.041],[-46.301,-1.014],[-46.29,-1.0],[-46.277,-0.988],[-46.275,-0.968],[-46.268,-0.943],[-46.264,-0.938],[-46.254,-0.947],[-46.256,-0.927],[-46.265,-0.917],[-46.247,-0.913],[-46.224,-0.907],[-46.19,-0.894],[-46.187,-0.933],[-46.21,-0.93],[-46.216,-0.951],[-46.203,-0.968],[-46.221,-0.973],[-46.229,-0.985],[-46.252,-0.997],[-46.221,-0.983],[-46.216,-1.013],[-46.206,-1.039],[-46.235,-1.083],[-46.26,-1.135],[-46.277,-1.169],[-46.25,-1.14],[-46.231,-1.097],[-46.198,-1.07],[-46.186,-1.044],[-46.171,-0.993],[-46.156,-1.024],[-46.162,-1.057],[-46.18,-1.096],[-46.201,-1.127],[-46.184,-1.128],[-46.166,-1.151],[-46.182,-1.119],[-46.158,-1.08],[-46.148,-1.135],[-46.142,-1.118],[-46.148,-1.088],[-46.104,-1.041],[-46.09,-1.032],[-46.077,-1.017],[-46.078,-1.038],[-46.094,-1.051],[-46.09,-1.086],[-46.072,-1.107],[-46.098,-1.196],[-46.106,-1.201],[-46.13,-1.206],[-46.162,-1.278],[-46.132,-1.32],[-46.106,-1.332],[-46.121,-1.372],[-46.146,-1.429],[-46.176,-1.475],[-46.162,-1.494],[-46.142,-1.521],[-46.15,-1.595],[-46.16,-1.624],[-46.153,-1.676],[-46.204,-1.71],[-46.218,-1.727],[-46.252,-1.723],[-46.305,-1.727],[-46.324,-1.765],[-46.313,-1.8],[-46.288,-1.796],[-46.215,-1.818],[-46.242,-1.881],[-46.233,-1.967],[-46.259,-2.043],[-46.277,-2.078],[-46.27,-2.116],[-46.296,-2.149],[-46.316,-2.176],[-46.338,-2.202],[-46.357,-2.227],[-46.382,-2.25],[-46.411,-2.231],[-46.417,-2.26],[-46.431,-2.318],[-46.436,-2.334],[-46.454,-2.383],[-46.411,-2.362],[-46.423,-2.391],[-46.438,-2.421],[-46.439,-2.449],[-46.436,-2.476],[-46.43,-2.497],[-46.415,-2.524],[-46.479,-2.541],[-46.501,-2.556],[-46.49,-2.581],[-46.507,-2.602],[-46.562,-2.627],[-46.586,-2.645],[-46.606,-2.639],[-46.633,-2.673],[-46.642,-2.682],[-46.647,-2.689],[-46.671,-2.711],[-46.661,-2.732],[-46.657,-2.739],[-46.64,-2.75],[-46.637,-2.781],[-46.609,-2.793],[-46.599,-2.804],[-46.593,-2.815],[-46.594,-2.825],[-46.581,-2.83],[-46.587,-2.845],[-46.618,-2.836],[-46.618,-2.859],[-46.635,-2.858],[-46.635,-2.87],[-46.646,-2.884],[-46.679,-2.881],[-46.662,-2.904],[-46.661,-2.918],[-46.667,-2.936],[-46.655,-2.955],[-46.661,-2.973],[-46.649,-2.983],[-46.672,-2.997],[-46.668,-3.014],[-46.674,-3.033],[-46.675,-3.066],[-46.679,-3.093],[-46.706,-3.104],[-46.716,-3.112],[-46.729,-3.121],[-46.74,-3.123],[-46.732,-3.126],[-46.737,-3.16],[-46.746,-3.178],[-46.773,-3.175],[-46.764,-3.198],[-46.756,-3.216],[-46.779,-3.215],[-46.782,-3.241],[-46.807,-3.241],[-46.812,-3.266],[-46.809,-3.279],[-46.811,-3.302],[-46.84,-3.324],[-46.851,-3.329],[-46.867,-3.326],[-46.868,-3.338],[-46.887,-3.335],[-46.9,-3.353],[-46.907,-3.367],[-46.923,-3.364],[-46.928,-3.375],[-46.938,-3.384],[-46.943,-3.39],[-46.944,-3.412],[-46.947,-3.418],[-46.949,-3.436],[-46.951,-3.448],[-46.955,-3.465],[-46.969,-3.474],[-46.968,-3.49],[-46.975,-3.507],[-46.98,-3.519],[-46.99,-3.53],[-47.008,-3.54],[-47.018,-3.548],[-47.033,-3.561],[-47.036,-3.573],[-47.03,-3.6],[-47.037,-3.604],[-47.051,-3.632],[-47.047,-3.646],[-47.048,-3.668],[-47.052,-3.681],[-47.061,-3.729],[-47.059,-3.754],[-47.062,-3.787],[-47.078,-3.811],[-47.088,-3.825],[-47.095,-3.859],[-47.117,-3.878],[-47.135,-3.881],[-47.142,-3.9],[-47.171,-3.933],[-47.182,-3.943],[-47.189,-3.966],[-47.196,-3.974],[-47.212,-3.985],[-47.226,-3.998],[-47.267,-4.025],[-47.276,-4.03],[-47.292,-4.043],[-47.303,-4.052],[-47.309,-4.052],[-47.332,-4.07],[-47.338,-4.094],[-47.349,-4.118],[-47.35,-4.141],[-47.342,-4.168],[-47.354,-4.177],[-47.367,-4.203],[-47.371,-4.209],[-47.371,-4.219],[-47.372,-4.244],[-47.397,-4.261],[-47.416,-4.275],[-47.429,-4.284],[-47.441,-4.286],[-47.479,-4.328],[-47.481,-4.35],[-47.488,-4.366],[-47.502,-4.393],[-47.524,-4.435],[-47.608,-4.548],[-47.637,-4.571],[-47.71,-4.606],[-47.715,-4.603],[-47.742,-4.598],[-47.754,-4.59],[-47.805,-4.597],[-48.194,-4.911],[-48.419,-5.085],[-48.437,-5.083],[-48.644,-5.262],[-48.745,-5.369],[-48.68,-5.378],[-48.629,-5.41],[-48.557,-5.416],[-48.464,-5.412],[-48.396,-5.397],[-48.369,-5.411],[-48.346,-5.437],[-48.333,-5.478],[-48.328,-5.496],[-48.278,-5.54],[-48.228,-5.551],[-48.192,-5.567],[-48.138,-5.602],[-48.156,-5.678],[-48.22,-5.728],[-48.294,-5.756],[-48.288,-5.843],[-48.23,-5.926],[-48.252,-5.96],[-48.307,-5.974],[-48.338,-6.02],[-48.285,-6.07],[-48.298,-6.111],[-48.334,-6.137],[-48.409,-6.154],[-48.436,-6.193],[-48.412,-6.281],[-48.412,-6.306],[-48.379,-6.334],[-48.399,-6.374],[-48.447,-6.351],[-48.524,-6.373],[-48.558,-6.411],[-48.626,-6.478],[-48.646,-6.523],[-48.652,-6.612],[-48.664,-6.662],[-48.769,-6.728],[-48.825,-6.753],[-48.926,-6.762],[-49.033,-6.802],[-49.115,-6.87],[-49.171,-6.893],[-49.194,-6.915],[-49.217,-6.961],[-49.195,-7.026],[-49.193,-7.129],[-49.185,-7.235],[-49.232,-7.327],[-49.26,-7.358],[-49.384,-7.543],[-49.341,-7.657],[-49.246,-7.737],[-49.221,-7.761],[-49.16,-7.791],[-49.164,-7.832],[-49.163,-7.913],[-49.182,-7.977],[-49.176,-8.054],[-49.199,-8.087],[-49.203,-8.14],[-49.222,-8.206],[-49.27,-8.343],[-49.313,-8.403],[-49.387,-8.482],[-49.409,-8.58],[-49.471,-8.648],[-49.543,-8.761],[-49.569,-8.807],[-49.612,-8.846],[-49.737,-8.902],[-49.762,-8.93],[-49.85,-9.046],[-49.871,-9.104],[-49.907,-9.159],[-49.958,-9.22],[-50.012,-9.275],[-50.044,-9.301],[-50.065,-9.4],[-50.105,-9.503],[-50.094,-9.526],[-50.107,-9.572],[-50.126,-9.619],[-50.14,-9.654],[-50.151,-9.695],[-50.161,-9.712],[-50.214,-9.813],[-50.224,-9.841],[-51.952,-9.728],[-53.133,-9.644],[-54.336,-9.555],[-55.792,-9.44],[-56.711,-9.374],[-56.754,-9.406],[-56.769,-9.378],[-56.775,-9.329],[-56.794,-9.292],[-56.844,-9.24],[-56.938,-9.23],[-57.008,-9.223],[-57.036,-9.203],[-57.058,-9.182],[-57.056,-9.147],[-57.039,-9.098],[-57.062,-9.074],[-57.091,-9.033],[-57.192,-8.93],[-57.286,-8.915],[-57.31,-8.892],[-57.403,-8.862],[-57.413,-8.826],[-57.451,-8.786],[-57.484,-8.769],[-57.596,-8.748],[-57.613,-8.655],[-57.622,-8.591],[-57.648,-8.576],[-57.633,-8.524],[-57.659,-8.5],[-57.651,-8.471],[-57.686,-8.407],[-57.669,-8.363],[-57.679,-8.318],[-57.662,-8.267],[-57.643,-8.213],[-57.679,-8.171],[-57.728,-8.094],[-57.83,-7.963],[-57.837,-7.872],[-57.905,-7.666],[-57.936,-7.655],[-58.002,-7.488],[-58.066,-7.391],[-58.137,-7.352],[-58.169,-7.313],[-58.199,-7.155],[-58.222,-7.124],[-58.252,-7.083],[-58.326,-7.0],[-58.368,-6.971],[-58.394,-6.95],[-58.462,-6.837],[-58.478,-6.699],[-58.427,-6.616],[-58.332,-6.533],[-58.319,-6.495],[-58.262,-6.469],[-57.018,-3.798],[-56.887,-3.499],[-56.487,-2.633],[-56.418,-2.449],[-56.44,-2.439],[-56.427,-2.372],[-56.412,-2.321],[-56.331,-2.251],[-56.169,-2.145],[-56.098,-2.029],[-56.162,-2.042],[-56.193,-2.049],[-56.228,-2.056],[-56.297,-2.1],[-56.307,-2.12],[-56.321,-2.143],[-56.382,-2.144],[-56.424,-2.171],[-56.461,-2.157],[-56.502,-2.148],[-56.54,-2.153],[-56.569,-2.174],[-56.592,-2.174],[-56.607,-2.205],[-56.635,-2.203],[-56.679,-2.212],[-56.726,-2.177],[-56.768,-2.165],[-56.723,-2.067],[-56.73,-2.026],[-56.766,-2.008],[-56.859,-2.016],[-56.913,-1.968],[-56.961,-1.953],[-56.98,-1.923],[-57.026,-1.915],[-57.056,-1.864],[-57.07,-1.827],[-57.079,-1.801],[-57.106,-1.783],[-57.163,-1.768],[-57.171,-1.749],[-57.175,-1.728],[-57.189,-1.723],[-57.203,-1.711],[-57.23,-1.726],[-57.243,-1.704],[-57.26,-1.709],[-57.274,-1.709],[-57.321,-1.72],[-57.344,-1.723],[-57.401,-1.712],[-57.396,-1.692],[-57.403,-1.675],[-57.439,-1.688],[-57.456,-1.672],[-57.48,-1.655],[-57.501,-1.652],[-57.527,-1.64],[-57.553,-1.605],[-57.593,-1.599],[-57.602,-1.57],[-57.653,-1.588],[-57.678,-1.594],[-57.702,-1.561],[-57.712,-1.531],[-57.738,-1.505],[-57.761,-1.502],[-57.781,-1.497],[-57.797,-1.485],[-57.809,-1.47],[-57.824,-1.439],[-57.846,-1.429],[-57.912,-1.428],[-57.92,-1.403],[-57.96,-1.401],[-57.977,-1.375],[-57.981,-1.356],[-57.997,-1.32],[-57.974,-1.232],[-57.972,-1.199],[-57.972,-1.162],[-58.009,-1.119],[-58.081,-1.126],[-58.094,-1.16],[-58.119,-1.186],[-58.162,-1.229],[-58.194,-1.199],[-58.268,-1.132],[-58.319,-1.134],[-58.336,-1.123],[-58.361,-1.105],[-58.362,-1.093],[-58.399,-1.043],[-58.43,-1.027],[-58.425,-1.0],[-58.415,-0.975],[-58.429,-0.954],[-58.453,-0.898],[-58.459,-0.864],[-58.476,-0.867],[-58.493,-0.845],[-58.508,-0.833],[-58.56,-0.804],[-58.571,-0.785],[-58.591,-0.773],[-58.613,-0.755],[-58.649,-0.714],[-58.678,-0.692],[-58.703,-0.671],[-58.716,-0.646],[-58.731,-0.627],[-58.728,-0.584],[-58.721,-0.559],[-58.71,-0.538],[-58.722,-0.502],[-58.733,-0.433],[-58.755,-0.413],[-58.79,-0.385],[-58.802,-0.381],[-58.823,-0.374],[-58.874,-0.296],[-58.87,-0.262],[-58.863,-0.161],[-58.866,-0.137],[-58.885,-0.06],[-58.894,-0.024],[-58.895,-0.012],[-58.895,1.225],[-58.88,1.228],[-58.873,1.219],[-58.871,1.215],[-58.869,1.21],[-58.857,1.196],[-58.854,1.185],[-58.826,1.188],[-58.821,1.172],[-58.8,1.177],[-58.791,1.191],[-58.777,1.188],[-58.763,1.198],[-58.747,1.209],[-58.734,1.208],[-58.725,1.221],[-58.717,1.241],[-58.718,1.26],[-58.711,1.284],[-58.693,1.296],[-58.678,1.288],[-58.666,1.281],[-58.655,1.287],[-58.637,1.288],[-58.625,1.288],[-58.608,1.275],[-58.591,1.271],[-58.585,1.263],[-58.577,1.276],[-58.57,1.287],[-58.561,1.293],[-58.539,1.287],[-58.538,1.268],[-58.526,1.267],[-58.519,1.263],[-58.515,1.275],[-58.508,1.276],[-58.496,1.268],[-58.495,1.282],[-58.495,1.293],[-58.476,1.309],[-58.472,1.336],[-58.47,1.352],[-58.457,1.372],[-58.471,1.373],[-58.481,1.382],[-58.479,1.391],[-58.489,1.395],[-58.505,1.41],[-58.5,1.425],[-58.507,1.445],[-58.504,1.465],[-58.491,1.466],[-58.471,1.462],[-58.462,1.465],[-58.453,1.461],[-58.439,1.465],[-58.421,1.471],[-58.402,1.471],[-58.383,1.473],[-58.381,1.489],[-58.388,1.495],[-58.388,1.508],[-58.387,1.516],[-58.391,1.531],[-58.372,1.538],[-58.361,1.55],[-58.349,1.565],[-58.332,1.591],[-58.315,1.595],[-58.316,1.576],[-58.301,1.566],[-58.29,1.569],[-58.276,1.569],[-58.262,1.571],[-58.25,1.56],[-58.236,1.547],[-58.224,1.557],[-58.193,1.573],[-58.183,1.566],[-58.158,1.551],[-58.154,1.537],[-58.146,1.516],[-58.129,1.499],[-58.104,1.508],[-58.085,1.515],[-58.069,1.508],[-58.066,1.519],[-58.048,1.523],[-58.031,1.513],[-58.027,1.509],[-58.018,1.509],[-58.005,1.517],[-57.997,1.534],[-57.99,1.541],[-57.992,1.55],[-57.986,1.567],[-57.98,1.577],[-57.983,1.587],[-57.983,1.606],[-57.985,1.617],[-57.981,1.634],[-57.991,1.64],[-58.002,1.65],[-57.98,1.661],[-57.957,1.655],[-57.95,1.648],[-57.913,1.648],[-57.904,1.658],[-57.894,1.675],[-57.877,1.673],[-57.873,1.679],[-57.859,1.672],[-57.852,1.677],[-57.841,1.686],[-57.827,1.686],[-57.801,1.687],[-57.801,1.699],[-57.795,1.707],[-57.784,1.725],[-57.774,1.73],[-57.766,1.723],[-57.757,1.719],[-57.738,1.722],[-57.729,1.72],[-57.717,1.719],[-57.708,1.722],[-57.697,1.721],[-57.695,1.713],[-57.685,1.707],[-57.672,1.704],[-57.663,1.692],[-57.65,1.683],[-57.632,1.692],[-57.619,1.696],[-57.605,1.694],[-57.584,1.702],[-57.576,1.695],[-57.557,1.694],[-57.537,1.701],[-57.537,1.713],[-57.536,1.722],[-57.525,1.727],[-57.514,1.723],[-57.515,1.74],[-57.505,1.758],[-57.498,1.772],[-57.498,1.789],[-57.485,1.8],[-57.476,1.798],[-57.467,1.799],[-57.449,1.813],[-57.438,1.83],[-57.441,1.847],[-57.433,1.858],[-57.433,1.878],[-57.433,1.906],[-57.415,1.911],[-57.4,1.917],[-57.385,1.928],[-57.366,1.929],[-57.356,1.945],[-57.364,1.951],[-57.36,1.961],[-57.35,1.976],[-57.329,1.98],[-57.313,1.978],[-57.307,1.997],[-57.277,1.983],[-57.272,1.973],[-57.261,1.962],[-57.255,1.951],[-57.239,1.945],[-57.229,1.946],[-57.222,1.958],[-57.213,1.964],[-57.199,1.979],[-57.186,1.98],[-57.169,1.993],[-57.154,1.991],[-57.144,1.995],[-57.138,2.002],[-57.13,2.006],[-57.116,2.015],[-57.111,2.03],[-57.096,2.02],[-57.081,2.019],[-57.077,2.005],[-57.071,1.994],[-57.071,1.982],[-57.069,1.966],[-57.053,1.953],[-57.034,1.949],[-57.024,1.935],[-57.014,1.915],[-57.0,1.908],[-56.98,1.906],[-56.969,1.913],[-56.957,1.924],[-56.948,1.92],[-56.93,1.927],[-56.914,1.923],[-56.907,1.911],[-56.88,1.896],[-56.858,1.896],[-56.851,1.892],[-56.831,1.889],[-56.824,1.881],[-56.813,1.876],[-56.801,1.869],[-56.796,1.858],[-56.788,1.865],[-56.768,1.876],[-56.764,1.889],[-56.753,1.896],[-56.746,1.905],[-56.736,1.911],[-56.72,1.926],[-56.704,1.924],[-56.691,1.918],[-56.677,1.915],[-56.662,1.915],[-56.651,1.918],[-56.635,1.938],[-56.621,1.946],[-56.608,1.935],[-56.598,1.937],[-56.596,1.926],[-56.581,1.908],[-56.558,1.914],[-56.547,1.917],[-56.533,1.921],[-56.521,1.929],[-56.507,1.935],[-56.492,1.943],[-56.476,1.952],[-56.466,1.95],[-56.451,1.957],[-56.433,1.948],[-56.421,1.939],[-56.4,1.928],[-56.388,1.931],[-56.372,1.933],[-56.357,1.942],[-56.334,1.938],[-56.325,1.928],[-56.313,1.922],[-56.302,1.912],[-56.29,1.911],[-56.274,1.898],[-56.248,1.879],[-56.237,1.891],[-56.211,1.898],[-56.198,1.893],[-56.178,1.895],[-56.17,1.895],[-56.168,1.889],[-56.16,1.892],[-56.145,1.881],[-56.132,1.87],[-56.12,1.858],[-56.109,1.853],[-56.093,1.851],[-56.081,1.846],[-56.066,1.852],[-56.049,1.851],[-56.04,1.849],[-56.026,1.843],[-56.009,1.837],[-55.982,1.84],[-55.971,1.846],[-55.962,1.847],[-55.944,1.86],[-55.938,1.867],[-55.934,1.872],[-55.914,1.885],[-55.902,1.904],[-55.912,1.914],[-55.924,1.936],[-55.924,1.947],[-55.925,1.957],[-55.93,1.972],[-55.928,1.996],[-55.913,1.991],[-55.91,2.015],[-55.901,2.03],[-55.921,2.054],[-55.931,2.062],[-55.929,2.079],[-55.948,2.092],[-55.961,2.09],[-55.969,2.114],[-55.977,2.119],[-55.982,2.132],[-55.993,2.14],[-55.99,2.153],[-56.003,2.168],[-56.028,2.168],[-56.048,2.183],[-56.046,2.197],[-56.036,2.217],[-56.045,2.23],[-56.069,2.242],[-56.078,2.24],[-56.093,2.248],[-56.108,2.245],[-56.123,2.259],[-56.138,2.266],[-56.127,2.287],[-56.114,2.3],[-56.107,2.319],[-56.091,2.33],[-56.095,2.339],[-56.088,2.365],[-56.08,2.37],[-56.067,2.363],[-56.06,2.352],[-56.045,2.335],[-56.029,2.337],[-56.026,2.348],[-56.032,2.365],[-56.033,2.377],[-56.023,2.391],[-56.003,2.408],[-55.989,2.419],[-55.985,2.434],[-55.998,2.441],[-56.011,2.453],[-55.998,2.462],[-55.99,2.467],[-55.978,2.491],[-55.983,2.5],[-55.989,2.516],[-55.973,2.526],[-55.953,2.532],[-55.928,2.532],[-55.923,2.519],[-55.91,2.521],[-55.898,2.509],[-55.886,2.504],[-55.88,2.489],[-55.863,2.482],[-55.85,2.47],[-55.838,2.463],[-55.83,2.46],[-55.815,2.459],[-55.8,2.458],[-55.792,2.458],[-55.769,2.457],[-55.762,2.444],[-55.766,2.438],[-55.753,2.423],[-55.742,2.41],[-55.712,2.403],[-55.703,2.411],[-55.695,2.421],[-55.673,2.414],[-55.663,2.419],[-55.648,2.418],[-55.624,2.419],[-55.603,2.431],[-55.586,2.433],[-55.571,2.428],[-55.551,2.43],[-55.517,2.438],[-55.499,2.444],[-55.345,2.448],[-55.234,2.504],[-55.135,2.566],[-55.003,2.591],[-54.915,2.495],[-54.876,2.427],[-54.827,2.362],[-54.794,2.313],[-54.803,2.292],[-54.811,2.267],[-54.794,2.241],[-54.763,2.203],[-54.782,2.175],[-54.787,2.164],[-54.793,2.154],[-54.803,2.133],[-54.807,2.116],[-54.809,2.087],[-54.812,2.063],[-54.811,2.04],[-54.79,2.008],[-54.772,1.979],[-54.755,1.961],[-54.765,1.944],[-54.763,1.893],[-54.753,1.872],[-54.739,1.84],[-54.75,1.815],[-54.746,1.787],[-54.701,1.774],[-54.679,1.769],[-54.651,1.772],[-54.618,1.78],[-54.589,1.781],[-54.571,1.779],[-54.528,1.765],[-54.508,1.749],[-54.495,1.747],[-54.479,1.754],[-54.464,1.759],[-54.424,1.761],[-54.403,1.76],[-54.377,1.764],[-54.344,1.745],[-54.329,1.744],[-54.305,1.737],[-54.308,1.73],[-54.298,1.725],[-54.282,1.717],[-54.278,1.709],[-54.265,1.696],[-54.263,1.68],[-54.244,1.676],[-54.228,1.666],[-54.191,1.625],[-54.182,1.658],[-54.156,1.643],[-54.142,1.63],[-54.133,1.617],[-54.131,1.597],[-54.116,1.584],[-54.11,1.575],[-54.108,1.551],[-54.089,1.514],[-54.077,1.486],[-54.055,1.494],[-54.021,1.507],[-53.999,1.505],[-53.986,1.479],[-53.955,1.48],[-53.928,1.469],[-53.932,1.449],[-53.922,1.443],[-53.893,1.444],[-53.887,1.408],[-53.854,1.402],[-53.851,1.399],[-53.823,1.39],[-53.816,1.409],[-53.791,1.417],[-53.768,1.396],[-53.755,1.395],[-53.715,1.406],[-53.696,1.423],[-53.711,1.384],[-53.683,1.385],[-53.662,1.388],[-53.64,1.393],[-53.653,1.355],[-53.633,1.348],[-53.564,1.345],[-53.533,1.323],[-53.562,1.307],[-53.53,1.274],[-53.546,1.229],[-53.473,1.24],[-53.43,1.244],[-53.417,1.203],[-53.399,1.159],[-53.431,1.152],[-53.457,1.139],[-53.454,1.075],[-53.434,1.048],[-53.426,1.024],[-53.417,0.99],[-53.413,0.948],[-53.358,0.892],[-53.294,0.853],[-53.265,0.817],[-53.214,0.786],[-53.202,0.776],[-53.154,0.725],[-53.136,0.693],[-53.105,0.68],[-53.147,0.601],[-53.148,0.552],[-53.162,0.523],[-53.159,0.489],[-53.159,0.408],[-53.156,0.354],[-53.134,0.3],[-53.094,0.196],[-53.052,0.158],[-53.039,0.136],[-53.025,0.103],[-53.009,0.052],[-52.981,0.03],[-52.965,-0.053],[-52.931,-0.142],[-52.89,-0.15],[-52.844,-0.159],[-52.747,-0.269],[-52.7,-0.293],[-52.695,-0.372],[-52.681,-0.415],[-52.691,-0.477],[-52.677,-0.519],[-52.667,-0.544],[-52.593,-0.581],[-52.529,-0.581],[-52.511,-0.658],[-52.505,-0.687],[-52.501,-0.746],[-52.521,-0.801],[-52.535,-0.842],[-52.506,-0.854],[-52.455,-0.83],[-52.426,-0.851],[-52.401,-0.887],[-52.426,-0.919],[-52.419,-0.966],[-52.422,-1.032],[-52.411,-1.048],[-52.374,-1.057],[-52.333,-1.116],[-52.23,-1.13],[-52.162,-1.134],[-52.12,-1.146],[-52.11,-1.204],[-52.054,-1.234],[-52.063,-1.191],[-52.011,-1.167],[-51.987,-1.157],[-51.975,-1.12],[-51.965,-1.159],[-51.946,-1.166],[-51.925,-1.132],[-51.887,-1.166],[-51.778,-1.139],[-51.685,-1.013],[-51.695,-0.921],[-51.681,-0.791],[-51.571,-0.623],[-51.486,-0.545],[-51.412,-0.422],[-51.351,-0.309],[-51.296,-0.24],[-51.174,-0.104],[-51.104,-0.092],[-51.065,-0.076],[-50.996,0.004],[-50.974,0.042],[-50.921,0.076],[-50.644,0.209],[-50.556,0.307],[-50.486,0.459],[-50.452,0.571],[-50.314,0.678],[-50.092,0.647],[-50.039,0.498],[-50.015,0.334],[-49.967,0.321],[-49.946,0.322],[-49.923,0.317],[-49.903,0.311],[-49.841,0.34],[-49.832,0.332],[-49.814,0.334],[-49.796,0.337],[-49.783,0.336],[-49.752,0.338],[-49.741,0.337],[-49.734,0.353],[-49.726,0.353],[-49.711,0.357],[-49.696,0.362],[-49.663,0.353],[-49.662,0.344],[-49.65,0.343],[-49.634,0.331],[-49.62,0.317],[-49.607,0.287],[-49.562,0.203],[-49.453,0.068],[-49.441,0.069],[-49.417,0.056],[-49.402,0.05],[-49.383,0.033],[-49.398,0.021],[-49.378,0.013],[-48.994,-0.185],[-48.97,-0.198],[-48.948,-0.211],[-48.913,-0.233],[-48.898,-0.229],[-48.876,-0.219],[-48.845,-0.218],[-48.825,-0.219],[-48.811,-0.22],[-48.793,-0.22],[-48.77,-0.24],[-48.745,-0.25],[-48.702,-0.257],[-48.677,-0.25],[-48.634,-0.232],[-48.606,-0.23],[-48.587,-0.232],[-48.567,-0.24],[-48.552,-0.236],[-48.528,-0.239],[-48.508,-0.244],[-48.472,-0.232],[-48.432,-0.251],[-48.42,-0.256],[-48.4,-0.271],[-48.384,-0.301],[-48.389,-0.35],[-48.41,-0.384],[-48.433,-0.403],[-48.456,-0.469],[-48.0,-0.664],[-47.997,-0.704],[-47.983,-0.69],[-47.973,-0.675],[-47.963,-0.659],[-47.963,-0.642],[-47.939,-0.631],[-47.919,-0.629],[-47.911,-0.604],[-47.902,-0.602],[-47.908,-0.588],[-47.905,-0.571],[-47.864,-0.556],[-47.855,-0.585],[-47.845,-0.597],[-47.842,-0.622],[-47.852,-0.638],[-47.865,-0.667],[-47.848,-0.667],[-47.836,-0.679],[-47.821,-0.64],[-47.824,-0.614],[-47.816,-0.598],[-47.814,-0.589],[-47.812,-0.565],[-47.787,-0.561],[-47.801,-0.577],[-47.783,-0.582],[-47.765,-0.612],[-47.761,-0.632],[-47.754,-0.618],[-47.75,-0.602],[-47.761,-0.573],[-47.747,-0.563],[-47.733,-0.549],[-47.694,-0.542],[-47.696,-0.555],[-47.691,-0.573],[-47.679,-0.592],[-47.648,-0.586],[-47.627,-0.626],[-47.632,-0.648],[-47.631,-0.668],[-47.64,-0.689],[-47.629,-0.694],[-47.609,-0.697],[-47.58,-0.638],[-47.582,-0.622],[-47.58,-0.603],[-47.579,-0.589],[-47.557,-0.593],[-47.551,-0.6],[-47.534,-0.634],[-47.526,-0.655],[-47.526,-0.673],[-47.507,-0.689],[-47.501,-0.707],[-47.485,-0.735],[-47.488,-0.765],[-47.466,-0.752],[-47.469,-0.693],[-47.475,-0.653],[-47.475,-0.629],[-47.475,-0.609],[-47.469,-0.598],[-47.419,-0.592],[-47.418,-0.614],[-47.42,-0.631],[-47.429,-0.652],[-47.417,-0.65],[-47.392,-0.648],[-47.385,-0.634],[-47.371,-0.623],[-47.383,-0.611],[-47.338,-0.602],[-47.322,-0.594],[-47.283,-0.616],[-47.293,-0.612],[-47.286,-0.628],[-47.294,-0.637],[-47.272,-0.647],[-47.257,-0.65],[-47.263,-0.635],[-47.249,-0.628],[-47.205,-0.652],[-47.208,-0.68],[-47.229,-0.678],[-47.228,-0.697],[-47.217,-0.694],[-47.205,-0.689],[-47.192,-0.694],[-47.184,-0.671],[-47.176,-0.666],[-47.158,-0.67],[-47.168,-0.695],[-47.167,-0.707],[-47.173,-0.733],[-47.175,-0.754],[-47.165,-0.76],[-47.16,-0.754],[-47.15,-0.714],[-47.144,-0.732],[-47.145,-0.711],[-47.138,-0.702],[-47.136,-0.685],[-47.111,-0.678],[-47.086,-0.679],[-47.068,-0.704],[-47.079,-0.718],[-47.072,-0.731],[-47.086,-0.75],[-47.072,-0.756],[-47.066,-0.776],[-47.063,-0.766],[-47.059,-0.732],[-47.059,-0.705],[-47.053,-0.73],[-47.055,-0.763],[-47.056,-0.78],[-47.057,-0.806],[-47.03,-0.8],[-47.046,-0.786],[-47.041,-0.765],[-47.041,-0.729],[-47.034,-0.739],[-47.018,-0.724],[-47.0,-0.714],[-46.972,-0.704],[-46.951,-0.734]]],[[[-46.375,-0.996],[-46.375,-1.004],[-46.375,-1.011],[-46.381,-1.013],[-46.384,-1.007],[-46.384,-1.003],[-46.383,-0.994],[-46.374,-0.987],[-46.37,-0.991],[-46.375,-0.996]]],[[[-47.843,-0.662],[-47.841,-0.658],[-47.833,-0.654],[-47.831,-0.659],[-47.833,-0.662],[-47.836,-0.661],[-47.837,-0.666],[-47.84,-0.669],[-47.843,-0.662]]],[[[-46.327,-0.95],[-46.323,-0.945],[-46.317,-0.946],[-46.315,-0.95],[-46.319,-0.949],[-46.322,-0.951],[-46.318,-0.954],[-46.323,-0.956],[-46.327,-0.95]]]]},"properties":{"id":14,"name":"Par\u00e1","sigla":"PA","regiao_id":"3","codigo_ibg":"15","cartodb_id":14,"created_at":"2015-02-09T16:46:01Z","updated_at":"2015-02-09T16:46:01Z"}},{"type":"Feature","geometry":{"type":"MultiPolygon","coordinates":[[[[-37.227,-6.035],[-37.198,-6.043],[-37.175,-6.055],[-37.169,-6.105],[-37.167,-6.152],[-37.157,-6.154],[-37.175,-6.18],[-37.203,-6.206],[-37.27,-6.251],[-37.294,-6.28],[-37.321,-6.287],[-37.364,-6.324],[-37.377,-6.369],[-37.388,-6.379],[-37.39,-6.422],[-37.396,-6.514],[-37.463,-6.533],[-37.48,-6.559],[-37.477,-6.607],[-37.477,-6.642],[-37.475,-6.672],[-37.484,-6.71],[-37.397,-6.699],[-37.283,-6.694],[-37.264,-6.732],[-37.266,-6.772],[-37.255,-6.798],[-37.188,-6.823],[-37.147,-6.792],[-37.075,-6.754],[-37.026,-6.728],[-36.98,-6.719],[-36.969,-6.769],[-36.957,-6.781],[-36.937,-6.772],[-36.788,-6.773],[-36.73,-6.836],[-36.757,-6.899],[-36.766,-6.935],[-36.718,-6.982],[-36.655,-6.928],[-36.616,-6.934],[-36.566,-6.867],[-36.573,-6.858],[-36.543,-6.842],[-36.509,-6.816],[-36.504,-6.756],[-36.534,-6.733],[-36.553,-6.702],[-36.524,-6.601],[-36.502,-6.601],[-36.45,-6.625],[-36.438,-6.629],[-36.449,-6.554],[-36.469,-6.548],[-36.491,-6.516],[-36.527,-6.49],[-36.529,-6.447],[-36.499,-6.358],[-36.394,-6.294],[-36.307,-6.281],[-36.279,-6.317],[-36.295,-6.393],[-36.203,-6.432],[-36.131,-6.428],[-36.097,-6.419],[-36.072,-6.41],[-36.067,-6.415],[-36.044,-6.438],[-36.008,-6.465],[-36.005,-6.481],[-35.853,-6.487],[-35.764,-6.48],[-35.71,-6.47],[-35.663,-6.448],[-35.62,-6.457],[-35.6,-6.46],[-35.58,-6.486],[-35.551,-6.49],[-35.537,-6.48],[-35.527,-6.479],[-35.501,-6.477],[-35.492,-6.48],[-35.473,-6.483],[-35.446,-6.486],[-35.407,-6.49],[-35.341,-6.538],[-35.263,-6.539],[-35.225,-6.522],[-35.218,-6.518],[-35.199,-6.55],[-35.157,-6.551],[-35.132,-6.536],[-35.112,-6.505],[-35.101,-6.5],[-35.062,-6.526],[-35.028,-6.505],[-34.992,-6.501],[-34.971,-6.485],[-34.966,-6.545],[-34.962,-6.64],[-34.932,-6.687],[-34.934,-6.698],[-34.933,-6.727],[-34.932,-6.735],[-34.938,-6.753],[-34.93,-6.769],[-34.914,-6.812],[-34.902,-6.854],[-34.88,-6.891],[-34.863,-6.917],[-34.866,-6.936],[-34.853,-6.961],[-34.861,-6.975],[-34.859,-7.027],[-34.841,-7.005],[-34.835,-6.979],[-34.828,-6.98],[-34.841,-7.045],[-34.838,-7.068],[-34.832,-7.091],[-34.822,-7.111],[-34.81,-7.145],[-34.793,-7.154],[-34.799,-7.203],[-34.804,-7.229],[-34.805,-7.248],[-34.799,-7.288],[-34.799,-7.299],[-34.801,-7.318],[-34.794,-7.329],[-34.8,-7.357],[-34.802,-7.383],[-34.808,-7.433],[-34.803,-7.472],[-34.814,-7.486],[-34.815,-7.52],[-34.826,-7.547],[-34.853,-7.539],[-34.87,-7.549],[-34.895,-7.545],[-34.903,-7.537],[-34.924,-7.532],[-34.95,-7.537],[-34.984,-7.503],[-34.991,-7.488],[-35.007,-7.448],[-35.048,-7.417],[-35.085,-7.402],[-35.124,-7.4],[-35.153,-7.392],[-35.196,-7.391],[-35.229,-7.379],[-35.243,-7.374],[-35.306,-7.407],[-35.332,-7.415],[-35.349,-7.432],[-35.362,-7.442],[-35.372,-7.445],[-35.38,-7.449],[-35.423,-7.473],[-35.479,-7.445],[-35.506,-7.493],[-35.509,-7.517],[-35.527,-7.569],[-35.528,-7.589],[-35.525,-7.607],[-35.514,-7.643],[-35.543,-7.656],[-35.572,-7.655],[-35.597,-7.654],[-35.628,-7.677],[-35.659,-7.697],[-35.7,-7.691],[-35.718,-7.707],[-35.744,-7.717],[-35.762,-7.724],[-35.789,-7.74],[-35.841,-7.747],[-35.882,-7.765],[-35.932,-7.784],[-35.959,-7.787],[-35.984,-7.802],[-36.021,-7.81],[-36.053,-7.801],[-36.07,-7.78],[-36.126,-7.784],[-36.204,-7.778],[-36.254,-7.801],[-36.25,-7.827],[-36.279,-7.824],[-36.361,-7.806],[-36.396,-7.808],[-36.428,-7.824],[-36.44,-7.878],[-36.434,-7.896],[-36.457,-7.915],[-36.484,-7.919],[-36.536,-7.901],[-36.578,-7.915],[-36.58,-7.946],[-36.59,-7.957],[-36.622,-7.974],[-36.627,-8.055],[-36.65,-8.081],[-36.628,-8.102],[-36.693,-8.141],[-36.708,-8.156],[-36.715,-8.167],[-36.742,-8.173],[-36.761,-8.196],[-36.804,-8.194],[-36.879,-8.235],[-36.915,-8.262],[-36.947,-8.279],[-36.957,-8.299],[-36.991,-8.303],[-37.088,-8.255],[-37.123,-8.209],[-37.122,-8.174],[-37.16,-8.17],[-37.151,-8.15],[-37.15,-8.126],[-37.145,-8.094],[-37.157,-8.057],[-37.151,-8.012],[-37.167,-7.996],[-37.181,-7.99],[-37.192,-7.96],[-37.22,-7.961],[-37.23,-7.969],[-37.263,-7.968],[-37.295,-7.965],[-37.339,-7.979],[-37.347,-7.954],[-37.317,-7.942],[-37.311,-7.921],[-37.308,-7.908],[-37.244,-7.874],[-37.247,-7.846],[-37.24,-7.823],[-37.223,-7.804],[-37.183,-7.79],[-37.17,-7.8],[-37.152,-7.779],[-37.139,-7.745],[-37.161,-7.698],[-37.181,-7.665],[-37.195,-7.628],[-37.18,-7.602],[-37.155,-7.567],[-37.106,-7.531],[-37.053,-7.504],[-37.009,-7.49],[-36.993,-7.473],[-36.997,-7.459],[-37.023,-7.433],[-37.017,-7.424],[-37.018,-7.399],[-37.053,-7.378],[-37.073,-7.368],[-37.128,-7.344],[-37.145,-7.335],[-37.168,-7.322],[-37.206,-7.292],[-37.276,-7.275],[-37.331,-7.289],[-37.367,-7.346],[-37.415,-7.361],[-37.466,-7.358],[-37.487,-7.395],[-37.51,-7.42],[-37.516,-7.435],[-37.527,-7.451],[-37.571,-7.489],[-37.61,-7.513],[-37.63,-7.532],[-37.676,-7.535],[-37.71,-7.559],[-37.735,-7.596],[-37.755,-7.619],[-37.748,-7.636],[-37.752,-7.664],[-37.768,-7.648],[-37.776,-7.634],[-37.792,-7.628],[-37.858,-7.653],[-37.901,-7.702],[-37.909,-7.71],[-37.926,-7.729],[-37.958,-7.766],[-37.983,-7.772],[-38.0,-7.779],[-38.022,-7.754],[-38.069,-7.772],[-38.073,-7.809],[-38.117,-7.821],[-38.122,-7.807],[-38.137,-7.789],[-38.174,-7.789],[-38.194,-7.801],[-38.213,-7.813],[-38.235,-7.826],[-38.265,-7.828],[-38.297,-7.814],[-38.301,-7.768],[-38.307,-7.752],[-38.312,-7.716],[-38.326,-7.693],[-38.357,-7.677],[-38.371,-7.698],[-38.401,-7.719],[-38.434,-7.72],[-38.464,-7.731],[-38.496,-7.741],[-38.538,-7.751],[-38.569,-7.752],[-38.575,-7.752],[-38.593,-7.754],[-38.608,-7.726],[-38.625,-7.702],[-38.641,-7.683],[-38.651,-7.673],[-38.67,-7.66],[-38.691,-7.634],[-38.718,-7.609],[-38.711,-7.586],[-38.685,-7.58],[-38.655,-7.565],[-38.656,-7.546],[-38.651,-7.527],[-38.647,-7.513],[-38.631,-7.485],[-38.645,-7.46],[-38.605,-7.444],[-38.585,-7.434],[-38.59,-7.401],[-38.576,-7.376],[-38.55,-7.328],[-38.54,-7.306],[-38.542,-7.267],[-38.553,-7.255],[-38.579,-7.247],[-38.6,-7.234],[-38.616,-7.226],[-38.619,-7.197],[-38.641,-7.187],[-38.687,-7.19],[-38.675,-7.155],[-38.656,-7.092],[-38.671,-7.07],[-38.669,-7.047],[-38.69,-7.033],[-38.73,-7.012],[-38.758,-6.998],[-38.757,-6.989],[-38.747,-6.96],[-38.756,-6.94],[-38.759,-6.925],[-38.761,-6.914],[-38.738,-6.899],[-38.728,-6.887],[-38.714,-6.882],[-38.692,-6.87],[-38.671,-6.845],[-38.677,-6.833],[-38.649,-6.808],[-38.636,-6.798],[-38.623,-6.791],[-38.629,-6.777],[-38.651,-6.758],[-38.652,-6.748],[-38.665,-6.724],[-38.673,-6.697],[-38.662,-6.674],[-38.647,-6.654],[-38.65,-6.628],[-38.646,-6.616],[-38.633,-6.59],[-38.632,-6.562],[-38.626,-6.553],[-38.616,-6.528],[-38.598,-6.502],[-38.57,-6.462],[-38.555,-6.437],[-38.537,-6.417],[-38.54,-6.4],[-38.552,-6.398],[-38.581,-6.401],[-38.602,-6.389],[-38.579,-6.375],[-38.572,-6.363],[-38.562,-6.356],[-38.545,-6.344],[-38.505,-6.356],[-38.475,-6.333],[-38.457,-6.329],[-38.49,-6.365],[-38.486,-6.398],[-38.448,-6.403],[-38.401,-6.41],[-38.382,-6.432],[-38.363,-6.453],[-38.343,-6.458],[-38.315,-6.481],[-38.291,-6.497],[-38.239,-6.48],[-38.2,-6.488],[-38.178,-6.499],[-38.139,-6.509],[-38.12,-6.522],[-38.095,-6.493],[-38.062,-6.459],[-38.051,-6.442],[-38.037,-6.462],[-38.021,-6.468],[-38.016,-6.442],[-38.013,-6.427],[-37.971,-6.42],[-37.955,-6.408],[-37.925,-6.418],[-37.89,-6.4],[-37.888,-6.364],[-37.844,-6.354],[-37.833,-6.321],[-37.81,-6.291],[-37.757,-6.29],[-37.76,-6.254],[-37.761,-6.238],[-37.763,-6.219],[-37.754,-6.2],[-37.695,-6.187],[-37.638,-6.179],[-37.593,-6.169],[-37.565,-6.159],[-37.536,-6.152],[-37.502,-6.152],[-37.486,-6.147],[-37.445,-6.112],[-37.419,-6.11],[-37.383,-6.087],[-37.345,-6.077],[-37.292,-6.054],[-37.263,-6.046],[-37.227,-6.035]]]]},"properties":{"id":15,"name":"Para\u00edba","sigla":"PB","regiao_id":"4","codigo_ibg":"25","cartodb_id":15,"created_at":"2015-02-09T16:46:01Z","updated_at":"2015-02-09T16:46:01Z"}},{"type":"Feature","geometry":{"type":"MultiPolygon","coordinates":[[[[-37.177,-7.309],[-37.157,-7.338],[-37.135,-7.346],[-37.121,-7.351],[-37.067,-7.382],[-37.026,-7.388],[-37.017,-7.41],[-37.014,-7.43],[-37.01,-7.453],[-36.994,-7.467],[-36.984,-7.482],[-37.025,-7.497],[-37.077,-7.517],[-37.133,-7.549],[-37.174,-7.592],[-37.186,-7.618],[-37.195,-7.652],[-37.172,-7.684],[-37.149,-7.731],[-37.157,-7.773],[-37.16,-7.793],[-37.177,-7.794],[-37.198,-7.799],[-37.23,-7.813],[-37.228,-7.821],[-37.245,-7.861],[-37.287,-7.903],[-37.309,-7.913],[-37.309,-7.934],[-37.342,-7.945],[-37.355,-7.975],[-37.303,-7.97],[-37.277,-7.972],[-37.247,-7.969],[-37.219,-7.972],[-37.211,-7.954],[-37.188,-7.983],[-37.179,-7.991],[-37.159,-7.999],[-37.148,-8.035],[-37.153,-8.071],[-37.147,-8.104],[-37.158,-8.138],[-37.163,-8.158],[-37.131,-8.174],[-37.125,-8.198],[-37.096,-8.24],[-37.02,-8.289],[-36.977,-8.297],[-36.948,-8.292],[-36.928,-8.271],[-36.896,-8.24],[-36.812,-8.205],[-36.775,-8.19],[-36.752,-8.184],[-36.724,-8.172],[-36.725,-8.156],[-36.687,-8.155],[-36.638,-8.118],[-36.642,-8.092],[-36.656,-8.076],[-36.624,-7.982],[-36.617,-7.96],[-36.573,-7.955],[-36.573,-7.936],[-36.552,-7.898],[-36.494,-7.918],[-36.466,-7.916],[-36.445,-7.915],[-36.432,-7.88],[-36.429,-7.867],[-36.413,-7.814],[-36.373,-7.812],[-36.304,-7.808],[-36.267,-7.831],[-36.241,-7.809],[-36.216,-7.764],[-36.182,-7.783],[-36.104,-7.78],[-36.064,-7.786],[-36.043,-7.793],[-35.998,-7.813],[-35.974,-7.794],[-35.943,-7.79],[-35.883,-7.774],[-35.872,-7.749],[-35.828,-7.751],[-35.78,-7.738],[-35.751,-7.723],[-35.736,-7.709],[-35.71,-7.702],[-35.693,-7.699],[-35.653,-7.695],[-35.619,-7.664],[-35.593,-7.652],[-35.56,-7.659],[-35.526,-7.645],[-35.531,-7.621],[-35.521,-7.599],[-35.536,-7.587],[-35.519,-7.536],[-35.501,-7.512],[-35.503,-7.456],[-35.438,-7.463],[-35.415,-7.471],[-35.373,-7.446],[-35.366,-7.442],[-35.348,-7.435],[-35.342,-7.422],[-35.324,-7.411],[-35.278,-7.386],[-35.231,-7.378],[-35.223,-7.38],[-35.18,-7.396],[-35.129,-7.399],[-35.097,-7.408],[-35.075,-7.398],[-35.038,-7.421],[-34.987,-7.463],[-34.985,-7.5],[-34.969,-7.521],[-34.932,-7.528],[-34.911,-7.542],[-34.901,-7.538],[-34.888,-7.536],[-34.862,-7.541],[-34.834,-7.549],[-34.836,-7.552],[-34.829,-7.581],[-34.824,-7.596],[-34.813,-7.612],[-34.812,-7.634],[-34.829,-7.671],[-34.846,-7.688],[-34.831,-7.7],[-34.827,-7.726],[-34.837,-7.792],[-34.847,-7.812],[-34.842,-7.827],[-34.84,-7.844],[-34.832,-7.874],[-34.824,-7.89],[-34.822,-7.909],[-34.836,-7.987],[-34.837,-8.006],[-34.863,-8.036],[-34.88,-8.093],[-34.914,-8.168],[-34.917,-8.193],[-34.918,-8.211],[-34.933,-8.246],[-34.95,-8.297],[-34.951,-8.337],[-34.94,-8.351],[-34.951,-8.356],[-34.958,-8.361],[-34.966,-8.409],[-34.984,-8.455],[-34.985,-8.46],[-34.998,-8.502],[-35.003,-8.526],[-35.004,-8.566],[-35.023,-8.565],[-35.043,-8.595],[-35.066,-8.644],[-35.069,-8.665],[-35.079,-8.679],[-35.081,-8.699],[-35.085,-8.718],[-35.089,-8.733],[-35.098,-8.76],[-35.103,-8.784],[-35.119,-8.806],[-35.13,-8.862],[-35.139,-8.879],[-35.147,-8.898],[-35.152,-8.913],[-35.176,-8.888],[-35.211,-8.889],[-35.235,-8.883],[-35.311,-8.87],[-35.408,-8.839],[-35.431,-8.836],[-35.459,-8.838],[-35.462,-8.818],[-35.482,-8.826],[-35.5,-8.822],[-35.518,-8.817],[-35.535,-8.819],[-35.568,-8.84],[-35.582,-8.846],[-35.603,-8.862],[-35.63,-8.879],[-35.659,-8.882],[-35.687,-8.898],[-35.722,-8.908],[-35.761,-8.908],[-35.78,-8.89],[-35.781,-8.878],[-35.787,-8.851],[-35.823,-8.857],[-35.837,-8.868],[-35.886,-8.863],[-35.901,-8.862],[-35.923,-8.883],[-35.96,-8.894],[-35.973,-8.901],[-36.005,-8.913],[-36.086,-8.944],[-36.12,-8.983],[-36.113,-9.009],[-36.138,-9.036],[-36.154,-9.04],[-36.188,-9.046],[-36.197,-9.049],[-36.221,-9.073],[-36.243,-9.1],[-36.26,-9.118],[-36.246,-9.143],[-36.231,-9.164],[-36.247,-9.177],[-36.261,-9.177],[-36.285,-9.17],[-36.3,-9.175],[-36.321,-9.185],[-36.34,-9.206],[-36.348,-9.214],[-36.375,-9.216],[-36.408,-9.222],[-36.419,-9.229],[-36.437,-9.212],[-36.458,-9.233],[-36.478,-9.24],[-36.489,-9.252],[-36.503,-9.271],[-36.568,-9.318],[-36.586,-9.338],[-36.604,-9.341],[-36.614,-9.331],[-36.624,-9.329],[-36.635,-9.321],[-36.644,-9.314],[-36.663,-9.304],[-36.797,-9.293],[-36.868,-9.268],[-36.877,-9.278],[-36.915,-9.299],[-36.922,-9.339],[-36.936,-9.361],[-36.944,-9.382],[-36.989,-9.357],[-37.045,-9.315],[-37.057,-9.312],[-37.057,-9.281],[-37.116,-9.241],[-37.142,-9.268],[-37.168,-9.261],[-37.19,-9.22],[-37.234,-9.233],[-37.232,-9.222],[-37.246,-9.19],[-37.272,-9.154],[-37.298,-9.119],[-37.31,-9.1],[-37.332,-9.087],[-37.418,-9.044],[-37.446,-9.026],[-37.488,-8.97],[-37.521,-8.965],[-37.541,-8.958],[-37.583,-8.97],[-37.616,-9.0],[-37.659,-9.006],[-37.661,-8.987],[-37.698,-8.992],[-37.687,-8.977],[-37.702,-8.948],[-37.707,-8.927],[-37.726,-8.906],[-37.734,-8.895],[-37.749,-8.869],[-37.781,-8.865],[-37.808,-8.884],[-37.829,-8.897],[-37.822,-8.91],[-37.831,-8.928],[-37.83,-8.946],[-37.846,-8.984],[-37.864,-9.008],[-37.875,-9.024],[-37.905,-9.04],[-37.942,-9.092],[-37.955,-9.108],[-37.971,-9.124],[-37.991,-9.155],[-38.029,-9.163],[-38.064,-9.173],[-38.092,-9.172],[-38.156,-9.242],[-38.158,-9.264],[-38.203,-9.296],[-38.25,-9.29],[-38.287,-9.173],[-38.304,-9.096],[-38.321,-9.07],[-38.289,-9.038],[-38.34,-8.99],[-38.417,-9.037],[-38.503,-8.981],[-38.517,-8.935],[-38.479,-8.902],[-38.475,-8.857],[-38.561,-8.827],[-38.607,-8.893],[-38.64,-8.987],[-38.692,-8.937],[-38.711,-8.857],[-38.804,-8.79],[-38.868,-8.783],[-38.928,-8.796],[-38.965,-8.794],[-39.017,-8.751],[-39.151,-8.709],[-39.177,-8.703],[-39.213,-8.709],[-39.245,-8.682],[-39.254,-8.619],[-39.274,-8.585],[-39.288,-8.563],[-39.363,-8.539],[-39.412,-8.54],[-39.435,-8.563],[-39.46,-8.579],[-39.522,-8.608],[-39.556,-8.627],[-39.565,-8.631],[-39.625,-8.656],[-39.66,-8.657],[-39.683,-8.709],[-39.677,-8.76],[-39.674,-8.787],[-39.747,-8.794],[-39.821,-8.813],[-39.901,-8.849],[-39.874,-8.931],[-39.916,-8.998],[-40.005,-9.059],[-40.071,-9.07],[-40.169,-9.099],[-40.234,-9.055],[-40.271,-9.081],[-40.307,-9.271],[-40.335,-9.34],[-40.391,-9.372],[-40.436,-9.362],[-40.476,-9.419],[-40.497,-9.409],[-40.529,-9.414],[-40.549,-9.449],[-40.623,-9.482],[-40.745,-9.443],[-40.767,-9.445],[-40.752,-9.407],[-40.744,-9.377],[-40.739,-9.351],[-40.742,-9.33],[-40.744,-9.306],[-40.72,-9.305],[-40.707,-9.285],[-40.689,-9.257],[-40.694,-9.233],[-40.676,-9.193],[-40.677,-9.151],[-40.732,-9.124],[-40.756,-9.105],[-40.786,-9.105],[-40.804,-9.098],[-40.819,-9.069],[-40.825,-9.039],[-40.835,-9.008],[-40.851,-8.967],[-40.863,-8.938],[-40.883,-8.904],[-40.902,-8.861],[-40.921,-8.835],[-40.961,-8.83],[-40.989,-8.829],[-41.021,-8.843],[-41.036,-8.785],[-41.058,-8.785],[-41.078,-8.788],[-41.106,-8.77],[-41.115,-8.762],[-41.126,-8.747],[-41.121,-8.724],[-41.112,-8.708],[-41.175,-8.709],[-41.185,-8.709],[-41.205,-8.709],[-41.238,-8.719],[-41.27,-8.731],[-41.31,-8.726],[-41.358,-8.707],[-41.253,-8.662],[-41.225,-8.646],[-41.207,-8.614],[-41.198,-8.592],[-41.178,-8.588],[-41.152,-8.546],[-41.127,-8.541],[-41.102,-8.521],[-41.081,-8.484],[-41.046,-8.445],[-41.007,-8.421],[-40.965,-8.412],[-40.957,-8.419],[-40.926,-8.446],[-40.901,-8.408],[-40.889,-8.386],[-40.893,-8.357],[-40.857,-8.375],[-40.819,-8.362],[-40.818,-8.33],[-40.792,-8.319],[-40.779,-8.302],[-40.781,-8.291],[-40.775,-8.251],[-40.744,-8.24],[-40.724,-8.224],[-40.7,-8.202],[-40.675,-8.184],[-40.658,-8.156],[-40.642,-8.15],[-40.601,-8.15],[-40.589,-8.138],[-40.603,-8.103],[-40.575,-8.03],[-40.544,-7.947],[-40.555,-7.818],[-40.653,-7.782],[-40.665,-7.687],[-40.652,-7.592],[-40.712,-7.472],[-40.678,-7.453],[-40.657,-7.442],[-40.652,-7.433],[-40.372,-7.385],[-40.279,-7.388],[-40.078,-7.399],[-39.991,-7.392],[-39.944,-7.369],[-39.903,-7.339],[-39.856,-7.326],[-39.822,-7.33],[-39.687,-7.315],[-39.627,-7.333],[-39.598,-7.344],[-39.508,-7.414],[-39.484,-7.44],[-39.414,-7.469],[-39.368,-7.494],[-39.328,-7.531],[-39.313,-7.56],[-39.296,-7.596],[-39.284,-7.605],[-39.303,-7.628],[-39.311,-7.655],[-39.274,-7.661],[-39.251,-7.68],[-39.252,-7.705],[-39.234,-7.696],[-39.208,-7.689],[-39.171,-7.715],[-39.106,-7.76],[-39.09,-7.809],[-39.09,-7.84],[-39.091,-7.858],[-39.026,-7.824],[-39.004,-7.836],[-38.974,-7.843],[-38.959,-7.839],[-38.954,-7.821],[-38.946,-7.782],[-38.934,-7.758],[-38.916,-7.758],[-38.9,-7.744],[-38.881,-7.725],[-38.849,-7.718],[-38.815,-7.697],[-38.819,-7.664],[-38.789,-7.67],[-38.76,-7.656],[-38.741,-7.648],[-38.727,-7.629],[-38.715,-7.622],[-38.686,-7.635],[-38.668,-7.659],[-38.651,-7.677],[-38.641,-7.686],[-38.625,-7.708],[-38.607,-7.73],[-38.586,-7.755],[-38.574,-7.754],[-38.562,-7.756],[-38.529,-7.755],[-38.495,-7.738],[-38.462,-7.727],[-38.427,-7.73],[-38.404,-7.714],[-38.371,-7.698],[-38.344,-7.695],[-38.32,-7.698],[-38.315,-7.728],[-38.316,-7.764],[-38.294,-7.778],[-38.286,-7.83],[-38.261,-7.829],[-38.235,-7.826],[-38.206,-7.807],[-38.187,-7.795],[-38.17,-7.786],[-38.133,-7.793],[-38.124,-7.813],[-38.077,-7.83],[-38.075,-7.805],[-38.054,-7.76],[-38.013,-7.762],[-37.995,-7.779],[-37.982,-7.772],[-37.947,-7.756],[-37.925,-7.726],[-37.894,-7.713],[-37.903,-7.698],[-37.851,-7.65],[-37.782,-7.626],[-37.776,-7.639],[-37.767,-7.657],[-37.738,-7.66],[-37.758,-7.634],[-37.745,-7.609],[-37.728,-7.579],[-37.706,-7.55],[-37.659,-7.522],[-37.619,-7.526],[-37.609,-7.508],[-37.551,-7.479],[-37.527,-7.448],[-37.514,-7.433],[-37.51,-7.42],[-37.491,-7.385],[-37.441,-7.359],[-37.408,-7.358],[-37.349,-7.337],[-37.314,-7.289],[-37.261,-7.273],[-37.198,-7.294],[-37.177,-7.309]]],[[[-32.407,-3.838],[-32.395,-3.849],[-32.4,-3.856],[-32.416,-3.863],[-32.422,-3.868],[-32.424,-3.878],[-32.442,-3.87],[-32.457,-3.878],[-32.468,-3.877],[-32.446,-3.855],[-32.407,-3.838]]]]},"properties":{"id":16,"name":"Pernambuco","sigla":"PE","regiao_id":"4","codigo_ibg":"26","cartodb_id":16,"created_at":"2015-02-09T16:46:01Z","updated_at":"2015-02-09T16:46:01Z"}},{"type":"Feature","geometry":{"type":"MultiPolygon","coordinates":[[[[-41.739,-2.806],[-41.729,-2.803],[-41.7,-2.829],[-41.684,-2.844],[-41.655,-2.867],[-41.599,-2.902],[-41.56,-2.901],[-41.51,-2.911],[-41.494,-2.9],[-41.461,-2.901],[-41.434,-2.906],[-41.411,-2.908],[-41.379,-2.914],[-41.364,-2.917],[-41.338,-2.927],[-41.327,-2.921],[-41.321,-2.953],[-41.283,-2.967],[-41.257,-3.004],[-41.249,-3.029],[-41.26,-3.048],[-41.256,-3.071],[-41.272,-3.101],[-41.319,-3.145],[-41.322,-3.179],[-41.399,-3.322],[-41.412,-3.34],[-41.418,-3.37],[-41.402,-3.387],[-41.392,-3.403],[-41.348,-3.414],[-41.348,-3.452],[-41.328,-3.488],[-41.305,-3.49],[-41.324,-3.503],[-41.336,-3.554],[-41.37,-3.568],[-41.345,-3.588],[-41.341,-3.68],[-41.318,-3.686],[-41.279,-3.7],[-41.239,-3.712],[-41.257,-3.73],[-41.264,-3.791],[-41.297,-3.829],[-41.282,-3.826],[-41.27,-3.853],[-41.259,-3.866],[-41.239,-3.902],[-41.22,-3.941],[-41.232,-3.968],[-41.244,-3.986],[-41.239,-4.016],[-41.25,-4.037],[-41.203,-4.021],[-41.183,-4.018],[-41.161,-4.031],[-41.114,-4.04],[-41.12,-4.056],[-41.141,-4.122],[-41.128,-4.139],[-41.102,-4.168],[-41.102,-4.186],[-41.119,-4.324],[-41.149,-4.367],[-41.178,-4.464],[-41.189,-4.488],[-41.203,-4.528],[-41.214,-4.552],[-41.242,-4.571],[-41.224,-4.593],[-41.219,-4.626],[-41.195,-4.648],[-41.185,-4.662],[-41.214,-4.714],[-41.25,-4.756],[-41.229,-4.768],[-41.218,-4.787],[-41.232,-4.815],[-41.239,-4.854],[-41.228,-4.891],[-41.22,-4.937],[-41.199,-4.941],[-41.146,-4.992],[-41.135,-4.997],[-41.122,-5.01],[-41.095,-5.061],[-41.084,-5.075],[-41.08,-5.091],[-41.04,-5.091],[-41.023,-5.108],[-40.988,-5.138],[-40.964,-5.15],[-40.937,-5.166],[-40.932,-5.201],[-40.925,-5.218],[-40.938,-5.238],[-40.93,-5.249],[-40.911,-5.269],[-40.922,-5.284],[-40.921,-5.301],[-40.913,-5.316],[-40.918,-5.338],[-40.933,-5.35],[-40.928,-5.377],[-40.911,-5.407],[-40.938,-5.416],[-40.921,-5.45],[-40.929,-5.483],[-40.928,-5.507],[-40.931,-5.536],[-40.913,-5.579],[-40.902,-5.61],[-40.921,-5.66],[-40.93,-5.686],[-40.917,-5.744],[-40.907,-5.837],[-40.895,-5.892],[-40.881,-5.983],[-40.906,-6.033],[-40.884,-6.047],[-40.857,-6.105],[-40.849,-6.213],[-40.787,-6.305],[-40.79,-6.372],[-40.796,-6.428],[-40.791,-6.498],[-40.79,-6.517],[-40.735,-6.6],[-40.71,-6.676],[-40.607,-6.714],[-40.472,-6.745],[-40.455,-6.771],[-40.442,-6.791],[-40.412,-6.809],[-40.37,-6.808],[-40.402,-6.84],[-40.428,-6.864],[-40.432,-6.9],[-40.429,-6.991],[-40.406,-7.005],[-40.437,-7.016],[-40.441,-7.046],[-40.446,-7.059],[-40.47,-7.094],[-40.494,-7.166],[-40.499,-7.186],[-40.512,-7.301],[-40.541,-7.332],[-40.652,-7.433],[-40.657,-7.442],[-40.678,-7.453],[-40.712,-7.472],[-40.652,-7.592],[-40.665,-7.687],[-40.653,-7.782],[-40.555,-7.818],[-40.544,-7.947],[-40.575,-8.03],[-40.603,-8.103],[-40.589,-8.138],[-40.601,-8.15],[-40.642,-8.15],[-40.658,-8.156],[-40.675,-8.184],[-40.7,-8.202],[-40.724,-8.224],[-40.744,-8.24],[-40.775,-8.251],[-40.781,-8.291],[-40.779,-8.302],[-40.792,-8.319],[-40.818,-8.33],[-40.819,-8.362],[-40.857,-8.375],[-40.893,-8.357],[-40.889,-8.386],[-40.901,-8.408],[-40.926,-8.446],[-40.957,-8.419],[-40.965,-8.412],[-41.007,-8.421],[-41.046,-8.445],[-41.081,-8.484],[-41.102,-8.521],[-41.127,-8.541],[-41.152,-8.546],[-41.178,-8.588],[-41.198,-8.592],[-41.207,-8.614],[-41.225,-8.646],[-41.253,-8.662],[-41.358,-8.707],[-41.382,-8.708],[-41.4,-8.746],[-41.432,-8.797],[-41.478,-8.843],[-41.496,-8.861],[-41.507,-8.892],[-41.526,-8.914],[-41.544,-8.941],[-41.57,-8.955],[-41.609,-8.967],[-41.622,-8.973],[-41.669,-8.99],[-41.712,-9.013],[-41.733,-9.046],[-41.759,-9.116],[-41.8,-9.156],[-41.846,-9.243],[-41.884,-9.253],[-41.903,-9.26],[-41.936,-9.268],[-41.965,-9.255],[-42.028,-9.253],[-42.066,-9.256],[-42.187,-9.288],[-42.226,-9.283],[-42.269,-9.309],[-42.322,-9.326],[-42.357,-9.362],[-42.421,-9.412],[-42.443,-9.457],[-42.473,-9.459],[-42.486,-9.483],[-42.559,-9.498],[-42.595,-9.504],[-42.621,-9.541],[-42.654,-9.541],[-42.72,-9.531],[-42.737,-9.575],[-42.757,-9.589],[-42.802,-9.622],[-42.821,-9.598],[-42.829,-9.577],[-42.866,-9.561],[-42.876,-9.56],[-42.946,-9.518],[-42.956,-9.485],[-42.959,-9.443],[-42.971,-9.408],[-42.987,-9.401],[-43.012,-9.408],[-43.058,-9.406],[-43.074,-9.399],[-43.104,-9.386],[-43.123,-9.379],[-43.145,-9.377],[-43.165,-9.391],[-43.201,-9.412],[-43.229,-9.403],[-43.266,-9.412],[-43.285,-9.42],[-43.305,-9.393],[-43.343,-9.369],[-43.424,-9.277],[-43.485,-9.265],[-43.525,-9.3],[-43.569,-9.315],[-43.686,-9.418],[-43.782,-9.452],[-43.818,-9.494],[-43.852,-9.562],[-43.834,-9.618],[-43.842,-9.637],[-43.793,-9.713],[-43.775,-9.767],[-43.746,-9.783],[-43.708,-9.805],[-43.682,-9.815],[-43.653,-9.845],[-43.666,-9.869],[-43.696,-9.901],[-43.698,-9.924],[-43.696,-9.952],[-43.681,-9.984],[-43.669,-10.03],[-43.693,-10.077],[-43.762,-10.077],[-43.767,-10.114],[-43.837,-10.251],[-43.838,-10.303],[-43.871,-10.33],[-43.9,-10.368],[-43.915,-10.42],[-43.952,-10.425],[-44.007,-10.405],[-44.035,-10.444],[-44.041,-10.493],[-44.077,-10.584],[-44.105,-10.594],[-44.134,-10.636],[-44.169,-10.639],[-44.215,-10.615],[-44.273,-10.615],[-44.311,-10.56],[-44.344,-10.549],[-44.423,-10.613],[-44.463,-10.615],[-44.525,-10.647],[-44.589,-10.632],[-44.628,-10.675],[-44.66,-10.678],[-44.661,-10.732],[-44.7,-10.765],[-44.757,-10.792],[-44.788,-10.808],[-44.819,-10.874],[-44.845,-10.899],[-44.855,-10.884],[-44.885,-10.902],[-44.901,-10.91],[-44.995,-10.883],[-45.03,-10.866],[-45.09,-10.841],[-45.151,-10.839],[-45.163,-10.837],[-45.235,-10.82],[-45.26,-10.803],[-45.322,-10.76],[-45.397,-10.648],[-45.436,-10.619],[-45.44,-10.541],[-45.431,-10.488],[-45.415,-10.433],[-45.427,-10.387],[-45.456,-10.338],[-45.496,-10.298],[-45.522,-10.257],[-45.53,-10.234],[-45.565,-10.16],[-45.593,-10.11],[-45.644,-10.126],[-45.696,-10.155],[-45.726,-10.156],[-45.739,-10.234],[-45.877,-10.239],[-45.947,-10.252],[-45.945,-10.204],[-45.931,-10.19],[-45.915,-10.164],[-45.9,-10.152],[-45.882,-10.112],[-45.88,-10.058],[-45.875,-10.04],[-45.856,-9.986],[-45.847,-9.962],[-45.842,-9.941],[-45.858,-9.907],[-45.863,-9.881],[-45.866,-9.87],[-45.855,-9.847],[-45.849,-9.831],[-45.828,-9.791],[-45.827,-9.746],[-45.828,-9.724],[-45.831,-9.712],[-45.83,-9.702],[-45.829,-9.68],[-45.825,-9.626],[-45.832,-9.604],[-45.833,-9.59],[-45.841,-9.568],[-45.829,-9.541],[-45.82,-9.525],[-45.798,-9.495],[-45.792,-9.485],[-45.789,-9.464],[-45.793,-9.445],[-45.794,-9.438],[-45.801,-9.423],[-45.821,-9.382],[-45.863,-9.359],[-45.893,-9.342],[-45.897,-9.319],[-45.907,-9.298],[-45.896,-9.281],[-45.898,-9.263],[-45.896,-9.235],[-45.898,-9.209],[-45.899,-9.191],[-45.921,-9.146],[-45.927,-9.102],[-45.928,-9.088],[-45.929,-9.07],[-45.938,-9.048],[-45.944,-9.022],[-45.974,-8.973],[-45.988,-8.921],[-45.984,-8.908],[-45.98,-8.884],[-45.972,-8.869],[-45.957,-8.84],[-45.952,-8.828],[-45.944,-8.799],[-45.935,-8.779],[-45.907,-8.758],[-45.889,-8.739],[-45.863,-8.724],[-45.84,-8.715],[-45.819,-8.654],[-45.798,-8.621],[-45.765,-8.609],[-45.793,-8.584],[-45.761,-8.561],[-45.753,-8.541],[-45.748,-8.514],[-45.741,-8.479],[-45.736,-8.441],[-45.731,-8.415],[-45.711,-8.388],[-45.694,-8.364],[-45.687,-8.343],[-45.682,-8.328],[-45.676,-8.304],[-45.661,-8.252],[-45.612,-8.196],[-45.606,-8.185],[-45.591,-8.173],[-45.586,-8.136],[-45.575,-8.114],[-45.57,-8.077],[-45.568,-8.068],[-45.561,-8.048],[-45.563,-8.014],[-45.559,-8.002],[-45.553,-7.971],[-45.549,-7.958],[-45.544,-7.939],[-45.535,-7.921],[-45.524,-7.908],[-45.539,-7.893],[-45.522,-7.883],[-45.534,-7.876],[-45.525,-7.857],[-45.525,-7.855],[-45.515,-7.834],[-45.51,-7.802],[-45.499,-7.794],[-45.496,-7.787],[-45.484,-7.763],[-45.489,-7.746],[-45.482,-7.751],[-45.486,-7.729],[-45.468,-7.713],[-45.457,-7.689],[-45.452,-7.682],[-45.456,-7.67],[-45.435,-7.675],[-45.432,-7.661],[-45.414,-7.654],[-45.407,-7.644],[-45.398,-7.633],[-45.382,-7.613],[-45.343,-7.593],[-45.323,-7.575],[-45.296,-7.573],[-45.261,-7.57],[-45.226,-7.557],[-45.215,-7.566],[-45.179,-7.536],[-45.146,-7.521],[-45.126,-7.514],[-45.076,-7.503],[-45.045,-7.511],[-45.011,-7.496],[-44.988,-7.482],[-44.976,-7.482],[-44.937,-7.47],[-44.919,-7.453],[-44.892,-7.425],[-44.852,-7.402],[-44.831,-7.38],[-44.786,-7.371],[-44.729,-7.391],[-44.701,-7.394],[-44.679,-7.359],[-44.663,-7.331],[-44.643,-7.321],[-44.595,-7.269],[-44.568,-7.236],[-44.528,-7.222],[-44.514,-7.196],[-44.489,-7.18],[-44.437,-7.155],[-44.364,-7.121],[-44.315,-7.118],[-44.275,-7.062],[-44.262,-6.998],[-44.206,-6.963],[-44.176,-6.928],[-44.174,-6.893],[-44.136,-6.859],[-44.114,-6.843],[-44.098,-6.84],[-44.114,-6.805],[-44.077,-6.821],[-44.06,-6.784],[-43.987,-6.757],[-43.948,-6.754],[-43.924,-6.765],[-43.853,-6.735],[-43.795,-6.703],[-43.766,-6.707],[-43.716,-6.699],[-43.672,-6.706],[-43.599,-6.743],[-43.573,-6.751],[-43.546,-6.78],[-43.533,-6.792],[-43.489,-6.82],[-43.452,-6.843],[-43.409,-6.841],[-43.39,-6.827],[-43.356,-6.808],[-43.27,-6.791],[-43.247,-6.767],[-43.152,-6.782],[-43.082,-6.748],[-43.048,-6.76],[-42.996,-6.75],[-42.919,-6.67],[-42.917,-6.637],[-42.884,-6.56],[-42.885,-6.509],[-42.873,-6.488],[-42.869,-6.45],[-42.877,-6.417],[-42.856,-6.37],[-42.829,-6.337],[-42.86,-6.33],[-42.851,-6.275],[-42.867,-6.234],[-42.895,-6.225],[-42.934,-6.193],[-42.972,-6.173],[-42.993,-6.117],[-43.05,-6.099],[-43.075,-6.054],[-43.05,-6.013],[-43.059,-5.983],[-43.087,-5.947],[-43.094,-5.911],[-43.078,-5.87],[-43.091,-5.806],[-43.097,-5.745],[-43.077,-5.731],[-43.091,-5.633],[-43.09,-5.607],[-43.034,-5.592],[-43.005,-5.542],[-42.973,-5.48],[-42.962,-5.446],[-42.923,-5.428],[-42.904,-5.392],[-42.869,-5.377],[-42.831,-5.351],[-42.812,-5.291],[-42.827,-5.239],[-42.799,-5.191],[-42.813,-5.13],[-42.819,-5.09],[-42.841,-5.055],[-42.861,-4.973],[-42.868,-4.927],[-42.893,-4.891],[-42.895,-4.85],[-42.937,-4.81],[-42.925,-4.75],[-42.942,-4.708],[-42.919,-4.653],[-42.869,-4.57],[-42.867,-4.525],[-42.857,-4.499],[-42.854,-4.477],[-42.878,-4.452],[-42.887,-4.411],[-42.952,-4.386],[-42.962,-4.344],[-42.982,-4.294],[-42.982,-4.214],[-42.926,-4.156],[-42.887,-4.147],[-42.896,-4.117],[-42.86,-4.085],[-42.815,-3.987],[-42.798,-3.996],[-42.732,-3.917],[-42.721,-3.875],[-42.668,-3.791],[-42.683,-3.763],[-42.682,-3.694],[-42.657,-3.653],[-42.622,-3.621],[-42.562,-3.555],[-42.529,-3.492],[-42.504,-3.456],[-42.487,-3.449],[-42.466,-3.485],[-42.448,-3.478],[-42.416,-3.464],[-42.399,-3.472],[-42.376,-3.452],[-42.325,-3.435],[-42.289,-3.451],[-42.222,-3.435],[-42.202,-3.428],[-42.198,-3.405],[-42.142,-3.359],[-42.127,-3.344],[-42.11,-3.313],[-42.102,-3.294],[-42.135,-3.281],[-42.066,-3.253],[-42.0,-3.241],[-41.979,-3.218],[-41.956,-3.178],[-41.937,-3.156],[-41.924,-3.137],[-41.913,-3.099],[-41.889,-3.089],[-41.84,-3.036],[-41.814,-2.988],[-41.82,-2.928],[-41.861,-2.883],[-41.861,-2.843],[-41.841,-2.818],[-41.824,-2.756],[-41.807,-2.744],[-41.779,-2.775],[-41.75,-2.801],[-41.739,-2.806]]]]},"properties":{"id":17,"name":"Piau\u00ed","sigla":"PI","regiao_id":"4","codigo_ibg":"22","cartodb_id":17,"created_at":"2015-02-09T16:46:01Z","updated_at":"2015-02-09T16:46:01Z"}},{"type":"Feature","geometry":{"type":"MultiPolygon","coordinates":[[[[-52.064,-22.534],[-52.04,-22.539],[-51.96,-22.563],[-51.892,-22.61],[-51.869,-22.629],[-51.753,-22.617],[-51.735,-22.625],[-51.71,-22.669],[-51.671,-22.659],[-51.62,-22.661],[-51.553,-22.694],[-51.498,-22.69],[-51.401,-22.667],[-51.373,-22.658],[-51.296,-22.671],[-51.247,-22.685],[-51.187,-22.729],[-51.154,-22.752],[-50.994,-22.792],[-50.945,-22.804],[-50.89,-22.795],[-50.824,-22.865],[-50.804,-22.885],[-50.793,-22.905],[-50.789,-22.948],[-50.746,-22.955],[-50.676,-22.9],[-50.62,-22.912],[-50.554,-22.911],[-50.528,-22.924],[-50.504,-22.946],[-50.461,-22.944],[-50.419,-22.934],[-50.395,-22.907],[-50.358,-22.917],[-50.338,-22.948],[-50.304,-22.944],[-50.27,-22.931],[-50.241,-22.951],[-50.216,-22.947],[-50.183,-22.953],[-50.14,-22.938],[-50.094,-22.923],[-50.067,-22.927],[-50.024,-22.909],[-49.996,-22.929],[-49.986,-22.897],[-49.963,-22.937],[-49.965,-22.966],[-49.9,-23.004],[-49.916,-23.036],[-49.885,-23.064],[-49.871,-23.069],[-49.833,-23.065],[-49.815,-23.078],[-49.806,-23.094],[-49.79,-23.102],[-49.751,-23.097],[-49.726,-23.111],[-49.716,-23.148],[-49.698,-23.164],[-49.683,-23.173],[-49.654,-23.227],[-49.645,-23.244],[-49.625,-23.286],[-49.621,-23.331],[-49.637,-23.349],[-49.612,-23.354],[-49.591,-23.388],[-49.619,-23.396],[-49.604,-23.402],[-49.589,-23.415],[-49.571,-23.435],[-49.587,-23.436],[-49.599,-23.457],[-49.601,-23.478],[-49.614,-23.486],[-49.619,-23.506],[-49.624,-23.523],[-49.605,-23.542],[-49.608,-23.565],[-49.61,-23.587],[-49.618,-23.612],[-49.613,-23.623],[-49.608,-23.634],[-49.601,-23.651],[-49.581,-23.664],[-49.575,-23.676],[-49.568,-23.688],[-49.561,-23.692],[-49.549,-23.703],[-49.552,-23.738],[-49.563,-23.749],[-49.566,-23.777],[-49.561,-23.794],[-49.562,-23.818],[-49.592,-23.83],[-49.595,-23.838],[-49.601,-23.843],[-49.608,-23.848],[-49.597,-23.871],[-49.586,-23.888],[-49.577,-23.896],[-49.563,-23.912],[-49.557,-23.922],[-49.532,-23.929],[-49.511,-23.925],[-49.517,-23.936],[-49.513,-23.944],[-49.507,-23.962],[-49.504,-23.968],[-49.497,-23.993],[-49.486,-24.006],[-49.491,-24.014],[-49.481,-24.024],[-49.473,-24.026],[-49.462,-24.037],[-49.448,-24.056],[-49.434,-24.074],[-49.429,-24.081],[-49.407,-24.097],[-49.393,-24.114],[-49.378,-24.117],[-49.362,-24.119],[-49.336,-24.144],[-49.339,-24.174],[-49.348,-24.207],[-49.322,-24.237],[-49.312,-24.243],[-49.307,-24.258],[-49.301,-24.276],[-49.288,-24.291],[-49.269,-24.307],[-49.231,-24.33],[-49.2,-24.344],[-49.253,-24.407],[-49.236,-24.407],[-49.239,-24.419],[-49.252,-24.451],[-49.245,-24.458],[-49.259,-24.473],[-49.269,-24.492],[-49.287,-24.514],[-49.292,-24.552],[-49.315,-24.555],[-49.311,-24.58],[-49.312,-24.591],[-49.314,-24.614],[-49.316,-24.638],[-49.309,-24.645],[-49.304,-24.658],[-49.294,-24.674],[-49.24,-24.698],[-49.204,-24.694],[-49.174,-24.672],[-49.157,-24.672],[-49.111,-24.688],[-49.098,-24.68],[-49.083,-24.672],[-49.055,-24.682],[-49.039,-24.653],[-49.039,-24.643],[-49.004,-24.634],[-49.009,-24.658],[-48.989,-24.659],[-48.976,-24.666],[-48.963,-24.673],[-48.932,-24.674],[-48.912,-24.673],[-48.865,-24.667],[-48.858,-24.657],[-48.833,-24.659],[-48.819,-24.66],[-48.778,-24.696],[-48.753,-24.682],[-48.737,-24.686],[-48.727,-24.686],[-48.69,-24.69],[-48.676,-24.671],[-48.676,-24.692],[-48.674,-24.701],[-48.644,-24.684],[-48.628,-24.68],[-48.612,-24.669],[-48.589,-24.68],[-48.579,-24.685],[-48.569,-24.7],[-48.551,-24.713],[-48.544,-24.719],[-48.532,-24.73],[-48.528,-24.739],[-48.505,-24.734],[-48.507,-24.752],[-48.516,-24.768],[-48.534,-24.787],[-48.558,-24.821],[-48.567,-24.847],[-48.553,-24.866],[-48.555,-24.883],[-48.559,-24.901],[-48.572,-24.902],[-48.569,-24.921],[-48.563,-24.95],[-48.567,-24.96],[-48.588,-24.986],[-48.597,-25.003],[-48.589,-25.026],[-48.581,-25.037],[-48.566,-25.056],[-48.556,-25.084],[-48.528,-25.1],[-48.512,-25.083],[-48.49,-25.053],[-48.434,-24.991],[-48.411,-24.98],[-48.377,-25.002],[-48.35,-25.028],[-48.337,-25.038],[-48.324,-25.036],[-48.333,-25.07],[-48.3,-25.031],[-48.285,-25.035],[-48.269,-24.997],[-48.259,-24.987],[-48.235,-24.999],[-48.23,-25.002],[-48.226,-25.011],[-48.214,-25.029],[-48.215,-25.042],[-48.21,-25.08],[-48.196,-25.106],[-48.184,-25.125],[-48.176,-25.137],[-48.166,-25.155],[-48.175,-25.178],[-48.178,-25.206],[-48.151,-25.228],[-48.095,-25.241],[-48.085,-25.24],[-48.062,-25.239],[-48.058,-25.221],[-48.047,-25.226],[-48.028,-25.221],[-48.023,-25.23],[-48.071,-25.273],[-48.098,-25.307],[-48.149,-25.36],[-48.199,-25.43],[-48.24,-25.471],[-48.287,-25.489],[-48.293,-25.503],[-48.287,-25.541],[-48.3,-25.559],[-48.313,-25.576],[-48.367,-25.59],[-48.414,-25.623],[-48.439,-25.654],[-48.474,-25.71],[-48.524,-25.799],[-48.537,-25.84],[-48.541,-25.847],[-48.555,-25.854],[-48.562,-25.871],[-48.563,-25.888],[-48.576,-25.92],[-48.594,-25.971],[-48.599,-25.977],[-48.613,-25.981],[-48.62,-25.974],[-48.633,-25.97],[-48.643,-25.956],[-48.665,-25.975],[-48.68,-25.981],[-48.96,-25.979],[-48.961,-25.991],[-48.968,-25.986],[-48.984,-26.004],[-48.996,-26.01],[-49.003,-26.011],[-49.029,-26.003],[-49.051,-26.017],[-49.071,-25.999],[-49.09,-26.003],[-49.102,-26.005],[-49.131,-26.0],[-49.142,-26.011],[-49.16,-26.007],[-49.18,-26.008],[-49.191,-26.012],[-49.207,-26.018],[-49.225,-26.03],[-49.236,-26.037],[-49.254,-26.058],[-49.263,-26.067],[-49.268,-26.076],[-49.274,-26.078],[-49.282,-26.078],[-49.291,-26.093],[-49.3,-26.104],[-49.318,-26.109],[-49.347,-26.128],[-49.36,-26.14],[-49.368,-26.149],[-49.387,-26.155],[-49.4,-26.15],[-49.42,-26.164],[-49.436,-26.172],[-49.464,-26.173],[-49.489,-26.191],[-49.499,-26.203],[-49.49,-26.214],[-49.504,-26.226],[-49.529,-26.217],[-49.536,-26.214],[-49.536,-26.226],[-49.551,-26.225],[-49.561,-26.235],[-49.59,-26.23],[-49.602,-26.227],[-49.617,-26.214],[-49.633,-26.207],[-49.634,-26.201],[-49.648,-26.195],[-49.66,-26.187],[-49.672,-26.185],[-49.689,-26.188],[-49.698,-26.161],[-49.737,-26.157],[-49.735,-26.142],[-49.751,-26.12],[-49.778,-26.107],[-49.778,-26.119],[-49.788,-26.111],[-49.806,-26.097],[-49.824,-26.092],[-49.83,-26.069],[-49.833,-26.065],[-49.842,-26.064],[-49.87,-26.043],[-49.898,-26.033],[-49.918,-26.026],[-49.934,-26.018],[-49.953,-26.019],[-49.977,-26.053],[-49.991,-26.012],[-50.011,-26.025],[-50.032,-26.029],[-50.056,-26.036],[-50.073,-26.035],[-50.084,-26.023],[-50.111,-26.054],[-50.121,-26.064],[-50.149,-26.058],[-50.151,-26.023],[-50.182,-26.034],[-50.163,-26.036],[-50.171,-26.065],[-50.193,-26.071],[-50.209,-26.057],[-50.231,-26.05],[-50.252,-26.031],[-50.264,-26.044],[-50.287,-26.053],[-50.322,-26.08],[-50.325,-26.098],[-50.328,-26.112],[-50.333,-26.125],[-50.332,-26.134],[-50.36,-26.117],[-50.366,-26.109],[-50.399,-26.063],[-50.408,-26.065],[-50.439,-26.051],[-50.454,-26.031],[-50.459,-26.027],[-50.476,-26.03],[-50.48,-26.026],[-50.504,-26.032],[-50.549,-26.039],[-50.591,-26.022],[-50.58,-26.048],[-50.551,-26.044],[-50.586,-26.069],[-50.645,-26.09],[-50.648,-26.126],[-50.699,-26.181],[-50.715,-26.238],[-50.746,-26.23],[-50.793,-26.227],[-50.839,-26.271],[-50.866,-26.242],[-50.882,-26.278],[-50.902,-26.287],[-50.941,-26.234],[-50.937,-26.279],[-50.972,-26.254],[-51.0,-26.23],[-51.08,-26.228],[-51.094,-26.249],[-51.104,-26.275],[-51.136,-26.279],[-51.145,-26.283],[-51.163,-26.291],[-51.198,-26.3],[-51.22,-26.317],[-51.245,-26.33],[-51.256,-26.343],[-51.261,-26.364],[-51.27,-26.385],[-51.276,-26.401],[-51.29,-26.408],[-51.283,-26.441],[-51.277,-26.458],[-51.253,-26.463],[-51.25,-26.474],[-51.268,-26.49],[-51.263,-26.507],[-51.253,-26.52],[-51.24,-26.539],[-51.236,-26.546],[-51.216,-26.569],[-51.226,-26.587],[-51.236,-26.606],[-51.239,-26.628],[-51.266,-26.636],[-51.275,-26.64],[-51.305,-26.655],[-51.328,-26.649],[-51.362,-26.657],[-51.391,-26.663],[-51.393,-26.698],[-51.407,-26.7],[-51.447,-26.66],[-51.464,-26.627],[-51.486,-26.622],[-51.494,-26.589],[-51.53,-26.592],[-51.597,-26.586],[-51.631,-26.587],[-51.665,-26.566],[-51.746,-26.578],[-51.79,-26.589],[-51.823,-26.582],[-51.864,-26.596],[-51.884,-26.586],[-51.957,-26.573],[-51.974,-26.568],[-51.986,-26.565],[-52.02,-26.555],[-52.047,-26.535],[-52.062,-26.527],[-52.082,-26.518],[-52.097,-26.504],[-52.112,-26.476],[-52.134,-26.47],[-52.177,-26.453],[-52.205,-26.46],[-52.246,-26.458],[-52.274,-26.462],[-52.305,-26.44],[-52.338,-26.439],[-52.358,-26.438],[-52.386,-26.435],[-52.412,-26.432],[-52.458,-26.439],[-52.476,-26.421],[-52.522,-26.401],[-52.559,-26.407],[-52.59,-26.413],[-52.613,-26.41],[-52.633,-26.391],[-52.658,-26.374],[-52.718,-26.357],[-52.741,-26.345],[-52.764,-26.351],[-52.79,-26.352],[-52.844,-26.345],[-52.874,-26.359],[-52.926,-26.36],[-52.986,-26.347],[-53.027,-26.369],[-53.094,-26.383],[-53.124,-26.374],[-53.14,-26.357],[-53.161,-26.35],[-53.195,-26.332],[-53.231,-26.312],[-53.254,-26.291],[-53.26,-26.283],[-53.28,-26.259],[-53.3,-26.256],[-53.319,-26.255],[-53.336,-26.249],[-53.35,-26.255],[-53.364,-26.251],[-53.38,-26.249],[-53.42,-26.275],[-53.471,-26.29],[-53.497,-26.302],[-53.554,-26.287],[-53.58,-26.274],[-53.596,-26.256],[-53.623,-26.259],[-53.643,-26.248],[-53.645,-26.24],[-53.647,-26.224],[-53.65,-26.207],[-53.651,-26.194],[-53.665,-26.183],[-53.676,-26.169],[-53.691,-26.157],[-53.703,-26.145],[-53.716,-26.126],[-53.734,-26.122],[-53.742,-26.108],[-53.738,-26.094],[-53.734,-26.075],[-53.727,-26.062],[-53.734,-26.044],[-53.745,-26.04],[-53.755,-26.035],[-53.762,-26.035],[-53.775,-26.023],[-53.782,-26.013],[-53.792,-26.003],[-53.804,-25.995],[-53.805,-25.984],[-53.817,-25.989],[-53.814,-25.98],[-53.822,-25.974],[-53.83,-25.964],[-53.836,-25.956],[-53.837,-25.931],[-53.829,-25.924],[-53.818,-25.912],[-53.833,-25.91],[-53.819,-25.898],[-53.837,-25.887],[-53.839,-25.878],[-53.826,-25.874],[-53.832,-25.859],[-53.844,-25.857],[-53.834,-25.85],[-53.846,-25.841],[-53.843,-25.828],[-53.838,-25.816],[-53.82,-25.816],[-53.827,-25.808],[-53.822,-25.792],[-53.833,-25.786],[-53.842,-25.77],[-53.851,-25.761],[-53.841,-25.76],[-53.84,-25.746],[-53.853,-25.742],[-53.859,-25.724],[-53.867,-25.715],[-53.866,-25.697],[-53.855,-25.706],[-53.849,-25.69],[-53.854,-25.682],[-53.858,-25.666],[-53.874,-25.654],[-53.885,-25.655],[-53.878,-25.64],[-53.893,-25.638],[-53.892,-25.622],[-53.912,-25.636],[-53.917,-25.626],[-53.921,-25.618],[-53.938,-25.62],[-53.948,-25.619],[-53.946,-25.629],[-53.951,-25.647],[-53.96,-25.63],[-53.974,-25.615],[-53.971,-25.603],[-53.988,-25.588],[-54.01,-25.567],[-54.031,-25.57],[-54.04,-25.583],[-54.059,-25.577],[-54.079,-25.559],[-54.087,-25.579],[-54.089,-25.591],[-54.098,-25.618],[-54.119,-25.582],[-54.12,-25.556],[-54.105,-25.534],[-54.095,-25.496],[-54.128,-25.509],[-54.149,-25.527],[-54.165,-25.541],[-54.186,-25.535],[-54.207,-25.546],[-54.198,-25.56],[-54.173,-25.574],[-54.181,-25.584],[-54.203,-25.579],[-54.23,-25.562],[-54.232,-25.584],[-54.249,-25.597],[-54.276,-25.559],[-54.294,-25.557],[-54.332,-25.581],[-54.346,-25.607],[-54.363,-25.6],[-54.386,-25.602],[-54.387,-25.619],[-54.398,-25.638],[-54.424,-25.662],[-54.422,-25.688],[-54.437,-25.69],[-54.447,-25.658],[-54.483,-25.625],[-54.514,-25.623],[-54.53,-25.624],[-54.534,-25.606],[-54.55,-25.59],[-54.58,-25.591],[-54.593,-25.583],[-54.593,-25.553],[-54.6,-25.521],[-54.6,-25.49],[-54.617,-25.469],[-54.607,-25.446],[-54.598,-25.431],[-54.587,-25.4],[-54.571,-25.376],[-54.551,-25.357],[-54.532,-25.335],[-54.518,-25.315],[-54.502,-25.301],[-54.488,-25.264],[-54.485,-25.251],[-54.466,-25.201],[-54.443,-25.172],[-54.43,-25.154],[-54.441,-25.12],[-54.459,-25.098],[-54.457,-25.078],[-54.46,-25.05],[-54.453,-25.022],[-54.44,-24.963],[-54.436,-24.94],[-54.426,-24.913],[-54.415,-24.875],[-54.41,-24.85],[-54.399,-24.817],[-54.391,-24.793],[-54.369,-24.758],[-54.355,-24.735],[-54.325,-24.661],[-54.32,-24.625],[-54.319,-24.615],[-54.328,-24.55],[-54.336,-24.521],[-54.33,-24.479],[-54.301,-24.431],[-54.289,-24.416],[-54.275,-24.393],[-54.264,-24.372],[-54.258,-24.357],[-54.269,-24.306],[-54.295,-24.272],[-54.325,-24.232],[-54.326,-24.209],[-54.329,-24.189],[-54.34,-24.164],[-54.341,-24.129],[-54.322,-24.106],[-54.301,-24.091],[-54.274,-24.061],[-54.168,-23.999],[-54.099,-23.946],[-54.088,-23.844],[-54.086,-23.825],[-54.05,-23.687],[-54.029,-23.628],[-53.982,-23.46],[-53.961,-23.444],[-53.776,-23.372],[-53.73,-23.317],[-53.685,-23.205],[-53.636,-23.125],[-53.634,-22.998],[-53.607,-22.951],[-53.56,-22.916],[-53.54,-22.886],[-53.44,-22.837],[-53.405,-22.811],[-53.357,-22.779],[-53.201,-22.728],[-53.105,-22.621],[-53.053,-22.63],[-53.012,-22.598],[-52.924,-22.565],[-52.866,-22.603],[-52.782,-22.602],[-52.722,-22.626],[-52.603,-22.571],[-52.54,-22.613],[-52.52,-22.621],[-52.483,-22.627],[-52.435,-22.607],[-52.304,-22.636],[-52.25,-22.615],[-52.228,-22.665],[-52.197,-22.658],[-52.161,-22.601],[-52.15,-22.559],[-52.11,-22.517],[-52.089,-22.521],[-52.064,-22.534]]]]},"properties":{"id":18,"name":"Paran\u00e1","sigla":"PR","regiao_id":"1","codigo_ibg":"41","cartodb_id":18,"created_at":"2015-02-09T16:46:01Z","updated_at":"2015-02-09T16:46:01Z"}},{"type":"Feature","geometry":{"type":"MultiPolygon","coordinates":[[[[-44.513,-23.293],[-44.529,-23.288],[-44.54,-23.305],[-44.551,-23.308],[-44.563,-23.318],[-44.568,-23.339],[-44.599,-23.359],[-44.607,-23.349],[-44.618,-23.348],[-44.628,-23.35],[-44.629,-23.339],[-44.662,-23.34],[-44.661,-23.347],[-44.681,-23.34],[-44.687,-23.352],[-44.69,-23.346],[-44.713,-23.345],[-44.719,-23.358],[-44.731,-23.359],[-44.733,-23.364],[-44.756,-23.348],[-44.778,-23.339],[-44.78,-23.315],[-44.807,-23.283],[-44.827,-23.279],[-44.837,-23.256],[-44.878,-23.232],[-44.881,-23.215],[-44.876,-23.197],[-44.853,-23.175],[-44.845,-23.171],[-44.824,-23.161],[-44.816,-23.14],[-44.811,-23.125],[-44.816,-23.11],[-44.812,-23.092],[-44.814,-23.067],[-44.811,-23.054],[-44.801,-23.031],[-44.798,-23.02],[-44.802,-22.999],[-44.782,-22.979],[-44.755,-22.98],[-44.752,-22.962],[-44.704,-22.934],[-44.673,-22.918],[-44.639,-22.914],[-44.607,-22.885],[-44.555,-22.889],[-44.533,-22.869],[-44.505,-22.851],[-44.479,-22.851],[-44.478,-22.867],[-44.471,-22.876],[-44.422,-22.851],[-44.401,-22.854],[-44.387,-22.857],[-44.32,-22.84],[-44.317,-22.839],[-44.273,-22.831],[-44.26,-22.805],[-44.248,-22.79],[-44.257,-22.778],[-44.238,-22.755],[-44.217,-22.733],[-44.202,-22.723],[-44.178,-22.707],[-44.169,-22.688],[-44.164,-22.68],[-44.173,-22.657],[-44.184,-22.637],[-44.203,-22.626],[-44.216,-22.616],[-44.231,-22.607],[-44.253,-22.612],[-44.283,-22.604],[-44.295,-22.598],[-44.312,-22.595],[-44.326,-22.588],[-44.347,-22.59],[-44.349,-22.609],[-44.361,-22.593],[-44.36,-22.581],[-44.391,-22.573],[-44.405,-22.591],[-44.416,-22.601],[-44.446,-22.609],[-44.455,-22.61],[-44.483,-22.604],[-44.508,-22.64],[-44.531,-22.63],[-44.537,-22.632],[-44.537,-22.617],[-44.566,-22.607],[-44.591,-22.622],[-44.604,-22.614],[-44.622,-22.606],[-44.647,-22.584],[-44.65,-22.557],[-44.676,-22.545],[-44.688,-22.522],[-44.705,-22.512],[-44.712,-22.493],[-44.722,-22.474],[-44.727,-22.447],[-44.76,-22.415],[-44.779,-22.408],[-44.793,-22.387],[-44.78,-22.382],[-44.76,-22.377],[-44.741,-22.372],[-44.718,-22.364],[-44.705,-22.372],[-44.678,-22.374],[-44.655,-22.372],[-44.645,-22.361],[-44.627,-22.341],[-44.581,-22.327],[-44.568,-22.327],[-44.543,-22.331],[-44.517,-22.316],[-44.494,-22.3],[-44.462,-22.274],[-44.446,-22.255],[-44.432,-22.251],[-44.392,-22.264],[-44.377,-22.268],[-44.352,-22.257],[-44.327,-22.255],[-44.314,-22.254],[-44.289,-22.247],[-44.264,-22.244],[-44.261,-22.263],[-44.246,-22.267],[-44.224,-22.259],[-44.209,-22.25],[-44.189,-22.24],[-44.173,-22.23],[-44.167,-22.232],[-44.151,-22.218],[-44.133,-22.21],[-44.124,-22.201],[-44.119,-22.187],[-44.1,-22.173],[-44.085,-22.177],[-44.066,-22.162],[-44.038,-22.154],[-43.998,-22.156],[-43.985,-22.15],[-43.953,-22.141],[-43.892,-22.114],[-43.88,-22.1],[-43.857,-22.095],[-43.818,-22.087],[-43.811,-22.085],[-43.798,-22.081],[-43.764,-22.072],[-43.757,-22.078],[-43.746,-22.089],[-43.723,-22.085],[-43.709,-22.079],[-43.681,-22.071],[-43.666,-22.076],[-43.644,-22.066],[-43.621,-22.075],[-43.603,-22.072],[-43.596,-22.06],[-43.574,-22.077],[-43.562,-22.087],[-43.519,-22.061],[-43.507,-22.074],[-43.472,-22.07],[-43.428,-22.054],[-43.368,-22.02],[-43.346,-22.003],[-43.319,-22.008],[-43.284,-22.012],[-43.273,-22.012],[-43.254,-22.011],[-43.236,-22.022],[-43.204,-22.026],[-43.202,-22.037],[-43.164,-22.022],[-43.152,-22.032],[-43.131,-22.029],[-43.15,-22.071],[-43.136,-22.109],[-43.106,-22.084],[-43.073,-22.093],[-43.053,-22.083],[-43.032,-22.066],[-43.038,-22.047],[-42.993,-22.035],[-42.961,-22.014],[-42.909,-21.99],[-42.833,-21.944],[-42.791,-21.931],[-42.773,-21.923],[-42.756,-21.915],[-42.739,-21.908],[-42.703,-21.89],[-42.698,-21.888],[-42.674,-21.877],[-42.637,-21.865],[-42.606,-21.854],[-42.581,-21.846],[-42.558,-21.828],[-42.432,-21.775],[-42.356,-21.741],[-42.309,-21.732],[-42.266,-21.708],[-42.271,-21.701],[-42.279,-21.678],[-42.283,-21.67],[-42.319,-21.659],[-42.326,-21.657],[-42.342,-21.658],[-42.355,-21.647],[-42.355,-21.625],[-42.369,-21.619],[-42.326,-21.57],[-42.318,-21.555],[-42.303,-21.537],[-42.286,-21.527],[-42.271,-21.475],[-42.286,-21.449],[-42.286,-21.442],[-42.28,-21.432],[-42.279,-21.41],[-42.239,-21.401],[-42.251,-21.385],[-42.241,-21.373],[-42.229,-21.351],[-42.224,-21.337],[-42.236,-21.325],[-42.223,-21.277],[-42.189,-21.249],[-42.197,-21.226],[-42.201,-21.209],[-42.208,-21.178],[-42.198,-21.167],[-42.195,-21.16],[-42.179,-21.14],[-42.17,-21.114],[-42.14,-21.102],[-42.128,-21.078],[-42.102,-21.047],[-42.093,-21.037],[-42.082,-21.03],[-42.111,-21.011],[-42.121,-21.003],[-42.141,-20.987],[-42.138,-20.96],[-42.115,-20.959],[-42.109,-20.947],[-42.087,-20.939],[-42.038,-20.927],[-42.016,-20.928],[-41.979,-20.923],[-41.967,-20.916],[-41.965,-20.892],[-41.951,-20.872],[-41.935,-20.854],[-41.925,-20.801],[-41.901,-20.796],[-41.879,-20.774],[-41.853,-20.764],[-41.826,-20.791],[-41.807,-20.797],[-41.801,-20.805],[-41.767,-20.802],[-41.755,-20.807],[-41.747,-20.814],[-41.743,-20.825],[-41.745,-20.853],[-41.727,-20.864],[-41.727,-20.892],[-41.722,-20.915],[-41.719,-20.953],[-41.715,-20.976],[-41.716,-20.992],[-41.715,-21.016],[-41.725,-21.03],[-41.72,-21.055],[-41.732,-21.066],[-41.729,-21.106],[-41.711,-21.106],[-41.718,-21.116],[-41.699,-21.118],[-41.678,-21.125],[-41.671,-21.126],[-41.661,-21.133],[-41.639,-21.146],[-41.613,-21.155],[-41.582,-21.166],[-41.565,-21.182],[-41.517,-21.187],[-41.502,-21.181],[-41.482,-21.183],[-41.464,-21.203],[-41.435,-21.216],[-41.413,-21.201],[-41.406,-21.202],[-41.392,-21.202],[-41.377,-21.195],[-41.363,-21.202],[-41.326,-21.215],[-41.317,-21.221],[-41.308,-21.223],[-41.283,-21.234],[-41.272,-21.233],[-41.259,-21.231],[-41.228,-21.226],[-41.22,-21.229],[-41.205,-21.243],[-41.19,-21.248],[-41.185,-21.239],[-41.174,-21.241],[-41.157,-21.24],[-41.133,-21.226],[-41.104,-21.219],[-41.081,-21.221],[-41.07,-21.228],[-41.033,-21.25],[-40.998,-21.266],[-40.98,-21.282],[-40.971,-21.294],[-40.964,-21.3],[-40.964,-21.341],[-40.962,-21.355],[-40.977,-21.385],[-40.991,-21.394],[-41.003,-21.413],[-41.02,-21.44],[-41.031,-21.454],[-41.056,-21.477],[-41.064,-21.487],[-41.071,-21.54],[-41.048,-21.596],[-41.026,-21.604],[-41.013,-21.628],[-41.023,-21.731],[-41.011,-21.784],[-40.994,-21.855],[-40.982,-21.904],[-40.975,-21.97],[-40.995,-22.012],[-41.037,-22.036],[-41.11,-22.077],[-41.162,-22.112],[-41.203,-22.132],[-41.249,-22.149],[-41.298,-22.162],[-41.332,-22.171],[-41.381,-22.184],[-41.433,-22.198],[-41.491,-22.215],[-41.569,-22.245],[-41.623,-22.267],[-41.687,-22.299],[-41.727,-22.329],[-41.758,-22.349],[-41.773,-22.374],[-41.768,-22.388],[-41.791,-22.399],[-41.814,-22.414],[-41.836,-22.431],[-41.854,-22.45],[-41.86,-22.466],[-41.874,-22.483],[-41.891,-22.487],[-41.917,-22.516],[-41.937,-22.537],[-41.952,-22.53],[-41.974,-22.552],[-41.984,-22.578],[-41.995,-22.602],[-41.997,-22.636],[-41.997,-22.667],[-41.98,-22.723],[-41.968,-22.731],[-41.946,-22.754],[-41.931,-22.768],[-41.912,-22.769],[-41.901,-22.751],[-41.883,-22.75],[-41.873,-22.737],[-41.868,-22.753],[-41.874,-22.765],[-41.885,-22.768],[-41.892,-22.781],[-41.906,-22.778],[-41.931,-22.797],[-41.933,-22.812],[-41.96,-22.818],[-41.983,-22.844],[-41.986,-22.862],[-41.999,-22.884],[-42.008,-22.884],[-42.025,-22.896],[-42.036,-22.924],[-42.034,-22.938],[-42.021,-22.946],[-42.023,-22.959],[-42.007,-22.953],[-41.997,-22.96],[-42.013,-22.964],[-42.019,-22.971],[-42.01,-22.979],[-42.013,-22.997],[-42.027,-22.982],[-42.034,-22.971],[-42.135,-22.951],[-42.331,-22.937],[-42.412,-22.935],[-42.463,-22.937],[-42.48,-22.937],[-42.514,-22.933],[-42.566,-22.933],[-42.595,-22.934],[-42.636,-22.937],[-42.679,-22.947],[-42.685,-22.959],[-42.714,-22.956],[-42.762,-22.959],[-42.804,-22.961],[-42.842,-22.964],[-42.885,-22.968],[-42.918,-22.974],[-42.95,-22.971],[-42.999,-22.97],[-43.02,-22.976],[-43.033,-22.976],[-43.05,-22.977],[-43.069,-22.959],[-43.094,-22.955],[-43.111,-22.954],[-43.118,-22.938],[-43.126,-22.931],[-43.115,-22.931],[-43.098,-22.931],[-43.111,-22.916],[-43.127,-22.908],[-43.137,-22.903],[-43.127,-22.885],[-43.122,-22.878],[-43.114,-22.878],[-43.108,-22.863],[-43.101,-22.854],[-43.093,-22.84],[-43.086,-22.822],[-43.07,-22.801],[-43.079,-22.795],[-43.068,-22.769],[-43.05,-22.757],[-43.027,-22.743],[-43.035,-22.716],[-43.026,-22.705],[-43.038,-22.688],[-43.053,-22.685],[-43.073,-22.683],[-43.092,-22.685],[-43.107,-22.693],[-43.116,-22.7],[-43.127,-22.714],[-43.152,-22.707],[-43.181,-22.72],[-43.212,-22.726],[-43.216,-22.735],[-43.235,-22.735],[-43.243,-22.748],[-43.254,-22.758],[-43.268,-22.769],[-43.277,-22.785],[-43.287,-22.809],[-43.267,-22.822],[-43.244,-22.844],[-43.24,-22.864],[-43.23,-22.871],[-43.214,-22.873],[-43.201,-22.876],[-43.196,-22.89],[-43.172,-22.901],[-43.161,-22.912],[-43.169,-22.915],[-43.167,-22.921],[-43.168,-22.938],[-43.177,-22.949],[-43.162,-22.943],[-43.164,-22.954],[-43.167,-22.963],[-43.185,-22.983],[-43.209,-22.989],[-43.243,-23.001],[-43.28,-23.005],[-43.286,-23.016],[-43.306,-23.016],[-43.431,-23.02],[-43.466,-23.029],[-43.474,-23.032],[-43.498,-23.037],[-43.508,-23.048],[-43.536,-23.051],[-43.549,-23.062],[-43.553,-23.076],[-43.572,-23.073],[-43.565,-23.06],[-43.56,-23.046],[-43.568,-23.058],[-43.577,-23.057],[-43.657,-23.053],[-43.707,-23.053],[-43.637,-23.036],[-43.603,-23.04],[-43.586,-23.036],[-43.613,-23.016],[-43.63,-23.007],[-43.648,-23.002],[-43.677,-22.981],[-43.695,-22.985],[-43.72,-22.971],[-43.739,-22.949],[-43.752,-22.942],[-43.768,-22.932],[-43.788,-22.921],[-43.811,-22.917],[-43.822,-22.911],[-43.819,-22.921],[-43.841,-22.929],[-43.85,-22.92],[-43.839,-22.914],[-43.847,-22.902],[-43.873,-22.907],[-43.888,-22.922],[-43.925,-22.93],[-43.956,-22.93],[-43.977,-22.931],[-43.994,-22.941],[-44.006,-22.942],[-44.017,-22.953],[-44.027,-22.964],[-44.032,-22.971],[-44.053,-22.981],[-44.042,-22.963],[-44.043,-22.944],[-44.062,-22.949],[-44.08,-22.961],[-44.076,-22.976],[-44.088,-22.994],[-44.096,-23.005],[-44.105,-23.015],[-44.126,-23.028],[-44.14,-23.034],[-44.152,-23.04],[-44.169,-23.034],[-44.171,-23.043],[-44.183,-23.048],[-44.195,-23.051],[-44.2,-23.038],[-44.228,-23.052],[-44.246,-23.049],[-44.238,-23.032],[-44.228,-23.021],[-44.237,-23.006],[-44.253,-23.0],[-44.261,-23.007],[-44.276,-23.009],[-44.283,-23.014],[-44.298,-23.026],[-44.299,-23.01],[-44.307,-23.007],[-44.32,-23.01],[-44.332,-23.02],[-44.347,-23.028],[-44.358,-23.019],[-44.357,-23.007],[-44.345,-22.991],[-44.329,-22.983],[-44.316,-22.983],[-44.305,-22.963],[-44.306,-22.957],[-44.329,-22.96],[-44.337,-22.957],[-44.333,-22.945],[-44.325,-22.936],[-44.339,-22.922],[-44.353,-22.93],[-44.364,-22.923],[-44.36,-22.931],[-44.37,-22.944],[-44.357,-22.943],[-44.359,-22.956],[-44.374,-22.966],[-44.387,-22.969],[-44.389,-22.952],[-44.396,-22.951],[-44.412,-22.941],[-44.422,-22.958],[-44.426,-22.96],[-44.434,-22.968],[-44.431,-22.978],[-44.44,-22.991],[-44.425,-22.998],[-44.443,-23.008],[-44.435,-23.02],[-44.449,-23.021],[-44.458,-23.011],[-44.469,-23.011],[-44.485,-23.012],[-44.499,-23.027],[-44.529,-23.028],[-44.56,-23.039],[-44.576,-23.048],[-44.594,-23.062],[-44.591,-23.049],[-44.608,-23.05],[-44.618,-23.043],[-44.638,-23.052],[-44.648,-23.052],[-44.661,-23.056],[-44.676,-23.07],[-44.69,-23.083],[-44.694,-23.098],[-44.694,-23.123],[-44.699,-23.132],[-44.695,-23.15],[-44.705,-23.156],[-44.702,-23.168],[-44.707,-23.176],[-44.715,-23.189],[-44.718,-23.194],[-44.709,-23.216],[-44.712,-23.233],[-44.69,-23.222],[-44.673,-23.215],[-44.666,-23.209],[-44.651,-23.188],[-44.643,-23.192],[-44.626,-23.202],[-44.627,-23.213],[-44.634,-23.217],[-44.64,-23.213],[-44.653,-23.217],[-44.661,-23.217],[-44.658,-23.229],[-44.673,-23.231],[-44.677,-23.242],[-44.692,-23.253],[-44.672,-23.247],[-44.658,-23.239],[-44.632,-23.239],[-44.634,-23.262],[-44.641,-23.276],[-44.655,-23.295],[-44.642,-23.295],[-44.631,-23.283],[-44.609,-23.252],[-44.599,-23.237],[-44.565,-23.229],[-44.57,-23.24],[-44.575,-23.248],[-44.584,-23.266],[-44.559,-23.274],[-44.542,-23.27],[-44.522,-23.278],[-44.513,-23.293]],[[-43.36,-22.993],[-43.324,-22.996],[-43.307,-23.007],[-43.321,-22.995],[-43.342,-22.982],[-43.363,-22.974],[-43.394,-22.983],[-43.408,-22.982],[-43.39,-22.988],[-43.384,-22.98],[-43.365,-22.98],[-43.35,-22.987],[-43.36,-22.993]]],[[[-44.233,-23.089],[-44.194,-23.104],[-44.216,-23.108],[-44.208,-23.111],[-44.197,-23.122],[-44.181,-23.118],[-44.172,-23.126],[-44.165,-23.142],[-44.15,-23.131],[-44.125,-23.124],[-44.138,-23.145],[-44.138,-23.16],[-44.124,-23.153],[-44.113,-23.158],[-44.095,-23.175],[-44.117,-23.186],[-44.124,-23.178],[-44.136,-23.168],[-44.159,-23.172],[-44.166,-23.18],[-44.175,-23.182],[-44.19,-23.189],[-44.192,-23.201],[-44.207,-23.192],[-44.229,-23.197],[-44.244,-23.2],[-44.253,-23.197],[-44.263,-23.193],[-44.267,-23.188],[-44.279,-23.178],[-44.318,-23.186],[-44.331,-23.211],[-44.34,-23.218],[-44.35,-23.205],[-44.34,-23.191],[-44.351,-23.185],[-44.362,-23.178],[-44.377,-23.177],[-44.362,-23.165],[-44.346,-23.158],[-44.323,-23.148],[-44.32,-23.137],[-44.312,-23.137],[-44.299,-23.117],[-44.291,-23.132],[-44.281,-23.129],[-44.26,-23.116],[-44.251,-23.101],[-44.242,-23.094],[-44.233,-23.086],[-44.233,-23.089]]],[[[-43.828,-23.057],[-43.794,-23.061],[-43.859,-23.072],[-43.983,-23.1],[-44.003,-23.094],[-44.012,-23.078],[-43.991,-23.057],[-43.979,-23.052],[-43.959,-23.041],[-43.931,-23.057],[-43.9,-23.067],[-43.885,-23.067],[-43.878,-23.051],[-43.903,-23.031],[-43.864,-23.044],[-43.828,-23.057]]],[[[-43.182,-22.781],[-43.171,-22.782],[-43.157,-22.782],[-43.175,-22.798],[-43.176,-22.817],[-43.168,-22.826],[-43.176,-22.824],[-43.189,-22.824],[-43.215,-22.817],[-43.23,-22.823],[-43.247,-22.825],[-43.264,-22.81],[-43.255,-22.806],[-43.241,-22.798],[-43.218,-22.785],[-43.188,-22.794],[-43.182,-22.781]]],[[[-43.913,-22.939],[-43.904,-22.931],[-43.892,-22.928],[-43.88,-22.924],[-43.875,-22.941],[-43.884,-22.948],[-43.906,-22.958],[-43.909,-22.945],[-43.913,-22.939]]],[[[-43.929,-23.007],[-43.934,-23.015],[-43.937,-23.004],[-43.937,-22.998],[-43.931,-22.995],[-43.928,-22.989],[-43.92,-22.987],[-43.917,-22.993],[-43.925,-23.0],[-43.929,-23.007]]],[[[-44.046,-23.0],[-44.039,-22.997],[-44.034,-22.996],[-44.031,-23.004],[-44.03,-23.007],[-44.038,-23.011],[-44.042,-23.006],[-44.047,-23.011],[-44.049,-23.008],[-44.052,-23.005],[-44.049,-23.001],[-44.046,-23.0]]]]},"properties":{"id":19,"name":"Rio de Janeiro","sigla":"RJ","regiao_id":"2","codigo_ibg":"33","cartodb_id":19,"created_at":"2015-02-09T16:46:01Z","updated_at":"2015-02-09T16:46:01Z"}},{"type":"Feature","geometry":{"type":"MultiPolygon","coordinates":[[[[-37.152,-4.935],[-37.125,-4.934],[-37.091,-4.928],[-37.083,-4.931],[-37.063,-4.942],[-37.038,-4.951],[-36.972,-4.931],[-36.962,-4.919],[-36.927,-4.943],[-36.881,-4.949],[-36.86,-4.967],[-36.829,-5.005],[-36.786,-5.043],[-36.734,-5.063],[-36.712,-5.073],[-36.703,-5.074],[-36.7,-5.084],[-36.667,-5.085],[-36.628,-5.089],[-36.615,-5.078],[-36.6,-5.08],[-36.578,-5.081],[-36.545,-5.079],[-36.532,-5.078],[-36.505,-5.062],[-36.468,-5.064],[-36.437,-5.068],[-36.378,-5.087],[-36.347,-5.084],[-36.322,-5.091],[-36.308,-5.103],[-36.284,-5.088],[-36.255,-5.093],[-36.151,-5.095],[-36.122,-5.089],[-36.099,-5.076],[-36.062,-5.063],[-36.041,-5.053],[-36.013,-5.049],[-35.992,-5.045],[-35.974,-5.042],[-35.954,-5.043],[-35.908,-5.059],[-35.896,-5.063],[-35.868,-5.068],[-35.802,-5.073],[-35.794,-5.075],[-35.777,-5.078],[-35.757,-5.089],[-35.717,-5.097],[-35.7,-5.102],[-35.678,-5.108],[-35.631,-5.12],[-35.618,-5.116],[-35.6,-5.12],[-35.571,-5.134],[-35.518,-5.151],[-35.463,-5.191],[-35.428,-5.215],[-35.384,-5.268],[-35.367,-5.301],[-35.351,-5.361],[-35.334,-5.377],[-35.31,-5.404],[-35.296,-5.427],[-35.291,-5.439],[-35.284,-5.463],[-35.272,-5.479],[-35.259,-5.506],[-35.251,-5.525],[-35.249,-5.543],[-35.234,-5.571],[-35.226,-5.584],[-35.227,-5.612],[-35.216,-5.63],[-35.218,-5.662],[-35.215,-5.678],[-35.197,-5.693],[-35.199,-5.722],[-35.203,-5.753],[-35.196,-5.759],[-35.193,-5.781],[-35.183,-5.792],[-35.179,-5.868],[-35.171,-5.882],[-35.154,-5.883],[-35.154,-5.928],[-35.138,-5.965],[-35.122,-5.983],[-35.107,-6.006],[-35.109,-6.049],[-35.097,-6.057],[-35.101,-6.084],[-35.095,-6.171],[-35.088,-6.183],[-35.078,-6.211],[-35.06,-6.227],[-35.037,-6.236],[-35.033,-6.293],[-35.034,-6.326],[-35.022,-6.362],[-35.007,-6.367],[-34.992,-6.373],[-34.978,-6.41],[-34.972,-6.463],[-34.969,-6.483],[-34.979,-6.49],[-35.012,-6.505],[-35.036,-6.517],[-35.069,-6.522],[-35.103,-6.505],[-35.123,-6.529],[-35.145,-6.552],[-35.17,-6.558],[-35.208,-6.541],[-35.224,-6.521],[-35.252,-6.533],[-35.33,-6.544],[-35.398,-6.492],[-35.441,-6.487],[-35.464,-6.482],[-35.484,-6.486],[-35.495,-6.483],[-35.517,-6.479],[-35.533,-6.483],[-35.546,-6.481],[-35.564,-6.491],[-35.592,-6.471],[-35.616,-6.462],[-35.635,-6.454],[-35.671,-6.451],[-35.721,-6.472],[-35.776,-6.483],[-35.965,-6.484],[-36.012,-6.472],[-36.035,-6.444],[-36.051,-6.431],[-36.073,-6.414],[-36.086,-6.415],[-36.111,-6.429],[-36.143,-6.425],[-36.249,-6.437],[-36.294,-6.37],[-36.295,-6.293],[-36.358,-6.308],[-36.437,-6.362],[-36.507,-6.4],[-36.53,-6.46],[-36.519,-6.502],[-36.481,-6.527],[-36.459,-6.551],[-36.441,-6.6],[-36.439,-6.628],[-36.47,-6.619],[-36.513,-6.594],[-36.537,-6.653],[-36.557,-6.71],[-36.526,-6.736],[-36.501,-6.777],[-36.53,-6.826],[-36.569,-6.848],[-36.568,-6.865],[-36.609,-6.936],[-36.637,-6.933],[-36.711,-6.977],[-36.737,-6.971],[-36.76,-6.914],[-36.745,-6.879],[-36.772,-6.787],[-36.896,-6.752],[-36.957,-6.79],[-36.961,-6.774],[-36.971,-6.74],[-36.99,-6.709],[-37.041,-6.74],[-37.124,-6.766],[-37.183,-6.819],[-37.234,-6.824],[-37.26,-6.787],[-37.271,-6.763],[-37.29,-6.713],[-37.314,-6.689],[-37.407,-6.697],[-37.475,-6.673],[-37.473,-6.648],[-37.474,-6.618],[-37.48,-6.594],[-37.476,-6.542],[-37.421,-6.532],[-37.382,-6.436],[-37.396,-6.401],[-37.383,-6.374],[-37.377,-6.344],[-37.334,-6.308],[-37.313,-6.279],[-37.28,-6.281],[-37.233,-6.214],[-37.193,-6.183],[-37.174,-6.179],[-37.16,-6.153],[-37.168,-6.116],[-37.171,-6.09],[-37.186,-6.048],[-37.21,-6.04],[-37.245,-6.027],[-37.272,-6.055],[-37.309,-6.057],[-37.371,-6.082],[-37.4,-6.111],[-37.432,-6.11],[-37.459,-6.145],[-37.503,-6.144],[-37.521,-6.152],[-37.54,-6.166],[-37.573,-6.158],[-37.608,-6.175],[-37.646,-6.189],[-37.709,-6.177],[-37.753,-6.214],[-37.767,-6.234],[-37.776,-6.245],[-37.771,-6.273],[-37.787,-6.289],[-37.821,-6.308],[-37.841,-6.335],[-37.854,-6.366],[-37.884,-6.391],[-37.901,-6.399],[-37.943,-6.422],[-37.968,-6.405],[-37.984,-6.426],[-38.008,-6.432],[-38.019,-6.449],[-38.027,-6.474],[-38.044,-6.452],[-38.053,-6.452],[-38.083,-6.485],[-38.098,-6.509],[-38.128,-6.52],[-38.154,-6.495],[-38.192,-6.498],[-38.228,-6.483],[-38.256,-6.483],[-38.304,-6.489],[-38.329,-6.46],[-38.351,-6.457],[-38.373,-6.455],[-38.384,-6.423],[-38.426,-6.414],[-38.465,-6.396],[-38.483,-6.381],[-38.468,-6.338],[-38.466,-6.331],[-38.494,-6.345],[-38.517,-6.346],[-38.549,-6.35],[-38.564,-6.352],[-38.581,-6.323],[-38.569,-6.3],[-38.578,-6.28],[-38.544,-6.245],[-38.528,-6.214],[-38.501,-6.191],[-38.476,-6.144],[-38.453,-6.106],[-38.447,-6.085],[-38.401,-6.053],[-38.383,-6.053],[-38.383,-6.065],[-38.372,-6.083],[-38.347,-6.08],[-38.336,-6.08],[-38.29,-6.073],[-38.265,-6.054],[-38.252,-6.043],[-38.244,-5.999],[-38.19,-5.957],[-38.165,-5.946],[-38.164,-5.93],[-38.146,-5.916],[-38.116,-5.848],[-38.104,-5.812],[-38.054,-5.745],[-38.057,-5.729],[-38.087,-5.73],[-38.082,-5.672],[-38.043,-5.641],[-38.01,-5.592],[-37.99,-5.555],[-37.944,-5.526],[-37.904,-5.501],[-37.898,-5.486],[-37.886,-5.445],[-37.859,-5.395],[-37.841,-5.337],[-37.783,-5.294],[-37.791,-5.262],[-37.783,-5.229],[-37.776,-5.187],[-37.724,-5.069],[-37.676,-5.05],[-37.466,-4.886],[-37.356,-4.861],[-37.25,-4.835],[-37.221,-4.881],[-37.21,-4.895],[-37.181,-4.917],[-37.158,-4.934],[-37.152,-4.935]]]]},"properties":{"id":20,"name":"Rio Grande do Norte","sigla":"RN","regiao_id":"4","codigo_ibg":"24","cartodb_id":20,"created_at":"2015-02-09T16:46:01Z","updated_at":"2015-02-09T16:46:01Z"}},{"type":"Feature","geometry":{"type":"MultiPolygon","coordinates":[[[[-66.459,-9.875],[-66.47,-9.868],[-66.49,-9.877],[-66.5,-9.882],[-66.504,-9.875],[-66.519,-9.884],[-66.538,-9.881],[-66.547,-9.886],[-66.564,-9.883],[-66.567,-9.894],[-66.577,-9.895],[-66.599,-9.898],[-66.619,-9.894],[-66.777,-9.768],[-66.759,-9.758],[-66.691,-9.733],[-66.624,-9.68],[-66.586,-9.673],[-66.551,-9.657],[-66.5,-9.633],[-66.467,-9.582],[-66.39,-9.455],[-66.414,-9.422],[-66.374,-9.426],[-66.341,-9.424],[-66.314,-9.425],[-66.291,-9.435],[-66.267,-9.409],[-66.243,-9.429],[-66.204,-9.426],[-66.158,-9.425],[-66.111,-9.41],[-66.046,-9.409],[-65.986,-9.413],[-65.953,-9.428],[-65.931,-9.447],[-65.898,-9.489],[-65.852,-9.51],[-65.84,-9.534],[-65.818,-9.562],[-65.803,-9.575],[-65.774,-9.571],[-65.754,-9.565],[-65.73,-9.563],[-65.688,-9.504],[-65.672,-9.446],[-65.643,-9.436],[-65.618,-9.426],[-65.588,-9.413],[-65.506,-9.447],[-65.492,-9.473],[-65.46,-9.466],[-65.432,-9.458],[-65.456,-9.401],[-65.447,-9.345],[-65.449,-9.324],[-65.405,-9.326],[-65.377,-9.324],[-65.318,-9.296],[-65.246,-9.257],[-65.208,-9.296],[-65.188,-9.344],[-65.177,-9.383],[-65.175,-9.395],[-65.17,-9.429],[-65.116,-9.434],[-65.088,-9.425],[-65.077,-9.401],[-65.047,-9.39],[-65.037,-9.367],[-65.023,-9.351],[-65.01,-9.333],[-65.001,-9.316],[-64.962,-9.292],[-64.946,-9.266],[-64.932,-9.24],[-64.919,-9.22],[-64.923,-9.198],[-64.929,-9.177],[-64.94,-9.132],[-64.919,-9.05],[-64.894,-9.043],[-64.816,-8.986],[-64.774,-9.0],[-64.724,-9.006],[-64.683,-8.993],[-64.655,-9.008],[-64.579,-9.001],[-64.568,-8.991],[-64.516,-8.977],[-64.464,-8.975],[-64.433,-8.968],[-64.315,-8.929],[-64.326,-8.979],[-64.265,-8.988],[-64.143,-8.953],[-64.15,-8.885],[-64.156,-8.839],[-64.132,-8.812],[-64.13,-8.722],[-64.094,-8.728],[-64.065,-8.711],[-64.021,-8.675],[-64.019,-8.66],[-64.005,-8.639],[-63.99,-8.613],[-63.967,-8.588],[-63.95,-8.608],[-63.931,-8.557],[-63.943,-8.526],[-63.973,-8.478],[-63.953,-8.428],[-63.976,-8.409],[-63.932,-8.324],[-63.904,-8.322],[-63.87,-8.288],[-63.825,-8.306],[-63.761,-8.293],[-63.746,-8.27],[-63.747,-8.198],[-63.693,-8.158],[-63.662,-8.101],[-63.666,-8.081],[-63.621,-8.029],[-63.552,-7.973],[-62.853,-7.987],[-62.832,-7.994],[-62.786,-8.026],[-62.69,-8.101],[-62.684,-8.118],[-62.679,-8.16],[-62.666,-8.196],[-62.654,-8.229],[-62.592,-8.275],[-62.581,-8.278],[-62.561,-8.284],[-62.556,-8.318],[-62.55,-8.338],[-62.542,-8.358],[-62.531,-8.371],[-62.518,-8.384],[-62.493,-8.362],[-62.472,-8.34],[-62.445,-8.362],[-62.394,-8.375],[-62.36,-8.398],[-62.369,-8.446],[-62.353,-8.511],[-62.333,-8.527],[-62.325,-8.563],[-62.341,-8.602],[-62.279,-8.629],[-62.289,-8.589],[-62.23,-8.589],[-62.188,-8.59],[-62.195,-8.636],[-62.165,-8.679],[-62.162,-8.706],[-62.156,-8.732],[-62.086,-8.803],[-62.031,-8.799],[-61.994,-8.848],[-61.98,-8.874],[-61.924,-8.879],[-61.883,-8.862],[-61.863,-8.833],[-61.856,-8.818],[-61.849,-8.784],[-61.836,-8.732],[-61.774,-8.748],[-61.761,-8.728],[-61.74,-8.708],[-61.713,-8.687],[-61.673,-8.705],[-61.638,-8.721],[-61.629,-8.753],[-61.59,-8.794],[-61.572,-8.801],[-61.533,-8.82],[-61.512,-8.85],[-61.476,-8.911],[-61.491,-8.941],[-61.527,-9.019],[-61.546,-9.068],[-61.558,-9.114],[-61.535,-9.162],[-61.523,-9.179],[-61.532,-9.249],[-61.588,-9.243],[-61.628,-9.257],[-61.623,-9.282],[-61.611,-9.315],[-61.625,-9.339],[-61.607,-9.362],[-61.552,-9.387],[-61.556,-9.435],[-61.573,-9.462],[-61.556,-9.488],[-61.549,-9.515],[-61.513,-9.538],[-61.509,-9.552],[-61.501,-9.573],[-61.502,-9.615],[-61.481,-9.623],[-61.5,-9.66],[-61.505,-9.691],[-61.547,-9.713],[-61.567,-9.727],[-61.532,-9.749],[-61.534,-9.794],[-61.532,-9.819],[-61.511,-9.852],[-61.524,-9.906],[-61.528,-9.935],[-61.529,-9.951],[-61.527,-9.97],[-61.54,-10.0],[-61.583,-10.06],[-61.583,-10.082],[-61.591,-10.111],[-61.6,-10.154],[-61.559,-10.175],[-61.551,-10.197],[-61.573,-10.219],[-61.575,-10.248],[-61.544,-10.301],[-61.54,-10.32],[-61.516,-10.334],[-61.503,-10.376],[-61.485,-10.397],[-61.475,-10.408],[-61.467,-10.415],[-61.467,-10.448],[-61.47,-10.461],[-61.466,-10.541],[-61.477,-10.588],[-61.478,-10.602],[-61.483,-10.637],[-61.482,-10.669],[-61.498,-10.7],[-61.476,-10.722],[-61.48,-10.744],[-61.48,-10.785],[-61.494,-10.784],[-61.503,-10.808],[-61.514,-10.84],[-61.52,-10.892],[-61.521,-10.905],[-61.523,-10.938],[-61.527,-10.957],[-61.546,-10.979],[-61.428,-10.987],[-60.97,-10.988],[-60.452,-10.993],[-60.441,-11.028],[-60.429,-11.037],[-60.414,-11.067],[-60.395,-11.08],[-60.38,-11.095],[-60.347,-11.109],[-60.341,-11.082],[-60.309,-11.064],[-60.277,-11.079],[-60.265,-11.093],[-60.233,-11.1],[-60.191,-11.114],[-60.159,-11.095],[-60.147,-11.099],[-60.13,-11.1],[-60.112,-11.102],[-60.089,-11.103],[-60.066,-11.125],[-60.034,-11.123],[-60.017,-11.122],[-59.99,-11.121],[-59.986,-11.138],[-59.987,-11.147],[-59.988,-11.161],[-59.971,-11.18],[-59.975,-11.199],[-59.981,-11.233],[-59.968,-11.266],[-59.959,-11.294],[-59.917,-11.346],[-59.922,-11.355],[-59.92,-11.379],[-59.92,-11.398],[-59.938,-11.423],[-59.952,-11.436],[-60.007,-11.484],[-60.016,-11.49],[-60.031,-11.498],[-60.041,-11.516],[-60.075,-11.55],[-60.085,-11.56],[-60.09,-11.565],[-60.099,-11.57],[-60.101,-11.577],[-60.11,-11.582],[-60.11,-11.613],[-60.111,-11.62],[-60.114,-11.636],[-60.118,-11.654],[-60.119,-11.68],[-60.118,-11.698],[-60.117,-11.708],[-60.114,-11.726],[-60.107,-11.749],[-60.108,-11.763],[-60.107,-11.77],[-60.109,-11.78],[-60.104,-11.782],[-60.103,-11.79],[-60.096,-11.799],[-60.102,-11.803],[-60.101,-11.818],[-60.099,-11.83],[-60.098,-11.845],[-60.089,-11.855],[-60.083,-11.858],[-60.082,-11.868],[-60.076,-11.885],[-60.044,-11.895],[-60.03,-11.895],[-60.017,-11.894],[-59.985,-11.914],[-59.985,-11.934],[-59.983,-11.95],[-59.978,-11.965],[-59.97,-11.989],[-59.97,-11.997],[-59.979,-12.029],[-59.961,-12.056],[-59.951,-12.065],[-59.926,-12.086],[-59.901,-12.115],[-59.908,-12.192],[-59.893,-12.232],[-59.831,-12.292],[-59.802,-12.357],[-59.819,-12.378],[-59.823,-12.39],[-59.837,-12.416],[-59.846,-12.469],[-59.896,-12.476],[-59.906,-12.478],[-59.935,-12.487],[-59.973,-12.53],[-60.014,-12.551],[-60.028,-12.579],[-60.059,-12.604],[-60.062,-12.64],[-60.076,-12.688],[-60.088,-12.74],[-60.076,-12.787],[-60.079,-12.881],[-60.117,-12.959],[-60.139,-12.97],[-60.156,-12.968],[-60.189,-12.971],[-60.201,-12.988],[-60.213,-13.007],[-60.22,-13.027],[-60.237,-13.035],[-60.252,-13.056],[-60.269,-13.077],[-60.279,-13.102],[-60.276,-13.126],[-60.296,-13.177],[-60.309,-13.192],[-60.32,-13.218],[-60.328,-13.23],[-60.338,-13.272],[-60.353,-13.293],[-60.364,-13.3],[-60.363,-13.31],[-60.366,-13.332],[-60.374,-13.368],[-60.378,-13.391],[-60.379,-13.415],[-60.387,-13.454],[-60.411,-13.461],[-60.456,-13.493],[-60.481,-13.496],[-60.506,-13.502],[-60.541,-13.536],[-60.554,-13.548],[-60.592,-13.571],[-60.632,-13.571],[-60.638,-13.592],[-60.659,-13.603],[-60.667,-13.61],[-60.669,-13.613],[-60.689,-13.633],[-60.691,-13.644],[-60.693,-13.653],[-60.696,-13.666],[-60.713,-13.676],[-60.709,-13.687],[-60.721,-13.691],[-60.747,-13.686],[-60.765,-13.685],[-60.77,-13.672],[-60.777,-13.659],[-60.79,-13.655],[-60.815,-13.643],[-60.834,-13.626],[-60.847,-13.63],[-60.866,-13.622],[-60.883,-13.61],[-60.908,-13.584],[-60.921,-13.551],[-60.922,-13.54],[-60.95,-13.551],[-60.971,-13.537],[-60.986,-13.544],[-61.01,-13.529],[-60.997,-13.528],[-61.007,-13.508],[-60.993,-13.505],[-61.0,-13.494],[-61.019,-13.488],[-61.04,-13.485],[-61.035,-13.497],[-61.04,-13.507],[-61.065,-13.5],[-61.097,-13.495],[-61.103,-13.516],[-61.1,-13.528],[-61.125,-13.519],[-61.139,-13.527],[-61.138,-13.512],[-61.144,-13.528],[-61.156,-13.518],[-61.187,-13.516],[-61.188,-13.531],[-61.207,-13.525],[-61.237,-13.516],[-61.242,-13.503],[-61.268,-13.501],[-61.28,-13.505],[-61.296,-13.477],[-61.3,-13.498],[-61.323,-13.503],[-61.339,-13.511],[-61.35,-13.521],[-61.38,-13.52],[-61.404,-13.528],[-61.409,-13.538],[-61.435,-13.546],[-61.478,-13.552],[-61.494,-13.546],[-61.521,-13.535],[-61.535,-13.527],[-61.552,-13.519],[-61.575,-13.513],[-61.574,-13.499],[-61.584,-13.494],[-61.601,-13.505],[-61.617,-13.505],[-61.623,-13.496],[-61.622,-13.514],[-61.645,-13.509],[-61.658,-13.515],[-61.679,-13.507],[-61.698,-13.51],[-61.706,-13.516],[-61.727,-13.521],[-61.736,-13.526],[-61.757,-13.524],[-61.757,-13.54],[-61.769,-13.519],[-61.778,-13.533],[-61.798,-13.533],[-61.814,-13.533],[-61.818,-13.539],[-61.84,-13.548],[-61.84,-13.527],[-61.852,-13.538],[-61.867,-13.527],[-61.883,-13.497],[-61.88,-13.479],[-61.885,-13.45],[-61.903,-13.428],[-61.918,-13.431],[-61.93,-13.417],[-61.947,-13.415],[-61.966,-13.406],[-61.967,-13.386],[-61.975,-13.385],[-61.986,-13.365],[-61.994,-13.37],[-62.01,-13.357],[-62.014,-13.346],[-62.017,-13.327],[-62.032,-13.333],[-62.052,-13.313],[-62.056,-13.294],[-62.07,-13.295],[-62.084,-13.285],[-62.094,-13.279],[-62.111,-13.261],[-62.109,-13.25],[-62.109,-13.228],[-62.113,-13.208],[-62.114,-13.185],[-62.116,-13.168],[-62.124,-13.15],[-62.142,-13.161],[-62.151,-13.15],[-62.168,-13.13],[-62.174,-13.113],[-62.183,-13.126],[-62.178,-13.143],[-62.198,-13.15],[-62.2,-13.124],[-62.222,-13.113],[-62.232,-13.119],[-62.244,-13.126],[-62.254,-13.145],[-62.264,-13.147],[-62.272,-13.146],[-62.271,-13.155],[-62.287,-13.14],[-62.299,-13.15],[-62.305,-13.141],[-62.318,-13.143],[-62.329,-13.142],[-62.342,-13.145],[-62.337,-13.14],[-62.353,-13.141],[-62.367,-13.14],[-62.382,-13.13],[-62.396,-13.119],[-62.407,-13.122],[-62.417,-13.121],[-62.433,-13.094],[-62.442,-13.079],[-62.458,-13.08],[-62.453,-13.064],[-62.464,-13.074],[-62.472,-13.073],[-62.481,-13.059],[-62.486,-13.077],[-62.512,-13.075],[-62.523,-13.065],[-62.557,-13.065],[-62.581,-13.055],[-62.599,-13.047],[-62.613,-13.032],[-62.601,-13.012],[-62.626,-13.015],[-62.631,-12.99],[-62.647,-12.992],[-62.646,-12.977],[-62.658,-12.968],[-62.674,-12.99],[-62.696,-12.997],[-62.717,-13.003],[-62.727,-13.006],[-62.738,-13.015],[-62.747,-12.999],[-62.754,-13.01],[-62.767,-13.013],[-62.794,-12.995],[-62.807,-12.958],[-62.805,-12.94],[-62.831,-12.937],[-62.85,-12.941],[-62.855,-12.917],[-62.872,-12.906],[-62.888,-12.88],[-62.892,-12.864],[-62.904,-12.853],[-62.915,-12.842],[-62.941,-12.846],[-62.95,-12.853],[-62.959,-12.847],[-62.976,-12.859],[-62.982,-12.849],[-62.995,-12.841],[-63.013,-12.829],[-63.009,-12.814],[-63.018,-12.806],[-63.02,-12.799],[-63.035,-12.775],[-63.041,-12.749],[-63.06,-12.729],[-63.08,-12.724],[-63.077,-12.702],[-63.062,-12.685],[-63.087,-12.684],[-63.098,-12.677],[-63.093,-12.657],[-63.114,-12.658],[-63.122,-12.654],[-63.139,-12.645],[-63.148,-12.635],[-63.154,-12.616],[-63.166,-12.627],[-63.162,-12.639],[-63.175,-12.638],[-63.195,-12.625],[-63.191,-12.646],[-63.216,-12.656],[-63.229,-12.664],[-63.245,-12.666],[-63.231,-12.683],[-63.254,-12.686],[-63.291,-12.682],[-63.33,-12.668],[-63.353,-12.657],[-63.373,-12.657],[-63.393,-12.642],[-63.408,-12.615],[-63.426,-12.607],[-63.434,-12.599],[-63.43,-12.589],[-63.436,-12.574],[-63.456,-12.561],[-63.474,-12.561],[-63.501,-12.567],[-63.526,-12.545],[-63.543,-12.516],[-63.571,-12.502],[-63.593,-12.489],[-63.619,-12.477],[-63.648,-12.464],[-63.666,-12.462],[-63.681,-12.456],[-63.719,-12.442],[-63.756,-12.441],[-63.773,-12.436],[-63.786,-12.427],[-63.802,-12.447],[-63.821,-12.45],[-63.84,-12.462],[-63.879,-12.446],[-63.889,-12.457],[-63.896,-12.476],[-63.899,-12.487],[-63.906,-12.51],[-63.949,-12.529],[-63.969,-12.525],[-63.99,-12.505],[-64.003,-12.514],[-64.027,-12.512],[-64.046,-12.504],[-64.059,-12.491],[-64.072,-12.498],[-64.088,-12.496],[-64.098,-12.485],[-64.108,-12.498],[-64.122,-12.495],[-64.129,-12.477],[-64.144,-12.492],[-64.158,-12.513],[-64.173,-12.504],[-64.171,-12.485],[-64.187,-12.469],[-64.205,-12.465],[-64.219,-12.462],[-64.243,-12.466],[-64.258,-12.479],[-64.279,-12.5],[-64.297,-12.491],[-64.292,-12.474],[-64.302,-12.458],[-64.36,-12.457],[-64.382,-12.452],[-64.4,-12.449],[-64.423,-12.432],[-64.436,-12.417],[-64.452,-12.401],[-64.478,-12.379],[-64.499,-12.366],[-64.511,-12.342],[-64.503,-12.332],[-64.492,-12.294],[-64.499,-12.249],[-64.512,-12.222],[-64.541,-12.238],[-64.559,-12.234],[-64.568,-12.219],[-64.597,-12.215],[-64.638,-12.205],[-64.657,-12.198],[-64.677,-12.191],[-64.704,-12.181],[-64.716,-12.148],[-64.713,-12.123],[-64.698,-12.104],[-64.712,-12.086],[-64.737,-12.102],[-64.734,-12.116],[-64.752,-12.157],[-64.768,-12.14],[-64.757,-12.112],[-64.762,-12.099],[-64.801,-12.088],[-64.813,-12.1],[-64.831,-12.121],[-64.841,-12.093],[-64.826,-12.077],[-64.81,-12.067],[-64.812,-12.044],[-64.826,-12.02],[-64.848,-12.008],[-64.876,-12.013],[-64.89,-12.016],[-64.918,-12.026],[-64.936,-12.009],[-64.952,-11.994],[-64.968,-12.008],[-64.984,-12.014],[-65.0,-11.993],[-65.018,-11.997],[-65.033,-11.992],[-65.027,-11.973],[-65.031,-11.966],[-65.037,-11.956],[-65.026,-11.941],[-65.015,-11.894],[-65.039,-11.886],[-65.064,-11.877],[-65.07,-11.856],[-65.059,-11.79],[-65.075,-11.746],[-65.088,-11.709],[-65.109,-11.71],[-65.129,-11.72],[-65.183,-11.732],[-65.173,-11.751],[-65.203,-11.748],[-65.236,-11.73],[-65.255,-11.715],[-65.255,-11.696],[-65.231,-11.673],[-65.218,-11.641],[-65.23,-11.614],[-65.225,-11.597],[-65.234,-11.574],[-65.226,-11.561],[-65.211,-11.53],[-65.259,-11.514],[-65.294,-11.504],[-65.309,-11.493],[-65.32,-11.433],[-65.326,-11.394],[-65.331,-11.368],[-65.329,-11.34],[-65.294,-11.333],[-65.298,-11.316],[-65.343,-11.307],[-65.361,-11.239],[-65.34,-11.211],[-65.319,-11.205],[-65.331,-11.186],[-65.35,-11.186],[-65.362,-11.137],[-65.351,-11.121],[-65.32,-11.102],[-65.284,-11.088],[-65.282,-11.057],[-65.295,-11.026],[-65.263,-10.997],[-65.266,-10.963],[-65.274,-10.944],[-65.284,-10.926],[-65.272,-10.922],[-65.273,-10.876],[-65.297,-10.847],[-65.317,-10.826],[-65.33,-10.815],[-65.348,-10.806],[-65.364,-10.796],[-65.365,-10.78],[-65.348,-10.778],[-65.349,-10.743],[-65.344,-10.69],[-65.358,-10.657],[-65.382,-10.646],[-65.404,-10.641],[-65.415,-10.618],[-65.401,-10.593],[-65.397,-10.58],[-65.404,-10.553],[-65.415,-10.54],[-65.415,-10.522],[-65.414,-10.5],[-65.429,-10.481],[-65.417,-10.463],[-65.402,-10.462],[-65.378,-10.417],[-65.381,-10.397],[-65.39,-10.377],[-65.375,-10.352],[-65.347,-10.321],[-65.331,-10.308],[-65.318,-10.292],[-65.306,-10.249],[-65.288,-10.219],[-65.306,-10.165],[-65.302,-10.148],[-65.3,-10.123],[-65.302,-10.095],[-65.318,-10.08],[-65.329,-10.046],[-65.32,-9.997],[-65.327,-9.971],[-65.332,-9.937],[-65.318,-9.903],[-65.295,-9.877],[-65.286,-9.845],[-65.306,-9.824],[-65.321,-9.81],[-65.347,-9.741],[-65.394,-9.685],[-65.421,-9.676],[-65.443,-9.67],[-65.442,-9.689],[-65.468,-9.711],[-65.488,-9.713],[-65.482,-9.727],[-65.5,-9.729],[-65.503,-9.76],[-65.503,-9.786],[-65.522,-9.787],[-65.535,-9.789],[-65.541,-9.802],[-65.564,-9.815],[-65.552,-9.835],[-65.596,-9.841],[-65.598,-9.826],[-65.623,-9.835],[-65.631,-9.828],[-65.642,-9.809],[-65.653,-9.807],[-65.647,-9.791],[-65.662,-9.789],[-65.681,-9.792],[-65.689,-9.812],[-65.708,-9.803],[-65.707,-9.766],[-65.688,-9.768],[-65.685,-9.761],[-65.705,-9.757],[-65.732,-9.763],[-65.744,-9.781],[-65.763,-9.762],[-65.765,-9.738],[-65.778,-9.74],[-65.776,-9.767],[-65.794,-9.791],[-65.808,-9.781],[-65.805,-9.768],[-65.807,-9.762],[-65.823,-9.766],[-65.842,-9.785],[-65.862,-9.793],[-65.868,-9.776],[-65.871,-9.753],[-65.898,-9.759],[-65.915,-9.753],[-65.923,-9.761],[-65.933,-9.768],[-65.939,-9.761],[-65.955,-9.767],[-65.972,-9.782],[-65.963,-9.802],[-65.981,-9.808],[-65.998,-9.801],[-66.009,-9.802],[-66.029,-9.8],[-66.058,-9.785],[-66.078,-9.795],[-66.093,-9.813],[-66.098,-9.796],[-66.1,-9.784],[-66.113,-9.789],[-66.124,-9.789],[-66.145,-9.791],[-66.16,-9.788],[-66.176,-9.801],[-66.193,-9.806],[-66.189,-9.819],[-66.195,-9.82],[-66.203,-9.834],[-66.224,-9.826],[-66.249,-9.826],[-66.259,-9.831],[-66.275,-9.828],[-66.282,-9.84],[-66.301,-9.836],[-66.309,-9.837],[-66.328,-9.837],[-66.347,-9.841],[-66.356,-9.854],[-66.382,-9.867],[-66.403,-9.869],[-66.412,-9.882],[-66.42,-9.896],[-66.424,-9.873],[-66.445,-9.871],[-66.459,-9.875]]]]},"properties":{"id":21,"name":"Rond\u00f4nia","sigla":"RO","regiao_id":"3","codigo_ibg":"11","cartodb_id":21,"created_at":"2015-02-09T16:46:01Z","updated_at":"2015-02-09T16:46:01Z"}},{"type":"Feature","geometry":{"type":"MultiPolygon","coordinates":[[[[-59.916,3.146],[-59.907,3.14],[-59.917,3.129],[-59.908,3.118],[-59.92,3.121],[-59.927,3.109],[-59.939,3.094],[-59.945,3.086],[-59.952,3.068],[-59.953,3.039],[-59.958,3.014],[-59.947,3.0],[-59.958,2.976],[-59.957,2.954],[-59.98,2.933],[-59.984,2.909],[-59.976,2.897],[-59.982,2.877],[-59.986,2.864],[-59.985,2.849],[-59.987,2.811],[-59.989,2.796],[-59.991,2.779],[-59.986,2.748],[-59.991,2.725],[-59.988,2.698],[-59.987,2.683],[-59.978,2.674],[-59.973,2.65],[-59.971,2.636],[-59.963,2.627],[-59.956,2.61],[-59.969,2.599],[-59.958,2.593],[-59.943,2.585],[-59.928,2.572],[-59.936,2.554],[-59.925,2.538],[-59.919,2.521],[-59.912,2.504],[-59.899,2.485],[-59.892,2.465],[-59.898,2.438],[-59.895,2.423],[-59.895,2.41],[-59.904,2.396],[-59.898,2.368],[-59.882,2.355],[-59.871,2.361],[-59.852,2.333],[-59.833,2.324],[-59.822,2.319],[-59.804,2.304],[-59.791,2.29],[-59.772,2.292],[-59.759,2.291],[-59.748,2.29],[-59.732,2.284],[-59.726,2.267],[-59.724,2.255],[-59.719,2.237],[-59.726,2.221],[-59.729,2.204],[-59.728,2.196],[-59.732,2.183],[-59.736,2.157],[-59.731,2.14],[-59.723,2.123],[-59.723,2.098],[-59.738,2.08],[-59.737,2.06],[-59.73,2.038],[-59.723,2.029],[-59.73,2.019],[-59.731,2.007],[-59.733,1.999],[-59.733,1.988],[-59.738,1.979],[-59.736,1.966],[-59.742,1.948],[-59.744,1.938],[-59.749,1.926],[-59.754,1.912],[-59.757,1.905],[-59.755,1.895],[-59.748,1.876],[-59.751,1.862],[-59.734,1.851],[-59.717,1.852],[-59.683,1.846],[-59.672,1.843],[-59.666,1.851],[-59.662,1.866],[-59.655,1.852],[-59.655,1.83],[-59.664,1.812],[-59.68,1.799],[-59.684,1.789],[-59.685,1.773],[-59.69,1.758],[-59.672,1.755],[-59.664,1.749],[-59.658,1.74],[-59.648,1.742],[-59.631,1.734],[-59.616,1.716],[-59.606,1.722],[-59.586,1.727],[-59.578,1.733],[-59.56,1.73],[-59.546,1.725],[-59.534,1.718],[-59.526,1.697],[-59.514,1.682],[-59.507,1.668],[-59.499,1.677],[-59.493,1.663],[-59.494,1.65],[-59.485,1.633],[-59.469,1.62],[-59.445,1.614],[-59.437,1.594],[-59.427,1.58],[-59.422,1.556],[-59.403,1.556],[-59.394,1.541],[-59.384,1.523],[-59.381,1.508],[-59.363,1.508],[-59.357,1.518],[-59.336,1.517],[-59.332,1.508],[-59.329,1.5],[-59.327,1.468],[-59.31,1.466],[-59.293,1.459],[-59.288,1.445],[-59.281,1.431],[-59.282,1.411],[-59.252,1.389],[-59.238,1.387],[-59.213,1.374],[-59.204,1.377],[-59.179,1.364],[-59.171,1.358],[-59.157,1.354],[-59.137,1.35],[-59.126,1.349],[-59.109,1.346],[-59.095,1.345],[-59.076,1.331],[-59.067,1.333],[-59.055,1.329],[-59.032,1.328],[-59.015,1.326],[-59.0,1.324],[-58.987,1.319],[-58.975,1.306],[-58.965,1.313],[-58.948,1.314],[-58.918,1.317],[-58.919,1.3],[-58.918,1.285],[-58.891,1.268],[-58.895,1.256],[-58.904,1.242],[-58.901,1.232],[-58.895,0.614],[-60.037,0.264],[-60.086,0.143],[-60.118,0.129],[-60.131,0.091],[-60.136,0.066],[-60.14,0.048],[-60.16,0.017],[-60.182,-0.008],[-60.214,-0.072],[-60.225,-0.119],[-60.224,-0.143],[-60.255,-0.174],[-60.264,-0.189],[-60.293,-0.205],[-60.299,-0.256],[-60.289,-0.293],[-60.302,-0.328],[-60.319,-0.348],[-60.33,-0.382],[-60.344,-0.413],[-60.344,-0.44],[-60.383,-0.479],[-60.391,-0.503],[-60.394,-0.553],[-60.38,-0.577],[-60.365,-0.588],[-60.351,-0.622],[-60.327,-0.64],[-60.314,-0.657],[-60.307,-0.687],[-60.303,-0.711],[-60.341,-0.739],[-60.353,-0.742],[-60.398,-0.758],[-60.421,-0.773],[-60.462,-0.771],[-60.497,-0.789],[-60.493,-0.812],[-60.519,-0.833],[-60.531,-0.875],[-60.55,-0.869],[-60.591,-0.853],[-60.609,-0.864],[-60.628,-0.87],[-60.654,-0.883],[-60.669,-0.878],[-60.717,-0.87],[-60.752,-0.861],[-60.756,-0.837],[-60.757,-0.812],[-60.766,-0.793],[-60.766,-0.778],[-60.781,-0.748],[-60.799,-0.736],[-60.804,-0.696],[-60.849,-0.669],[-60.861,-0.642],[-60.908,-0.616],[-60.914,-0.585],[-60.935,-0.56],[-60.953,-0.554],[-60.987,-0.561],[-61.03,-0.547],[-61.063,-0.513],[-61.097,-0.5],[-61.129,-0.497],[-61.157,-0.515],[-61.208,-0.498],[-61.219,-0.526],[-61.224,-0.544],[-61.275,-0.576],[-61.326,-0.598],[-61.366,-0.607],[-61.407,-0.631],[-61.429,-0.646],[-61.456,-0.657],[-61.474,-0.702],[-61.527,-0.751],[-61.543,-0.843],[-61.558,-0.872],[-61.58,-0.93],[-61.576,-0.988],[-61.561,-1.004],[-61.545,-1.029],[-61.546,-1.071],[-61.578,-1.088],[-61.574,-1.104],[-61.566,-1.132],[-61.582,-1.164],[-61.582,-1.189],[-61.601,-1.234],[-61.613,-1.282],[-61.601,-1.32],[-61.595,-1.365],[-61.608,-1.405],[-61.573,-1.428],[-61.539,-1.444],[-61.481,-1.518],[-61.475,-1.553],[-61.482,-1.58],[-61.565,-1.486],[-61.646,-1.432],[-61.74,-1.392],[-61.814,-1.397],[-61.839,-1.401],[-61.905,-1.379],[-61.92,-1.331],[-61.966,-1.243],[-61.989,-1.201],[-62.066,-1.098],[-62.105,-1.086],[-62.111,-1.06],[-62.145,-1.028],[-62.171,-1.006],[-62.203,-0.983],[-62.227,-0.973],[-62.272,-0.952],[-62.298,-0.941],[-62.326,-0.915],[-62.356,-0.875],[-62.366,-0.869],[-62.369,-0.859],[-62.394,-0.829],[-62.442,-0.802],[-62.461,-0.801],[-62.48,-0.795],[-62.502,-0.754],[-62.506,-0.731],[-62.486,-0.681],[-62.463,-0.688],[-62.423,-0.701],[-62.41,-0.71],[-62.39,-0.709],[-62.358,-0.707],[-62.372,-0.686],[-62.344,-0.673],[-62.331,-0.662],[-62.309,-0.661],[-62.287,-0.638],[-62.3,-0.611],[-62.302,-0.587],[-62.318,-0.552],[-62.311,-0.537],[-62.309,-0.514],[-62.286,-0.493],[-62.281,-0.477],[-62.278,-0.465],[-62.234,-0.429],[-62.217,-0.409],[-62.208,-0.396],[-62.203,-0.368],[-62.193,-0.338],[-62.223,-0.314],[-62.248,-0.302],[-62.247,-0.266],[-62.249,-0.245],[-62.245,-0.211],[-62.258,-0.165],[-62.292,-0.134],[-62.318,-0.093],[-62.33,-0.069],[-62.321,-0.038],[-62.322,-0.024],[-62.362,0.043],[-62.419,0.083],[-62.423,0.145],[-62.452,0.208],[-62.466,0.333],[-62.452,0.374],[-62.456,0.395],[-62.485,0.454],[-62.521,0.472],[-62.527,0.547],[-62.528,0.711],[-62.457,0.786],[-62.468,0.832],[-62.47,0.918],[-62.444,0.969],[-62.477,1.028],[-62.479,1.048],[-62.471,1.087],[-62.521,1.084],[-62.554,1.175],[-62.62,1.363],[-62.62,1.404],[-62.676,1.455],[-62.73,1.5],[-62.749,1.536],[-62.781,1.573],[-62.796,1.631],[-62.756,1.676],[-62.723,1.713],[-62.706,1.94],[-62.813,1.992],[-62.919,2.025],[-63.07,2.04],[-63.107,2.08],[-63.138,2.142],[-63.165,2.181],[-63.282,2.154],[-63.376,2.216],[-63.399,2.266],[-63.4,2.291],[-63.424,2.371],[-63.394,2.407],[-63.42,2.437],[-63.494,2.428],[-63.544,2.418],[-63.577,2.408],[-63.661,2.383],[-63.715,2.381],[-63.771,2.391],[-63.816,2.403],[-63.867,2.425],[-63.94,2.448],[-63.983,2.469],[-64.0,2.479],[-64.013,2.47],[-64.031,2.473],[-64.047,2.496],[-64.056,2.513],[-64.046,2.53],[-64.046,2.553],[-64.041,2.577],[-64.032,2.576],[-64.018,2.598],[-64.009,2.616],[-63.998,2.631],[-63.984,2.66],[-63.989,2.673],[-63.994,2.695],[-63.991,2.715],[-63.986,2.731],[-63.999,2.74],[-63.994,2.765],[-64.009,2.779],[-64.014,2.806],[-64.013,2.819],[-64.037,2.831],[-64.049,2.84],[-64.061,2.864],[-64.07,2.925],[-64.089,2.946],[-64.111,2.961],[-64.13,3.005],[-64.169,3.053],[-64.185,3.069],[-64.201,3.082],[-64.231,3.11],[-64.233,3.13],[-64.21,3.172],[-64.213,3.221],[-64.213,3.247],[-64.241,3.315],[-64.235,3.371],[-64.248,3.399],[-64.253,3.421],[-64.202,3.477],[-64.186,3.5],[-64.185,3.526],[-64.184,3.551],[-64.205,3.59],[-64.246,3.629],[-64.262,3.652],[-64.283,3.679],[-64.322,3.719],[-64.331,3.724],[-64.357,3.742],[-64.376,3.753],[-64.408,3.766],[-64.451,3.783],[-64.476,3.783],[-64.495,3.799],[-64.524,3.842],[-64.571,3.897],[-64.61,3.946],[-64.622,3.956],[-64.633,3.975],[-64.673,4.005],[-64.68,4.017],[-64.688,4.046],[-64.714,4.082],[-64.74,4.128],[-64.787,4.156],[-64.81,4.175],[-64.821,4.218],[-64.824,4.244],[-64.801,4.281],[-64.78,4.287],[-64.729,4.264],[-64.688,4.243],[-64.655,4.205],[-64.643,4.176],[-64.627,4.139],[-64.593,4.114],[-64.544,4.115],[-64.516,4.115],[-64.485,4.116],[-64.452,4.124],[-64.43,4.134],[-64.386,4.138],[-64.306,4.132],[-64.296,4.139],[-64.272,4.137],[-64.262,4.127],[-64.246,4.128],[-64.227,4.121],[-64.212,4.116],[-64.18,4.124],[-64.167,4.128],[-64.155,4.118],[-64.142,4.109],[-64.117,4.096],[-64.104,4.077],[-64.095,4.042],[-64.092,4.019],[-64.073,3.996],[-64.044,3.948],[-64.025,3.934],[-63.998,3.911],[-63.981,3.9],[-63.965,3.872],[-63.959,3.881],[-63.947,3.893],[-63.936,3.909],[-63.929,3.923],[-63.905,3.931],[-63.883,3.934],[-63.867,3.941],[-63.853,3.945],[-63.835,3.94],[-63.828,3.94],[-63.815,3.94],[-63.796,3.934],[-63.784,3.936],[-63.765,3.937],[-63.741,3.925],[-63.731,3.915],[-63.712,3.904],[-63.701,3.913],[-63.685,3.909],[-63.663,3.922],[-63.678,3.929],[-63.688,3.936],[-63.699,3.951],[-63.694,3.975],[-63.687,3.996],[-63.687,4.013],[-63.666,4.012],[-63.649,3.994],[-63.62,3.961],[-63.605,3.943],[-63.592,3.929],[-63.593,3.906],[-63.59,3.891],[-63.566,3.886],[-63.555,3.877],[-63.539,3.866],[-63.519,3.854],[-63.498,3.843],[-63.498,3.858],[-63.498,3.87],[-63.47,3.868],[-63.456,3.861],[-63.437,3.864],[-63.435,3.88],[-63.427,3.892],[-63.413,3.919],[-63.416,3.93],[-63.427,3.937],[-63.44,3.945],[-63.446,3.962],[-63.428,3.978],[-63.378,3.973],[-63.358,3.963],[-63.331,3.963],[-63.314,3.969],[-63.311,3.982],[-63.286,3.973],[-63.279,3.957],[-63.257,3.961],[-63.245,3.956],[-63.223,3.953],[-63.207,3.944],[-63.213,3.923],[-63.225,3.893],[-63.233,3.875],[-63.227,3.845],[-63.218,3.828],[-63.204,3.812],[-63.191,3.815],[-63.172,3.81],[-63.145,3.805],[-63.123,3.805],[-63.103,3.794],[-63.086,3.779],[-63.079,3.764],[-63.059,3.748],[-63.063,3.705],[-63.081,3.694],[-63.056,3.679],[-63.041,3.671],[-63.026,3.651],[-63.014,3.641],[-62.994,3.616],[-62.97,3.611],[-62.947,3.618],[-62.932,3.636],[-62.921,3.654],[-62.908,3.671],[-62.887,3.683],[-62.847,3.72],[-62.839,3.733],[-62.819,3.732],[-62.797,3.721],[-62.784,3.7],[-62.767,3.686],[-62.744,3.675],[-62.736,3.693],[-62.733,3.715],[-62.735,3.741],[-62.738,3.753],[-62.737,3.773],[-62.74,3.785],[-62.735,3.794],[-62.745,3.811],[-62.754,3.822],[-62.771,3.839],[-62.757,3.848],[-62.768,3.868],[-62.775,3.881],[-62.788,3.894],[-62.787,3.915],[-62.783,3.923],[-62.769,3.94],[-62.747,3.966],[-62.75,3.978],[-62.765,3.996],[-62.754,4.019],[-62.747,4.035],[-62.721,4.036],[-62.714,4.031],[-62.689,4.033],[-62.671,4.037],[-62.657,4.039],[-62.636,4.043],[-62.62,4.041],[-62.601,4.037],[-62.586,4.03],[-62.562,4.017],[-62.561,4.032],[-62.552,4.043],[-62.533,4.047],[-62.542,4.065],[-62.544,4.078],[-62.553,4.083],[-62.545,4.099],[-62.541,4.11],[-62.526,4.116],[-62.525,4.127],[-62.518,4.131],[-62.506,4.132],[-62.501,4.141],[-62.49,4.139],[-62.471,4.139],[-62.462,4.152],[-62.467,4.163],[-62.464,4.174],[-62.449,4.174],[-62.423,4.182],[-62.402,4.178],[-62.389,4.178],[-62.377,4.168],[-62.365,4.163],[-62.352,4.163],[-62.35,4.151],[-62.326,4.135],[-62.306,4.137],[-62.291,4.142],[-62.28,4.131],[-62.262,4.131],[-62.246,4.122],[-62.234,4.119],[-62.219,4.11],[-62.204,4.112],[-62.193,4.103],[-62.165,4.088],[-62.142,4.082],[-62.134,4.087],[-62.115,4.098],[-62.117,4.111],[-62.098,4.12],[-62.088,4.125],[-62.07,4.13],[-62.077,4.15],[-62.058,4.156],[-62.044,4.154],[-62.033,4.158],[-62.021,4.158],[-62.009,4.16],[-61.984,4.18],[-61.981,4.162],[-61.963,4.14],[-61.948,4.122],[-61.933,4.105],[-61.93,4.116],[-61.923,4.137],[-61.923,4.156],[-61.902,4.16],[-61.886,4.155],[-61.871,4.162],[-61.869,4.173],[-61.848,4.169],[-61.836,4.161],[-61.817,4.178],[-61.816,4.19],[-61.807,4.21],[-61.801,4.224],[-61.787,4.229],[-61.763,4.233],[-61.771,4.242],[-61.764,4.25],[-61.736,4.261],[-61.723,4.26],[-61.729,4.25],[-61.709,4.252],[-61.691,4.254],[-61.67,4.263],[-61.652,4.254],[-61.644,4.246],[-61.635,4.239],[-61.625,4.253],[-61.613,4.258],[-61.6,4.25],[-61.578,4.247],[-61.559,4.255],[-61.53,4.285],[-61.516,4.306],[-61.508,4.322],[-61.522,4.336],[-61.521,4.349],[-61.518,4.357],[-61.521,4.374],[-61.515,4.392],[-61.506,4.409],[-61.481,4.415],[-61.472,4.425],[-61.462,4.428],[-61.453,4.438],[-61.435,4.433],[-61.438,4.425],[-61.427,4.432],[-61.406,4.429],[-61.395,4.426],[-61.381,4.427],[-61.367,4.426],[-61.347,4.42],[-61.336,4.428],[-61.32,4.434],[-61.32,4.446],[-61.309,4.458],[-61.298,4.458],[-61.28,4.469],[-61.295,4.483],[-61.305,4.497],[-61.318,4.504],[-61.328,4.518],[-61.308,4.537],[-61.287,4.537],[-61.27,4.533],[-61.258,4.537],[-61.252,4.522],[-61.247,4.533],[-61.238,4.53],[-61.219,4.527],[-61.213,4.531],[-61.201,4.517],[-61.184,4.518],[-61.171,4.504],[-61.152,4.496],[-61.139,4.491],[-61.125,4.505],[-61.107,4.512],[-61.092,4.523],[-61.077,4.518],[-61.065,4.524],[-61.029,4.522],[-61.016,4.516],[-60.996,4.518],[-60.991,4.532],[-60.972,4.544],[-60.956,4.556],[-60.956,4.584],[-60.942,4.581],[-60.934,4.592],[-60.939,4.604],[-60.936,4.621],[-60.942,4.636],[-60.95,4.649],[-60.94,4.657],[-60.926,4.663],[-60.912,4.677],[-60.911,4.697],[-60.894,4.716],[-60.875,4.715],[-60.858,4.706],[-60.839,4.716],[-60.825,4.728],[-60.813,4.738],[-60.79,4.746],[-60.788,4.753],[-60.758,4.758],[-60.743,4.762],[-60.733,4.775],[-60.723,4.786],[-60.719,4.8],[-60.687,4.821],[-60.68,4.83],[-60.668,4.843],[-60.659,4.852],[-60.649,4.873],[-60.649,4.886],[-60.627,4.894],[-60.615,4.918],[-60.601,4.926],[-60.589,4.943],[-60.592,4.971],[-60.604,5.002],[-60.612,5.011],[-60.616,5.02],[-60.627,5.043],[-60.637,5.053],[-60.641,5.074],[-60.642,5.09],[-60.642,5.118],[-60.655,5.114],[-60.658,5.134],[-60.656,5.157],[-60.677,5.177],[-60.68,5.189],[-60.701,5.195],[-60.732,5.201],[-60.718,5.22],[-60.702,5.225],[-60.668,5.23],[-60.655,5.229],[-60.638,5.22],[-60.613,5.218],[-60.604,5.216],[-60.595,5.22],[-60.59,5.209],[-60.565,5.196],[-60.536,5.204],[-60.519,5.206],[-60.482,5.2],[-60.468,5.203],[-60.449,5.195],[-60.43,5.185],[-60.417,5.206],[-60.388,5.22],[-60.37,5.215],[-60.361,5.207],[-60.351,5.208],[-60.338,5.208],[-60.319,5.209],[-60.309,5.219],[-60.287,5.229],[-60.27,5.241],[-60.254,5.252],[-60.235,5.263],[-60.21,5.271],[-60.195,5.257],[-60.194,5.24],[-60.178,5.23],[-60.163,5.23],[-60.139,5.248],[-60.133,5.231],[-60.118,5.209],[-60.106,5.194],[-60.101,5.161],[-60.09,5.141],[-60.074,5.139],[-60.059,5.125],[-60.056,5.116],[-60.044,5.11],[-60.02,5.092],[-60.008,5.088],[-59.999,5.08],[-60.004,5.062],[-60.0,5.053],[-60.003,5.034],[-60.002,5.013],[-59.99,4.976],[-59.995,4.961],[-59.994,4.946],[-59.994,4.936],[-60.002,4.921],[-60.008,4.9],[-60.011,4.881],[-60.013,4.87],[-60.014,4.855],[-60.02,4.833],[-60.032,4.81],[-60.038,4.795],[-60.028,4.776],[-60.029,4.739],[-60.039,4.723],[-60.036,4.711],[-60.033,4.697],[-60.055,4.677],[-60.078,4.649],[-60.075,4.633],[-60.076,4.613],[-60.086,4.603],[-60.105,4.598],[-60.126,4.597],[-60.131,4.578],[-60.138,4.57],[-60.142,4.563],[-60.151,4.563],[-60.163,4.548],[-60.159,4.531],[-60.163,4.512],[-60.139,4.506],[-60.105,4.512],[-60.099,4.521],[-60.087,4.516],[-60.083,4.513],[-60.067,4.511],[-60.07,4.494],[-60.045,4.494],[-60.035,4.491],[-60.018,4.49],[-60.003,4.497],[-59.992,4.483],[-59.97,4.478],[-59.965,4.503],[-59.939,4.492],[-59.923,4.484],[-59.916,4.475],[-59.91,4.47],[-59.899,4.463],[-59.886,4.473],[-59.872,4.48],[-59.861,4.467],[-59.859,4.45],[-59.837,4.452],[-59.827,4.452],[-59.812,4.446],[-59.803,4.464],[-59.793,4.457],[-59.791,4.447],[-59.779,4.44],[-59.763,4.434],[-59.751,4.42],[-59.733,4.418],[-59.72,4.405],[-59.715,4.393],[-59.69,4.38],[-59.68,4.377],[-59.675,4.347],[-59.685,4.337],[-59.702,4.315],[-59.707,4.305],[-59.719,4.297],[-59.729,4.282],[-59.722,4.272],[-59.729,4.244],[-59.731,4.225],[-59.73,4.205],[-59.724,4.195],[-59.721,4.177],[-59.71,4.165],[-59.69,4.154],[-59.661,4.147],[-59.636,4.143],[-59.616,4.132],[-59.629,4.112],[-59.635,4.1],[-59.644,4.081],[-59.638,4.067],[-59.626,4.054],[-59.617,4.05],[-59.611,4.038],[-59.597,4.022],[-59.607,4.02],[-59.599,4.01],[-59.587,4.013],[-59.589,3.996],[-59.583,3.998],[-59.578,3.997],[-59.58,3.982],[-59.574,3.969],[-59.561,3.975],[-59.545,3.978],[-59.523,3.962],[-59.517,3.943],[-59.526,3.928],[-59.538,3.933],[-59.548,3.92],[-59.565,3.916],[-59.569,3.892],[-59.576,3.891],[-59.59,3.889],[-59.592,3.864],[-59.589,3.853],[-59.584,3.835],[-59.584,3.823],[-59.596,3.812],[-59.595,3.799],[-59.612,3.804],[-59.626,3.788],[-59.633,3.788],[-59.633,3.797],[-59.64,3.785],[-59.657,3.785],[-59.671,3.769],[-59.672,3.753],[-59.664,3.734],[-59.67,3.724],[-59.665,3.712],[-59.681,3.697],[-59.698,3.689],[-59.709,3.68],[-59.72,3.666],[-59.743,3.66],[-59.757,3.641],[-59.768,3.632],[-59.78,3.623],[-59.798,3.619],[-59.817,3.62],[-59.82,3.614],[-59.85,3.599],[-59.858,3.582],[-59.862,3.576],[-59.862,3.569],[-59.85,3.556],[-59.842,3.546],[-59.835,3.527],[-59.823,3.523],[-59.802,3.503],[-59.801,3.492],[-59.821,3.479],[-59.811,3.47],[-59.823,3.469],[-59.833,3.45],[-59.833,3.423],[-59.815,3.426],[-59.822,3.41],[-59.81,3.38],[-59.811,3.353],[-59.833,3.353],[-59.827,3.334],[-59.841,3.317],[-59.848,3.305],[-59.854,3.296],[-59.873,3.278],[-59.878,3.246],[-59.877,3.232],[-59.888,3.217],[-59.908,3.211],[-59.908,3.178],[-59.903,3.15],[-59.916,3.146]]]]},"properties":{"id":22,"name":"Roraima","sigla":"RR","regiao_id":"3","codigo_ibg":"14","cartodb_id":22,"created_at":"2015-02-09T16:46:01Z","updated_at":"2015-02-09T16:46:01Z"}},{"type":"Feature","geometry":{"type":"MultiPolygon","coordinates":[[[[-52.044,-31.574],[-52.045,-31.562],[-52.102,-31.552],[-52.112,-31.565],[-52.116,-31.575],[-52.106,-31.613],[-52.101,-31.62],[-52.069,-31.619],[-52.061,-31.599],[-52.057,-31.609],[-52.06,-31.624],[-52.064,-31.646],[-52.07,-31.653],[-52.08,-31.666],[-52.104,-31.684],[-52.156,-31.702],[-52.203,-31.731],[-52.226,-31.767],[-52.218,-31.783],[-52.217,-31.811],[-52.229,-31.806],[-52.222,-31.843],[-52.24,-31.838],[-52.253,-31.863],[-52.228,-31.895],[-52.238,-31.879],[-52.21,-31.883],[-52.196,-31.896],[-52.127,-31.931],[-52.112,-31.961],[-52.104,-31.987],[-52.093,-32.007],[-52.093,-32.018],[-52.108,-32.027],[-52.067,-32.033],[-52.07,-32.047],[-52.085,-32.065],[-52.093,-32.077],[-52.105,-32.107],[-52.102,-32.129],[-52.099,-32.158],[-52.119,-32.168],[-52.15,-32.186],[-52.22,-32.246],[-52.262,-32.295],[-52.373,-32.494],[-52.423,-32.635],[-52.45,-32.742],[-52.518,-32.913],[-52.549,-32.966],[-52.566,-33.0],[-52.598,-33.064],[-52.615,-33.092],[-52.633,-33.121],[-52.662,-33.161],[-52.69,-33.193],[-52.746,-33.257],[-52.792,-33.299],[-53.043,-33.498],[-53.149,-33.587],[-53.187,-33.615],[-53.2,-33.625],[-53.289,-33.689],[-53.373,-33.745],[-53.397,-33.751],[-53.422,-33.744],[-53.433,-33.726],[-53.437,-33.703],[-53.454,-33.693],[-53.53,-33.678],[-53.528,-33.671],[-53.533,-33.647],[-53.526,-33.626],[-53.53,-33.6],[-53.525,-33.614],[-53.515,-33.584],[-53.512,-33.545],[-53.498,-33.543],[-53.482,-33.557],[-53.489,-33.558],[-53.482,-33.57],[-53.45,-33.57],[-53.457,-33.55],[-53.46,-33.546],[-53.452,-33.525],[-53.443,-33.504],[-53.446,-33.515],[-53.434,-33.499],[-53.432,-33.484],[-53.429,-33.465],[-53.427,-33.434],[-53.439,-33.389],[-53.45,-33.346],[-53.47,-33.263],[-53.463,-33.241],[-53.441,-33.183],[-53.426,-33.153],[-53.412,-33.163],[-53.392,-33.151],[-53.373,-33.126],[-53.354,-33.107],[-53.336,-33.076],[-53.32,-33.055],[-53.324,-33.074],[-53.315,-33.089],[-53.277,-33.109],[-53.252,-33.096],[-53.236,-33.067],[-53.217,-33.05],[-53.202,-33.037],[-53.189,-33.017],[-53.159,-32.969],[-53.163,-32.909],[-53.162,-32.893],[-53.16,-32.859],[-53.147,-32.819],[-53.137,-32.802],[-53.113,-32.801],[-53.104,-32.812],[-53.072,-32.832],[-53.055,-32.819],[-53.033,-32.792],[-52.991,-32.754],[-52.989,-32.755],[-53.003,-32.785],[-52.985,-32.816],[-52.952,-32.848],[-52.925,-32.865],[-52.907,-32.882],[-52.87,-32.905],[-52.833,-32.913],[-52.788,-32.895],[-52.756,-32.868],[-52.734,-32.837],[-52.718,-32.813],[-52.708,-32.797],[-52.689,-32.759],[-52.658,-32.704],[-52.635,-32.664],[-52.627,-32.651],[-52.613,-32.625],[-52.608,-32.609],[-52.586,-32.522],[-52.619,-32.438],[-52.637,-32.404],[-52.676,-32.346],[-52.69,-32.325],[-52.69,-32.299],[-52.671,-32.242],[-52.651,-32.198],[-52.628,-32.162],[-52.625,-32.148],[-52.645,-32.151],[-52.663,-32.157],[-52.682,-32.163],[-52.697,-32.165],[-52.706,-32.168],[-52.717,-32.172],[-52.725,-32.17],[-52.745,-32.175],[-52.736,-32.18],[-52.726,-32.188],[-52.735,-32.19],[-52.756,-32.196],[-52.764,-32.206],[-52.752,-32.208],[-52.736,-32.202],[-52.736,-32.218],[-52.747,-32.213],[-52.765,-32.223],[-52.776,-32.241],[-52.786,-32.269],[-52.794,-32.277],[-52.796,-32.291],[-52.807,-32.317],[-52.814,-32.326],[-52.817,-32.34],[-52.8,-32.351],[-52.801,-32.358],[-52.783,-32.373],[-52.76,-32.367],[-52.752,-32.364],[-52.737,-32.365],[-52.722,-32.385],[-52.744,-32.409],[-52.77,-32.432],[-52.822,-32.454],[-52.879,-32.461],[-52.921,-32.471],[-52.947,-32.482],[-52.969,-32.499],[-52.989,-32.548],[-53.0,-32.594],[-53.019,-32.612],[-53.061,-32.618],[-53.073,-32.641],[-53.083,-32.651],[-53.113,-32.638],[-53.146,-32.64],[-53.174,-32.656],[-53.181,-32.646],[-53.232,-32.631],[-53.248,-32.606],[-53.272,-32.607],[-53.283,-32.62],[-53.297,-32.611],[-53.306,-32.603],[-53.332,-32.586],[-53.345,-32.59],[-53.359,-32.585],[-53.383,-32.579],[-53.416,-32.568],[-53.425,-32.561],[-53.454,-32.526],[-53.462,-32.502],[-53.467,-32.482],[-53.508,-32.484],[-53.521,-32.481],[-53.544,-32.477],[-53.551,-32.471],[-53.584,-32.448],[-53.597,-32.432],[-53.611,-32.402],[-53.632,-32.388],[-53.643,-32.336],[-53.652,-32.32],[-53.646,-32.313],[-53.656,-32.28],[-53.671,-32.267],[-53.676,-32.242],[-53.685,-32.219],[-53.698,-32.205],[-53.708,-32.196],[-53.706,-32.19],[-53.712,-32.181],[-53.719,-32.162],[-53.734,-32.152],[-53.726,-32.141],[-53.731,-32.132],[-53.74,-32.111],[-53.732,-32.105],[-53.736,-32.094],[-53.745,-32.081],[-53.76,-32.078],[-53.768,-32.074],[-53.785,-32.071],[-53.793,-32.069],[-53.81,-32.065],[-53.833,-32.054],[-53.834,-32.042],[-53.837,-32.033],[-53.853,-32.014],[-53.849,-32.001],[-53.872,-31.997],[-53.895,-31.984],[-53.902,-31.978],[-53.921,-31.965],[-53.941,-31.958],[-53.963,-31.951],[-53.965,-31.935],[-53.968,-31.922],[-53.985,-31.917],[-54.003,-31.915],[-54.014,-31.906],[-54.03,-31.897],[-54.046,-31.904],[-54.061,-31.917],[-54.08,-31.929],[-54.096,-31.929],[-54.107,-31.911],[-54.119,-31.903],[-54.14,-31.891],[-54.146,-31.881],[-54.166,-31.866],[-54.453,-31.649],[-54.453,-31.635],[-54.463,-31.62],[-54.458,-31.607],[-54.459,-31.594],[-54.469,-31.589],[-54.48,-31.57],[-54.493,-31.559],[-54.497,-31.54],[-54.513,-31.514],[-54.524,-31.509],[-54.535,-31.497],[-54.552,-31.493],[-54.569,-31.484],[-54.581,-31.468],[-54.63,-31.456],[-54.679,-31.447],[-54.701,-31.437],[-54.721,-31.434],[-54.737,-31.428],[-54.763,-31.426],[-54.789,-31.433],[-54.806,-31.431],[-54.835,-31.441],[-54.856,-31.418],[-54.863,-31.404],[-54.88,-31.393],[-54.89,-31.376],[-54.903,-31.384],[-54.922,-31.381],[-54.938,-31.381],[-54.934,-31.366],[-54.941,-31.354],[-54.952,-31.353],[-54.959,-31.342],[-54.957,-31.323],[-54.974,-31.316],[-54.978,-31.302],[-54.994,-31.288],[-55.0,-31.275],[-55.019,-31.267],[-55.035,-31.275],[-55.032,-31.288],[-55.041,-31.306],[-55.057,-31.322],[-55.073,-31.332],[-55.098,-31.315],[-55.113,-31.31],[-55.126,-31.304],[-55.135,-31.301],[-55.155,-31.285],[-55.163,-31.28],[-55.173,-31.268],[-55.199,-31.263],[-55.233,-31.26],[-55.239,-31.253],[-55.247,-31.241],[-55.247,-31.219],[-55.255,-31.201],[-55.271,-31.194],[-55.28,-31.182],[-55.273,-31.17],[-55.288,-31.163],[-55.287,-31.151],[-55.299,-31.142],[-55.317,-31.144],[-55.338,-31.132],[-55.332,-31.117],[-55.331,-31.095],[-55.338,-31.085],[-55.349,-31.068],[-55.354,-31.061],[-55.35,-31.037],[-55.367,-31.034],[-55.373,-31.019],[-55.39,-31.024],[-55.404,-31.027],[-55.424,-31.011],[-55.431,-30.992],[-55.429,-30.977],[-55.44,-30.96],[-55.466,-30.953],[-55.488,-30.935],[-55.492,-30.925],[-55.504,-30.922],[-55.508,-30.902],[-55.532,-30.901],[-55.549,-30.883],[-55.556,-30.872],[-55.562,-30.857],[-55.57,-30.844],[-55.582,-30.835],[-55.604,-30.849],[-55.625,-30.847],[-55.644,-30.859],[-55.662,-30.873],[-55.654,-30.885],[-55.652,-30.896],[-55.642,-30.911],[-55.655,-30.925],[-55.659,-30.94],[-55.67,-30.955],[-55.688,-30.945],[-55.698,-30.949],[-55.716,-30.943],[-55.723,-30.961],[-55.729,-30.972],[-55.74,-30.98],[-55.749,-30.993],[-55.761,-30.998],[-55.769,-31.004],[-55.795,-31.015],[-55.811,-31.021],[-55.824,-31.038],[-55.847,-31.042],[-55.861,-31.055],[-55.89,-31.076],[-55.91,-31.075],[-55.931,-31.085],[-55.963,-31.077],[-55.991,-31.083],[-56.01,-31.067],[-56.015,-31.055],[-56.018,-31.034],[-56.015,-31.0],[-56.006,-30.983],[-56.009,-30.968],[-56.009,-30.947],[-56.009,-30.933],[-56.005,-30.922],[-56.009,-30.909],[-55.999,-30.881],[-55.991,-30.853],[-56.003,-30.84],[-56.008,-30.821],[-56.016,-30.812],[-56.016,-30.802],[-56.022,-30.792],[-56.034,-30.785],[-56.045,-30.775],[-56.065,-30.768],[-56.064,-30.753],[-56.08,-30.75],[-56.095,-30.754],[-56.107,-30.733],[-56.124,-30.739],[-56.131,-30.727],[-56.13,-30.717],[-56.15,-30.705],[-56.137,-30.686],[-56.157,-30.674],[-56.168,-30.65],[-56.175,-30.633],[-56.177,-30.621],[-56.208,-30.606],[-56.222,-30.601],[-56.232,-30.593],[-56.226,-30.578],[-56.251,-30.582],[-56.26,-30.57],[-56.26,-30.56],[-56.279,-30.556],[-56.288,-30.539],[-56.292,-30.521],[-56.307,-30.53],[-56.321,-30.53],[-56.335,-30.517],[-56.347,-30.505],[-56.358,-30.492],[-56.361,-30.5],[-56.383,-30.498],[-56.385,-30.488],[-56.392,-30.485],[-56.395,-30.474],[-56.405,-30.469],[-56.399,-30.459],[-56.412,-30.439],[-56.425,-30.435],[-56.448,-30.419],[-56.452,-30.4],[-56.465,-30.386],[-56.482,-30.398],[-56.505,-30.381],[-56.506,-30.368],[-56.522,-30.359],[-56.545,-30.358],[-56.551,-30.343],[-56.536,-30.334],[-56.539,-30.314],[-56.549,-30.313],[-56.57,-30.306],[-56.59,-30.294],[-56.616,-30.301],[-56.605,-30.282],[-56.623,-30.266],[-56.628,-30.253],[-56.648,-30.221],[-56.663,-30.216],[-56.646,-30.208],[-56.658,-30.2],[-56.679,-30.197],[-56.687,-30.199],[-56.707,-30.188],[-56.718,-30.18],[-56.736,-30.17],[-56.761,-30.161],[-56.775,-30.164],[-56.78,-30.145],[-56.789,-30.124],[-56.801,-30.115],[-56.811,-30.106],[-56.82,-30.102],[-56.854,-30.089],[-56.872,-30.091],[-56.884,-30.088],[-56.91,-30.11],[-56.911,-30.102],[-56.932,-30.094],[-56.946,-30.099],[-56.98,-30.091],[-57.022,-30.088],[-57.031,-30.101],[-57.056,-30.099],[-57.066,-30.091],[-57.072,-30.089],[-57.086,-30.104],[-57.088,-30.12],[-57.103,-30.115],[-57.113,-30.123],[-57.104,-30.126],[-57.107,-30.138],[-57.122,-30.143],[-57.139,-30.162],[-57.148,-30.177],[-57.167,-30.199],[-57.165,-30.216],[-57.16,-30.242],[-57.167,-30.247],[-57.184,-30.257],[-57.196,-30.268],[-57.213,-30.288],[-57.247,-30.29],[-57.253,-30.275],[-57.268,-30.28],[-57.28,-30.294],[-57.299,-30.276],[-57.315,-30.259],[-57.339,-30.275],[-57.356,-30.279],[-57.383,-30.288],[-57.388,-30.302],[-57.418,-30.301],[-57.415,-30.279],[-57.445,-30.276],[-57.46,-30.267],[-57.488,-30.269],[-57.493,-30.279],[-57.519,-30.286],[-57.555,-30.264],[-57.564,-30.245],[-57.555,-30.22],[-57.566,-30.208],[-57.629,-30.187],[-57.643,-30.188],[-57.625,-30.174],[-57.595,-30.177],[-57.566,-30.17],[-57.53,-30.153],[-57.491,-30.129],[-57.461,-30.106],[-57.448,-30.077],[-57.43,-30.052],[-57.382,-30.018],[-57.335,-29.99],[-57.326,-29.962],[-57.322,-29.929],[-57.328,-29.898],[-57.325,-29.876],[-57.287,-29.825],[-57.238,-29.786],[-57.22,-29.777],[-57.2,-29.78],[-57.133,-29.77],[-57.101,-29.749],[-57.045,-29.702],[-57.019,-29.68],[-57.007,-29.657],[-56.974,-29.643],[-56.966,-29.626],[-56.967,-29.6],[-56.936,-29.571],[-56.919,-29.552],[-56.899,-29.532],[-56.887,-29.525],[-56.863,-29.508],[-56.816,-29.482],[-56.797,-29.448],[-56.777,-29.431],[-56.778,-29.419],[-56.774,-29.393],[-56.755,-29.37],[-56.711,-29.365],[-56.693,-29.342],[-56.654,-29.277],[-56.651,-29.235],[-56.643,-29.197],[-56.626,-29.18],[-56.602,-29.149],[-56.575,-29.114],[-56.541,-29.113],[-56.524,-29.1],[-56.5,-29.088],[-56.417,-29.074],[-56.41,-29.048],[-56.396,-29.018],[-56.413,-28.99],[-56.386,-28.953],[-56.362,-28.944],[-56.338,-28.935],[-56.324,-28.924],[-56.313,-28.911],[-56.297,-28.884],[-56.298,-28.833],[-56.296,-28.807],[-56.262,-28.778],[-56.225,-28.775],[-56.192,-28.772],[-56.17,-28.751],[-56.144,-28.71],[-56.116,-28.68],[-56.073,-28.645],[-56.061,-28.634],[-56.033,-28.619],[-56.002,-28.599],[-56.007,-28.568],[-56.024,-28.533],[-56.015,-28.513],[-55.985,-28.497],[-55.94,-28.491],[-55.913,-28.482],[-55.886,-28.48],[-55.885,-28.452],[-55.901,-28.41],[-55.89,-28.384],[-55.861,-28.357],[-55.821,-28.364],[-55.792,-28.366],[-55.74,-28.374],[-55.725,-28.394],[-55.707,-28.426],[-55.691,-28.416],[-55.689,-28.404],[-55.672,-28.352],[-55.681,-28.319],[-55.711,-28.3],[-55.744,-28.28],[-55.773,-28.272],[-55.779,-28.251],[-55.749,-28.233],[-55.707,-28.224],[-55.67,-28.197],[-55.649,-28.183],[-55.626,-28.167],[-55.619,-28.149],[-55.608,-28.116],[-55.584,-28.122],[-55.588,-28.142],[-55.562,-28.162],[-55.547,-28.148],[-55.537,-28.122],[-55.511,-28.112],[-55.498,-28.083],[-55.483,-28.077],[-55.463,-28.095],[-55.442,-28.093],[-55.425,-28.07],[-55.4,-28.048],[-55.375,-28.036],[-55.369,-28.027],[-55.369,-28.011],[-55.38,-28.001],[-55.377,-27.978],[-55.347,-27.972],[-55.336,-27.96],[-55.329,-27.936],[-55.312,-27.924],[-55.285,-27.932],[-55.264,-27.931],[-55.248,-27.912],[-55.228,-27.882],[-55.199,-27.859],[-55.173,-27.859],[-55.162,-27.87],[-55.145,-27.887],[-55.127,-27.893],[-55.125,-27.868],[-55.12,-27.853],[-55.081,-27.843],[-55.063,-27.848],[-55.04,-27.856],[-55.023,-27.845],[-55.031,-27.825],[-55.059,-27.81],[-55.082,-27.785],[-55.058,-27.769],[-55.041,-27.774],[-55.024,-27.793],[-55.001,-27.793],[-54.994,-27.782],[-54.972,-27.773],[-54.942,-27.775],[-54.929,-27.757],[-54.914,-27.736],[-54.902,-27.719],[-54.905,-27.655],[-54.903,-27.637],[-54.885,-27.625],[-54.854,-27.626],[-54.839,-27.603],[-54.829,-27.561],[-54.812,-27.529],[-54.794,-27.536],[-54.788,-27.566],[-54.774,-27.585],[-54.755,-27.578],[-54.742,-27.561],[-54.7,-27.569],[-54.678,-27.572],[-54.671,-27.55],[-54.678,-27.514],[-54.657,-27.511],[-54.651,-27.526],[-54.64,-27.543],[-54.621,-27.541],[-54.608,-27.511],[-54.602,-27.5],[-54.591,-27.48],[-54.587,-27.457],[-54.567,-27.457],[-54.545,-27.479],[-54.53,-27.505],[-54.514,-27.494],[-54.488,-27.479],[-54.456,-27.478],[-54.44,-27.467],[-54.45,-27.452],[-54.469,-27.429],[-54.445,-27.423],[-54.436,-27.422],[-54.406,-27.405],[-54.378,-27.433],[-54.359,-27.459],[-54.343,-27.465],[-54.333,-27.448],[-54.338,-27.427],[-54.336,-27.401],[-54.305,-27.423],[-54.292,-27.444],[-54.276,-27.443],[-54.265,-27.431],[-54.265,-27.408],[-54.249,-27.393],[-54.227,-27.392],[-54.211,-27.379],[-54.21,-27.354],[-54.204,-27.333],[-54.191,-27.298],[-54.186,-27.269],[-54.168,-27.254],[-54.154,-27.266],[-54.156,-27.287],[-54.119,-27.301],[-54.099,-27.303],[-54.075,-27.294],[-54.054,-27.265],[-54.024,-27.25],[-54.019,-27.226],[-54.011,-27.196],[-53.985,-27.195],[-53.963,-27.195],[-53.956,-27.173],[-53.953,-27.152],[-53.933,-27.153],[-53.914,-27.173],[-53.888,-27.153],[-53.874,-27.127],[-53.85,-27.148],[-53.836,-27.166],[-53.814,-27.174],[-53.773,-27.148],[-53.742,-27.191],[-53.717,-27.182],[-53.675,-27.161],[-53.647,-27.193],[-53.642,-27.22],[-53.615,-27.187],[-53.563,-27.173],[-53.518,-27.2],[-53.49,-27.193],[-53.506,-27.138],[-53.463,-27.152],[-53.397,-27.12],[-53.372,-27.09],[-53.347,-27.117],[-53.294,-27.134],[-53.301,-27.163],[-53.315,-27.216],[-53.249,-27.175],[-53.22,-27.177],[-53.18,-27.182],[-53.165,-27.142],[-53.141,-27.17],[-53.072,-27.157],[-53.078,-27.116],[-53.049,-27.083],[-53.02,-27.095],[-53.043,-27.146],[-53.003,-27.133],[-52.984,-27.152],[-53.002,-27.19],[-52.974,-27.219],[-52.951,-27.162],[-52.931,-27.2],[-52.889,-27.187],[-52.844,-27.178],[-52.833,-27.209],[-52.8,-27.203],[-52.763,-27.243],[-52.731,-27.24],[-52.707,-27.264],[-52.693,-27.283],[-52.677,-27.257],[-52.652,-27.249],[-52.6,-27.255],[-52.56,-27.247],[-52.534,-27.26],[-52.482,-27.245],[-52.434,-27.219],[-52.442,-27.249],[-52.419,-27.282],[-52.392,-27.252],[-52.375,-27.304],[-52.337,-27.294],[-52.293,-27.314],[-52.301,-27.26],[-52.253,-27.257],[-52.234,-27.27],[-52.274,-27.302],[-52.224,-27.329],[-52.2,-27.313],[-52.159,-27.281],[-52.161,-27.314],[-52.107,-27.309],[-52.073,-27.338],[-52.018,-27.331],[-52.022,-27.355],[-51.961,-27.374],[-51.954,-27.394],[-52.002,-27.394],[-51.974,-27.41],[-51.936,-27.438],[-51.963,-27.467],[-51.903,-27.462],[-51.902,-27.496],[-51.879,-27.488],[-51.844,-27.481],[-51.854,-27.518],[-51.821,-27.512],[-51.786,-27.523],[-51.8,-27.496],[-51.72,-27.511],[-51.687,-27.479],[-51.676,-27.506],[-51.643,-27.498],[-51.621,-27.494],[-51.631,-27.538],[-51.594,-27.525],[-51.578,-27.576],[-51.559,-27.576],[-51.533,-27.563],[-51.477,-27.57],[-51.466,-27.604],[-51.437,-27.65],[-51.402,-27.631],[-51.377,-27.662],[-51.331,-27.671],[-51.302,-27.702],[-51.308,-27.719],[-51.276,-27.723],[-51.273,-27.749],[-51.227,-27.773],[-51.206,-27.776],[-51.158,-27.803],[-51.131,-27.83],[-51.082,-27.834],[-51.072,-27.865],[-51.053,-27.877],[-51.019,-27.955],[-50.997,-27.955],[-50.979,-27.948],[-50.928,-27.969],[-50.925,-27.995],[-50.893,-28.02],[-50.881,-28.068],[-50.901,-28.087],[-50.869,-28.109],[-50.856,-28.137],[-50.823,-28.13],[-50.786,-28.143],[-50.782,-28.176],[-50.777,-28.2],[-50.755,-28.213],[-50.711,-28.265],[-50.695,-28.278],[-50.659,-28.322],[-50.648,-28.346],[-50.625,-28.391],[-50.591,-28.382],[-50.549,-28.42],[-50.53,-28.414],[-50.499,-28.412],[-50.446,-28.424],[-50.396,-28.432],[-50.372,-28.429],[-50.349,-28.437],[-50.338,-28.448],[-50.296,-28.445],[-50.262,-28.446],[-50.235,-28.456],[-50.216,-28.457],[-50.185,-28.452],[-50.161,-28.495],[-50.149,-28.472],[-50.127,-28.438],[-50.116,-28.455],[-50.107,-28.473],[-50.075,-28.477],[-50.057,-28.476],[-50.023,-28.457],[-50.002,-28.457],[-49.98,-28.44],[-49.951,-28.45],[-49.929,-28.47],[-49.931,-28.453],[-49.898,-28.463],[-49.891,-28.441],[-49.855,-28.445],[-49.863,-28.462],[-49.866,-28.487],[-49.845,-28.493],[-49.816,-28.478],[-49.809,-28.468],[-49.79,-28.495],[-49.785,-28.488],[-49.768,-28.459],[-49.765,-28.499],[-49.74,-28.501],[-49.736,-28.513],[-49.748,-28.546],[-49.725,-28.569],[-49.708,-28.583],[-49.698,-28.606],[-49.704,-28.629],[-49.715,-28.624],[-49.756,-28.623],[-49.78,-28.63],[-49.795,-28.617],[-49.817,-28.64],[-49.818,-28.654],[-49.82,-28.661],[-49.84,-28.677],[-49.823,-28.688],[-49.841,-28.707],[-49.845,-28.707],[-49.86,-28.7],[-49.872,-28.722],[-49.888,-28.746],[-49.882,-28.72],[-49.902,-28.716],[-49.925,-28.718],[-49.921,-28.746],[-49.943,-28.757],[-49.951,-28.769],[-49.952,-28.784],[-49.954,-28.795],[-49.946,-28.806],[-49.963,-28.826],[-49.958,-28.852],[-49.954,-28.856],[-49.966,-28.873],[-49.938,-28.872],[-49.941,-28.88],[-49.948,-28.9],[-49.959,-28.914],[-49.943,-28.923],[-49.956,-28.94],[-49.92,-28.978],[-49.942,-28.983],[-49.946,-28.996],[-49.949,-29.021],[-49.938,-29.023],[-49.955,-29.035],[-49.958,-29.043],[-49.988,-29.075],[-49.968,-29.068],[-49.96,-29.07],[-49.962,-29.084],[-49.962,-29.1],[-49.969,-29.11],[-49.983,-29.117],[-49.986,-29.136],[-50.0,-29.132],[-50.005,-29.15],[-50.019,-29.154],[-50.025,-29.164],[-50.021,-29.178],[-50.042,-29.184],[-50.063,-29.183],[-50.079,-29.185],[-50.079,-29.175],[-50.092,-29.167],[-50.099,-29.163],[-50.097,-29.18],[-50.093,-29.195],[-50.093,-29.222],[-50.101,-29.225],[-50.116,-29.205],[-50.14,-29.193],[-50.133,-29.208],[-50.146,-29.223],[-50.147,-29.229],[-50.149,-29.241],[-50.15,-29.249],[-50.148,-29.283],[-50.142,-29.292],[-50.123,-29.281],[-50.106,-29.299],[-50.084,-29.316],[-50.072,-29.32],[-50.057,-29.327],[-50.049,-29.339],[-50.037,-29.345],[-50.092,-29.296],[-50.114,-29.259],[-50.073,-29.248],[-50.064,-29.245],[-50.038,-29.237],[-50.0,-29.227],[-49.962,-29.198],[-49.933,-29.203],[-49.913,-29.207],[-49.879,-29.221],[-49.857,-29.233],[-49.854,-29.245],[-49.847,-29.259],[-49.847,-29.273],[-49.811,-29.283],[-49.792,-29.285],[-49.767,-29.298],[-49.74,-29.306],[-49.73,-29.317],[-49.736,-29.325],[-49.723,-29.341],[-49.731,-29.358],[-49.753,-29.381],[-49.789,-29.427],[-49.905,-29.583],[-49.959,-29.667],[-50.008,-29.755],[-50.05,-29.835],[-50.075,-29.884],[-50.107,-29.953],[-50.117,-29.975],[-50.168,-30.097],[-50.196,-30.167],[-50.254,-30.311],[-50.258,-30.322],[-50.278,-30.376],[-50.308,-30.455],[-50.343,-30.516],[-50.367,-30.554],[-50.392,-30.587],[-50.479,-30.702],[-50.551,-30.809],[-50.638,-30.924],[-50.687,-30.99],[-50.848,-31.195],[-50.89,-31.238],[-50.965,-31.303],[-51.023,-31.349],[-51.059,-31.38],[-51.221,-31.536],[-51.458,-31.718],[-51.485,-31.734],[-51.534,-31.761],[-51.583,-31.788],[-51.619,-31.808],[-51.663,-31.829],[-51.819,-31.912],[-51.982,-32.047],[-52.04,-32.107],[-52.081,-32.157],[-52.085,-32.127],[-52.076,-32.112],[-52.054,-32.077],[-52.043,-32.049],[-52.042,-32.027],[-52.045,-32.001],[-52.048,-31.974],[-52.018,-31.964],[-52.026,-31.915],[-52.045,-31.903],[-52.061,-31.884],[-52.091,-31.857],[-52.091,-31.848],[-52.084,-31.828],[-52.048,-31.814],[-51.92,-31.863],[-51.864,-31.87],[-51.808,-31.838],[-51.81,-31.821],[-51.803,-31.815],[-51.796,-31.805],[-51.812,-31.817],[-51.855,-31.805],[-51.858,-31.799],[-51.743,-31.788],[-51.644,-31.752],[-51.596,-31.709],[-51.555,-31.659],[-51.543,-31.641],[-51.524,-31.61],[-51.506,-31.584],[-51.484,-31.565],[-51.469,-31.586],[-51.436,-31.624],[-51.462,-31.56],[-51.462,-31.544],[-51.442,-31.495],[-51.416,-31.49],[-51.408,-31.513],[-51.37,-31.529],[-51.341,-31.521],[-51.295,-31.495],[-51.273,-31.485],[-51.242,-31.462],[-51.2,-31.407],[-51.181,-31.367],[-51.162,-31.295],[-51.161,-31.212],[-51.173,-31.161],[-51.177,-31.085],[-51.143,-31.09],[-51.122,-31.096],[-51.099,-31.096],[-51.073,-31.078],[-51.048,-31.061],[-50.994,-31.048],[-50.969,-31.025],[-50.959,-31.01],[-50.952,-30.98],[-50.952,-30.954],[-50.966,-30.903],[-50.934,-30.904],[-50.911,-30.905],[-50.897,-30.899],[-50.823,-30.851],[-50.815,-30.839],[-50.776,-30.826],[-50.747,-30.811],[-50.736,-30.8],[-50.721,-30.776],[-50.703,-30.748],[-50.688,-30.695],[-50.683,-30.552],[-50.686,-30.5],[-50.699,-30.428],[-50.724,-30.383],[-50.717,-30.351],[-50.698,-30.35],[-50.677,-30.37],[-50.646,-30.395],[-50.641,-30.386],[-50.627,-30.39],[-50.637,-30.378],[-50.632,-30.358],[-50.626,-30.343],[-50.593,-30.4],[-50.611,-30.405],[-50.633,-30.406],[-50.648,-30.412],[-50.645,-30.456],[-50.604,-30.487],[-50.582,-30.49],[-50.574,-30.464],[-50.567,-30.449],[-50.563,-30.408],[-50.553,-30.37],[-50.545,-30.355],[-50.548,-30.328],[-50.543,-30.294],[-50.537,-30.273],[-50.557,-30.25],[-50.567,-30.244],[-50.58,-30.228],[-50.591,-30.206],[-50.606,-30.196],[-50.623,-30.199],[-50.658,-30.199],[-50.663,-30.224],[-50.667,-30.247],[-50.666,-30.26],[-50.662,-30.289],[-50.708,-30.297],[-50.73,-30.297],[-50.763,-30.291],[-50.788,-30.291],[-50.793,-30.321],[-50.781,-30.329],[-50.786,-30.336],[-50.803,-30.335],[-50.835,-30.323],[-50.858,-30.321],[-50.906,-30.323],[-50.937,-30.37],[-50.939,-30.394],[-50.931,-30.425],[-50.923,-30.437],[-50.959,-30.416],[-51.012,-30.389],[-51.042,-30.389],[-51.052,-30.383],[-51.042,-30.372],[-51.055,-30.357],[-51.055,-30.35],[-51.034,-30.336],[-51.04,-30.325],[-51.02,-30.3],[-51.042,-30.268],[-51.059,-30.276],[-51.067,-30.25],[-51.101,-30.245],[-51.109,-30.251],[-51.133,-30.257],[-51.158,-30.262],[-51.155,-30.24],[-51.179,-30.236],[-51.177,-30.219],[-51.196,-30.212],[-51.194,-30.199],[-51.224,-30.188],[-51.242,-30.182],[-51.226,-30.176],[-51.23,-30.161],[-51.228,-30.14],[-51.245,-30.127],[-51.258,-30.111],[-51.261,-30.096],[-51.242,-30.072],[-51.242,-30.043],[-51.255,-30.046],[-51.26,-30.038],[-51.271,-30.038],[-51.277,-30.01],[-51.29,-30.002],[-51.3,-30.034],[-51.301,-30.052],[-51.309,-30.063],[-51.308,-30.086],[-51.31,-30.104],[-51.311,-30.131],[-51.311,-30.137],[-51.323,-30.164],[-51.31,-30.176],[-51.317,-30.198],[-51.327,-30.223],[-51.319,-30.234],[-51.313,-30.239],[-51.298,-30.239],[-51.287,-30.25],[-51.287,-30.258],[-51.299,-30.283],[-51.27,-30.307],[-51.257,-30.305],[-51.248,-30.321],[-51.233,-30.31],[-51.21,-30.304],[-51.205,-30.345],[-51.191,-30.377],[-51.129,-30.359],[-51.097,-30.357],[-51.103,-30.376],[-51.12,-30.401],[-51.125,-30.424],[-51.135,-30.436],[-51.146,-30.421],[-51.162,-30.411],[-51.211,-30.414],[-51.247,-30.45],[-51.261,-30.473],[-51.292,-30.544],[-51.303,-30.588],[-51.293,-30.702],[-51.294,-30.737],[-51.306,-30.715],[-51.319,-30.679],[-51.317,-30.648],[-51.376,-30.64],[-51.392,-30.683],[-51.404,-30.777],[-51.369,-30.874],[-51.429,-30.875],[-51.445,-30.872],[-51.496,-30.915],[-51.493,-30.994],[-51.476,-31.043],[-51.451,-31.082],[-51.448,-31.091],[-51.488,-31.102],[-51.523,-31.109],[-51.554,-31.114],[-51.575,-31.129],[-51.607,-31.134],[-51.628,-31.152],[-51.642,-31.225],[-51.629,-31.261],[-51.616,-31.267],[-51.664,-31.271],[-51.688,-31.267],[-51.72,-31.269],[-51.737,-31.28],[-51.748,-31.278],[-51.767,-31.282],[-51.818,-31.291],[-51.833,-31.306],[-51.849,-31.326],[-51.86,-31.313],[-51.869,-31.294],[-51.882,-31.314],[-51.898,-31.314],[-51.919,-31.31],[-51.93,-31.328],[-51.932,-31.334],[-51.948,-31.339],[-51.96,-31.353],[-51.957,-31.372],[-51.967,-31.378],[-51.985,-31.394],[-51.995,-31.425],[-52.01,-31.5],[-52.013,-31.577],[-52.01,-31.614],[-52.032,-31.695],[-52.058,-31.679],[-52.045,-31.667],[-52.047,-31.653],[-52.039,-31.645],[-52.038,-31.636],[-52.052,-31.587],[-52.044,-31.574]]],[[[-53.419,-33.13],[-53.421,-33.131],[-53.42,-33.125],[-53.417,-33.118],[-53.413,-33.113],[-53.41,-33.108],[-53.406,-33.108],[-53.409,-33.113],[-53.413,-33.118],[-53.415,-33.123],[-53.419,-33.13]]]]},"properties":{"id":23,"name":"Rio Grande do Sul","sigla":"RS","regiao_id":"1","codigo_ibg":"43","cartodb_id":23,"created_at":"2015-02-09T16:46:01Z","updated_at":"2015-02-09T16:46:01Z"}},{"type":"Feature","geometry":{"type":"MultiPolygon","coordinates":[[[[-53.72,-26.56],[-53.734,-26.561],[-53.734,-26.547],[-53.725,-26.541],[-53.719,-26.526],[-53.728,-26.511],[-53.718,-26.507],[-53.709,-26.505],[-53.701,-26.49],[-53.695,-26.475],[-53.696,-26.46],[-53.703,-26.441],[-53.695,-26.445],[-53.687,-26.428],[-53.697,-26.416],[-53.696,-26.403],[-53.7,-26.387],[-53.698,-26.376],[-53.692,-26.361],[-53.69,-26.354],[-53.687,-26.346],[-53.676,-26.332],[-53.672,-26.325],[-53.661,-26.31],[-53.656,-26.297],[-53.647,-26.289],[-53.643,-26.274],[-53.643,-26.252],[-53.62,-26.257],[-53.586,-26.255],[-53.572,-26.275],[-53.551,-26.292],[-53.487,-26.297],[-53.461,-26.295],[-53.389,-26.25],[-53.378,-26.246],[-53.358,-26.249],[-53.348,-26.251],[-53.335,-26.253],[-53.314,-26.257],[-53.288,-26.25],[-53.276,-26.26],[-53.262,-26.288],[-53.252,-26.299],[-53.205,-26.329],[-53.184,-26.343],[-53.157,-26.348],[-53.135,-26.359],[-53.109,-26.376],[-53.09,-26.39],[-53.005,-26.356],[-52.95,-26.362],[-52.916,-26.355],[-52.871,-26.358],[-52.844,-26.345],[-52.783,-26.35],[-52.759,-26.353],[-52.737,-26.342],[-52.708,-26.355],[-52.647,-26.379],[-52.621,-26.395],[-52.601,-26.414],[-52.578,-26.408],[-52.555,-26.411],[-52.518,-26.404],[-52.468,-26.433],[-52.446,-26.439],[-52.403,-26.428],[-52.376,-26.44],[-52.353,-26.441],[-52.336,-26.442],[-52.284,-26.458],[-52.271,-26.459],[-52.242,-26.463],[-52.204,-26.459],[-52.157,-26.471],[-52.13,-26.474],[-52.105,-26.479],[-52.093,-26.512],[-52.078,-26.525],[-52.06,-26.53],[-52.032,-26.54],[-52.015,-26.557],[-51.985,-26.565],[-51.971,-26.567],[-51.946,-26.57],[-51.883,-26.587],[-51.855,-26.592],[-51.818,-26.58],[-51.785,-26.588],[-51.746,-26.578],[-51.655,-26.57],[-51.623,-26.589],[-51.587,-26.589],[-51.523,-26.589],[-51.49,-26.605],[-51.476,-26.619],[-51.454,-26.64],[-51.439,-26.667],[-51.411,-26.717],[-51.392,-26.685],[-51.381,-26.659],[-51.353,-26.652],[-51.326,-26.652],[-51.283,-26.653],[-51.277,-26.636],[-51.258,-26.625],[-51.237,-26.619],[-51.237,-26.604],[-51.227,-26.585],[-51.228,-26.562],[-51.24,-26.545],[-51.247,-26.538],[-51.256,-26.52],[-51.272,-26.504],[-51.261,-26.491],[-51.255,-26.472],[-51.264,-26.461],[-51.28,-26.454],[-51.291,-26.437],[-51.292,-26.404],[-51.276,-26.399],[-51.267,-26.383],[-51.256,-26.356],[-51.256,-26.342],[-51.243,-26.324],[-51.216,-26.313],[-51.193,-26.302],[-51.163,-26.287],[-51.143,-26.285],[-51.134,-26.279],[-51.101,-26.265],[-51.089,-26.246],[-51.069,-26.237],[-50.991,-26.235],[-50.97,-26.263],[-50.931,-26.268],[-50.935,-26.233],[-50.901,-26.288],[-50.88,-26.268],[-50.863,-26.242],[-50.832,-26.266],[-50.758,-26.221],[-50.745,-26.246],[-50.731,-26.203],[-50.678,-26.147],[-50.651,-26.117],[-50.641,-26.078],[-50.556,-26.059],[-50.555,-26.041],[-50.583,-26.048],[-50.571,-26.003],[-50.521,-26.03],[-50.502,-26.028],[-50.481,-26.03],[-50.477,-26.024],[-50.459,-26.036],[-50.443,-26.035],[-50.436,-26.056],[-50.408,-26.061],[-50.371,-26.08],[-50.367,-26.112],[-50.355,-26.118],[-50.328,-26.129],[-50.333,-26.122],[-50.332,-26.108],[-50.326,-26.096],[-50.32,-26.075],[-50.276,-26.051],[-50.252,-26.051],[-50.251,-26.03],[-50.224,-26.06],[-50.208,-26.061],[-50.182,-26.078],[-50.162,-26.054],[-50.164,-26.043],[-50.179,-26.028],[-50.142,-26.027],[-50.136,-26.045],[-50.119,-26.056],[-50.11,-26.059],[-50.081,-26.024],[-50.072,-26.035],[-50.044,-26.029],[-50.006,-26.045],[-50.011,-26.014],[-49.972,-26.017],[-49.972,-26.058],[-49.952,-26.018],[-49.938,-26.023],[-49.915,-26.025],[-49.895,-26.031],[-49.87,-26.043],[-49.84,-26.059],[-49.833,-26.067],[-49.83,-26.069],[-49.816,-26.094],[-49.804,-26.107],[-49.788,-26.108],[-49.773,-26.118],[-49.776,-26.101],[-49.75,-26.129],[-49.735,-26.142],[-49.727,-26.17],[-49.688,-26.176],[-49.68,-26.186],[-49.667,-26.188],[-49.653,-26.187],[-49.649,-26.208],[-49.636,-26.191],[-49.635,-26.208],[-49.614,-26.207],[-49.598,-26.221],[-49.58,-26.228],[-49.555,-26.237],[-49.545,-26.225],[-49.536,-26.226],[-49.529,-26.224],[-49.524,-26.222],[-49.503,-26.221],[-49.491,-26.21],[-49.493,-26.203],[-49.485,-26.184],[-49.459,-26.162],[-49.433,-26.17],[-49.417,-26.165],[-49.395,-26.151],[-49.372,-26.153],[-49.367,-26.144],[-49.36,-26.137],[-49.342,-26.129],[-49.304,-26.11],[-49.289,-26.102],[-49.295,-26.092],[-49.278,-26.082],[-49.275,-26.078],[-49.265,-26.072],[-49.256,-26.067],[-49.255,-26.056],[-49.238,-26.031],[-49.217,-26.024],[-49.207,-26.017],[-49.191,-26.008],[-49.175,-26.001],[-49.151,-26.009],[-49.141,-26.015],[-49.125,-25.996],[-49.099,-26.008],[-49.082,-26.005],[-49.069,-26.006],[-49.046,-26.019],[-49.022,-26.013],[-49.003,-26.011],[-48.988,-26.004],[-48.986,-26.0],[-48.962,-25.984],[-48.956,-25.993],[-48.884,-25.981],[-48.676,-25.977],[-48.663,-25.974],[-48.638,-25.964],[-48.633,-25.977],[-48.62,-25.978],[-48.61,-25.984],[-48.597,-25.977],[-48.603,-26.026],[-48.602,-26.07],[-48.58,-26.165],[-48.537,-26.17],[-48.523,-26.177],[-48.506,-26.225],[-48.494,-26.218],[-48.498,-26.233],[-48.532,-26.283],[-48.556,-26.335],[-48.566,-26.364],[-48.592,-26.406],[-48.597,-26.427],[-48.596,-26.45],[-48.611,-26.475],[-48.632,-26.51],[-48.657,-26.565],[-48.666,-26.586],[-48.676,-26.613],[-48.68,-26.633],[-48.687,-26.675],[-48.679,-26.702],[-48.679,-26.73],[-48.671,-26.762],[-48.651,-26.77],[-48.626,-26.784],[-48.603,-26.783],[-48.585,-26.783],[-48.595,-26.801],[-48.601,-26.822],[-48.628,-26.835],[-48.638,-26.869],[-48.641,-26.892],[-48.64,-26.92],[-48.627,-26.937],[-48.623,-26.961],[-48.633,-26.972],[-48.628,-26.988],[-48.61,-27.004],[-48.589,-26.997],[-48.579,-27.004],[-48.573,-27.017],[-48.581,-27.041],[-48.586,-27.052],[-48.592,-27.061],[-48.591,-27.08],[-48.599,-27.092],[-48.608,-27.093],[-48.607,-27.112],[-48.597,-27.131],[-48.562,-27.154],[-48.542,-27.153],[-48.535,-27.146],[-48.526,-27.126],[-48.515,-27.122],[-48.511,-27.13],[-48.484,-27.149],[-48.477,-27.141],[-48.483,-27.155],[-48.496,-27.166],[-48.495,-27.199],[-48.477,-27.201],[-48.498,-27.217],[-48.514,-27.219],[-48.506,-27.209],[-48.514,-27.185],[-48.552,-27.193],[-48.565,-27.2],[-48.583,-27.21],[-48.603,-27.219],[-48.616,-27.251],[-48.615,-27.274],[-48.606,-27.3],[-48.585,-27.32],[-48.57,-27.309],[-48.564,-27.313],[-48.554,-27.311],[-48.543,-27.297],[-48.538,-27.324],[-48.526,-27.343],[-48.533,-27.351],[-48.536,-27.359],[-48.535,-27.381],[-48.542,-27.369],[-48.56,-27.377],[-48.563,-27.402],[-48.567,-27.408],[-48.564,-27.42],[-48.579,-27.433],[-48.594,-27.425],[-48.627,-27.44],[-48.632,-27.45],[-48.639,-27.469],[-48.647,-27.483],[-48.631,-27.522],[-48.622,-27.537],[-48.612,-27.547],[-48.607,-27.566],[-48.594,-27.574],[-48.578,-27.585],[-48.575,-27.602],[-48.584,-27.614],[-48.598,-27.61],[-48.6,-27.602],[-48.625,-27.613],[-48.629,-27.629],[-48.635,-27.641],[-48.622,-27.657],[-48.597,-27.709],[-48.595,-27.738],[-48.593,-27.768],[-48.579,-27.818],[-48.58,-27.853],[-48.597,-27.853],[-48.601,-27.871],[-48.587,-27.881],[-48.574,-27.88],[-48.578,-27.897],[-48.59,-27.908],[-48.607,-27.925],[-48.619,-27.944],[-48.624,-27.972],[-48.63,-28.001],[-48.623,-28.017],[-48.609,-28.016],[-48.602,-28.034],[-48.608,-28.047],[-48.617,-28.066],[-48.627,-28.075],[-48.633,-28.095],[-48.631,-28.108],[-48.635,-28.114],[-48.638,-28.122],[-48.636,-28.139],[-48.653,-28.155],[-48.662,-28.19],[-48.66,-28.197],[-48.667,-28.215],[-48.661,-28.23],[-48.646,-28.233],[-48.682,-28.266],[-48.702,-28.301],[-48.705,-28.336],[-48.712,-28.346],[-48.747,-28.413],[-48.744,-28.426],[-48.755,-28.438],[-48.766,-28.468],[-48.752,-28.494],[-48.743,-28.508],[-48.755,-28.527],[-48.775,-28.545],[-48.783,-28.569],[-48.81,-28.585],[-48.809,-28.605],[-48.834,-28.612],[-48.855,-28.615],[-49.107,-28.751],[-49.215,-28.824],[-49.312,-28.901],[-49.348,-28.932],[-49.424,-28.999],[-49.482,-29.06],[-49.501,-29.08],[-49.538,-29.12],[-49.71,-29.324],[-49.736,-29.325],[-49.73,-29.317],[-49.74,-29.306],[-49.767,-29.298],[-49.792,-29.285],[-49.811,-29.283],[-49.847,-29.273],[-49.847,-29.259],[-49.854,-29.245],[-49.857,-29.233],[-49.879,-29.221],[-49.913,-29.207],[-49.933,-29.203],[-49.962,-29.198],[-50.0,-29.227],[-50.038,-29.237],[-50.064,-29.245],[-50.073,-29.248],[-50.114,-29.259],[-50.092,-29.296],[-50.037,-29.345],[-50.049,-29.339],[-50.057,-29.327],[-50.072,-29.32],[-50.084,-29.316],[-50.106,-29.299],[-50.123,-29.281],[-50.142,-29.292],[-50.148,-29.283],[-50.15,-29.249],[-50.149,-29.241],[-50.147,-29.229],[-50.146,-29.223],[-50.133,-29.208],[-50.14,-29.193],[-50.116,-29.205],[-50.101,-29.225],[-50.093,-29.222],[-50.088,-29.222],[-50.092,-29.199],[-50.09,-29.181],[-50.098,-29.172],[-50.079,-29.156],[-50.088,-29.175],[-50.086,-29.178],[-50.067,-29.181],[-50.056,-29.183],[-50.03,-29.18],[-50.028,-29.171],[-50.019,-29.166],[-50.009,-29.157],[-50.005,-29.134],[-49.99,-29.128],[-49.988,-29.122],[-49.982,-29.12],[-49.964,-29.114],[-49.969,-29.101],[-49.967,-29.095],[-49.954,-29.076],[-49.948,-29.069],[-49.946,-29.055],[-49.964,-29.064],[-49.985,-29.071],[-49.959,-29.049],[-49.954,-29.037],[-49.947,-29.027],[-49.949,-29.021],[-49.951,-28.999],[-49.941,-29.0],[-49.935,-28.984],[-49.956,-28.961],[-49.948,-28.926],[-49.965,-28.922],[-49.951,-28.903],[-49.942,-28.885],[-49.929,-28.871],[-49.953,-28.87],[-49.954,-28.858],[-49.954,-28.851],[-49.955,-28.826],[-49.955,-28.802],[-49.953,-28.798],[-49.952,-28.784],[-49.956,-28.771],[-49.946,-28.756],[-49.928,-28.751],[-49.935,-28.728],[-49.905,-28.713],[-49.884,-28.718],[-49.887,-28.74],[-49.869,-28.723],[-49.872,-28.704],[-49.846,-28.705],[-49.836,-28.709],[-49.821,-28.693],[-49.835,-28.679],[-49.822,-28.661],[-49.817,-28.654],[-49.814,-28.649],[-49.802,-28.629],[-49.781,-28.628],[-49.758,-28.615],[-49.728,-28.623],[-49.708,-28.63],[-49.691,-28.618],[-49.71,-28.589],[-49.719,-28.576],[-49.738,-28.549],[-49.728,-28.518],[-49.745,-28.505],[-49.762,-28.502],[-49.765,-28.46],[-49.778,-28.475],[-49.783,-28.496],[-49.807,-28.473],[-49.816,-28.471],[-49.839,-28.496],[-49.854,-28.485],[-49.863,-28.471],[-49.875,-28.453],[-49.883,-28.447],[-49.888,-28.458],[-49.927,-28.451],[-49.93,-28.466],[-49.95,-28.466],[-49.971,-28.439],[-49.987,-28.455],[-50.018,-28.452],[-50.036,-28.477],[-50.072,-28.479],[-50.1,-28.485],[-50.119,-28.457],[-50.13,-28.431],[-50.159,-28.46],[-50.157,-28.497],[-50.176,-28.452],[-50.2,-28.444],[-50.234,-28.458],[-50.263,-28.444],[-50.292,-28.451],[-50.339,-28.44],[-50.351,-28.455],[-50.37,-28.424],[-50.394,-28.436],[-50.433,-28.431],[-50.47,-28.414],[-50.531,-28.407],[-50.544,-28.427],[-50.58,-28.39],[-50.611,-28.393],[-50.628,-28.364],[-50.659,-28.323],[-50.694,-28.288],[-50.698,-28.266],[-50.755,-28.216],[-50.772,-28.195],[-50.784,-28.18],[-50.789,-28.152],[-50.818,-28.14],[-50.851,-28.132],[-50.871,-28.116],[-50.89,-28.089],[-50.894,-28.075],[-50.877,-28.041],[-50.92,-28.002],[-50.924,-27.98],[-50.972,-27.956],[-50.992,-27.945],[-51.01,-27.963],[-51.055,-27.886],[-51.065,-27.867],[-51.077,-27.841],[-51.124,-27.832],[-51.133,-27.806],[-51.198,-27.777],[-51.223,-27.771],[-51.246,-27.761],[-51.273,-27.733],[-51.307,-27.719],[-51.306,-27.708],[-51.324,-27.672],[-51.369,-27.672],[-51.386,-27.623],[-51.432,-27.655],[-51.457,-27.606],[-51.476,-27.59],[-51.513,-27.558],[-51.554,-27.563],[-51.569,-27.584],[-51.58,-27.524],[-51.622,-27.546],[-51.621,-27.495],[-51.642,-27.492],[-51.669,-27.514],[-51.675,-27.487],[-51.716,-27.509],[-51.798,-27.491],[-51.785,-27.521],[-51.804,-27.524],[-51.847,-27.525],[-51.843,-27.483],[-51.876,-27.483],[-51.889,-27.52],[-51.9,-27.464],[-51.955,-27.474],[-51.938,-27.443],[-51.955,-27.414],[-52.007,-27.402],[-51.958,-27.394],[-51.958,-27.376],[-52.02,-27.362],[-52.009,-27.334],[-52.048,-27.344],[-52.106,-27.341],[-52.15,-27.311],[-52.165,-27.307],[-52.184,-27.283],[-52.213,-27.33],[-52.25,-27.304],[-52.263,-27.282],[-52.249,-27.259],[-52.293,-27.257],[-52.292,-27.306],[-52.329,-27.3],[-52.365,-27.303],[-52.381,-27.259],[-52.395,-27.292],[-52.441,-27.254],[-52.432,-27.222],[-52.478,-27.235],[-52.497,-27.263],[-52.549,-27.238],[-52.59,-27.248],[-52.645,-27.26],[-52.676,-27.246],[-52.691,-27.283],[-52.706,-27.272],[-52.721,-27.235],[-52.754,-27.257],[-52.786,-27.205],[-52.822,-27.204],[-52.845,-27.193],[-52.862,-27.169],[-52.925,-27.202],[-52.938,-27.171],[-52.97,-27.216],[-53.0,-27.206],[-52.983,-27.164],[-52.993,-27.138],[-53.038,-27.154],[-53.024,-27.105],[-53.028,-27.08],[-53.076,-27.103],[-53.071,-27.147],[-53.133,-27.178],[-53.158,-27.138],[-53.177,-27.179],[-53.196,-27.191],[-53.242,-27.17],[-53.309,-27.217],[-53.318,-27.195],[-53.293,-27.139],[-53.342,-27.119],[-53.363,-27.094],[-53.393,-27.112],[-53.457,-27.156],[-53.494,-27.133],[-53.489,-27.182],[-53.509,-27.203],[-53.563,-27.173],[-53.611,-27.186],[-53.635,-27.219],[-53.647,-27.193],[-53.666,-27.162],[-53.714,-27.18],[-53.736,-27.191],[-53.764,-27.154],[-53.81,-27.173],[-53.834,-27.169],[-53.826,-27.146],[-53.798,-27.138],[-53.824,-27.131],[-53.806,-27.125],[-53.818,-27.102],[-53.803,-27.106],[-53.786,-27.106],[-53.799,-27.085],[-53.797,-27.066],[-53.787,-27.074],[-53.775,-27.07],[-53.797,-27.056],[-53.788,-27.046],[-53.771,-27.064],[-53.767,-27.055],[-53.781,-27.032],[-53.77,-27.036],[-53.758,-27.034],[-53.749,-27.022],[-53.753,-27.006],[-53.732,-27.005],[-53.736,-26.993],[-53.724,-26.993],[-53.72,-26.982],[-53.735,-26.974],[-53.726,-26.962],[-53.715,-26.962],[-53.7,-26.952],[-53.708,-26.937],[-53.685,-26.942],[-53.67,-26.941],[-53.695,-26.928],[-53.672,-26.912],[-53.671,-26.893],[-53.693,-26.886],[-53.69,-26.864],[-53.68,-26.86],[-53.669,-26.853],[-53.685,-26.844],[-53.688,-26.837],[-53.697,-26.826],[-53.697,-26.813],[-53.707,-26.797],[-53.713,-26.787],[-53.706,-26.774],[-53.71,-26.767],[-53.729,-26.773],[-53.73,-26.765],[-53.722,-26.744],[-53.735,-26.74],[-53.745,-26.734],[-53.754,-26.714],[-53.74,-26.717],[-53.732,-26.709],[-53.734,-26.697],[-53.735,-26.684],[-53.728,-26.691],[-53.729,-26.676],[-53.72,-26.652],[-53.732,-26.652],[-53.755,-26.642],[-53.741,-26.641],[-53.733,-26.627],[-53.73,-26.616],[-53.729,-26.601],[-53.723,-26.583],[-53.706,-26.559],[-53.72,-26.56]]],[[[-48.41,-27.389],[-48.399,-27.425],[-48.379,-27.441],[-48.365,-27.433],[-48.359,-27.448],[-48.372,-27.459],[-48.386,-27.487],[-48.413,-27.521],[-48.426,-27.549],[-48.426,-27.569],[-48.418,-27.573],[-48.427,-27.594],[-48.432,-27.617],[-48.445,-27.625],[-48.449,-27.63],[-48.475,-27.666],[-48.482,-27.692],[-48.503,-27.724],[-48.495,-27.756],[-48.48,-27.76],[-48.482,-27.769],[-48.488,-27.79],[-48.507,-27.783],[-48.526,-27.786],[-48.533,-27.797],[-48.559,-27.839],[-48.565,-27.821],[-48.566,-27.8],[-48.574,-27.778],[-48.576,-27.765],[-48.559,-27.745],[-48.563,-27.722],[-48.553,-27.702],[-48.562,-27.696],[-48.566,-27.679],[-48.563,-27.665],[-48.545,-27.646],[-48.528,-27.649],[-48.528,-27.614],[-48.55,-27.612],[-48.559,-27.599],[-48.545,-27.583],[-48.533,-27.571],[-48.52,-27.565],[-48.511,-27.552],[-48.53,-27.539],[-48.523,-27.523],[-48.523,-27.504],[-48.53,-27.491],[-48.539,-27.478],[-48.528,-27.47],[-48.52,-27.462],[-48.536,-27.451],[-48.526,-27.444],[-48.519,-27.429],[-48.479,-27.433],[-48.448,-27.426],[-48.426,-27.404],[-48.431,-27.388],[-48.41,-27.384],[-48.41,-27.389]]]]},"properties":{"id":24,"name":"Santa Catarina","sigla":"SC","regiao_id":"1","codigo_ibg":"42","cartodb_id":24,"created_at":"2015-02-09T16:46:01Z","updated_at":"2015-02-09T16:46:01Z"}},{"type":"Feature","geometry":{"type":"MultiPolygon","coordinates":[[[[-37.96,-9.533],[-37.886,-9.55],[-37.825,-9.592],[-37.807,-9.61],[-37.785,-9.638],[-37.752,-9.627],[-37.699,-9.638],[-37.666,-9.666],[-37.581,-9.734],[-37.466,-9.749],[-37.365,-9.786],[-37.345,-9.797],[-37.285,-9.831],[-37.237,-9.894],[-37.153,-9.9],[-37.043,-9.987],[-37.001,-9.976],[-36.961,-10.006],[-36.958,-10.036],[-36.947,-10.083],[-36.941,-10.095],[-36.921,-10.127],[-36.892,-10.142],[-36.865,-10.158],[-36.846,-10.179],[-36.833,-10.204],[-36.751,-10.241],[-36.749,-10.249],[-36.703,-10.27],[-36.658,-10.265],[-36.623,-10.258],[-36.583,-10.307],[-36.567,-10.365],[-36.551,-10.425],[-36.511,-10.421],[-36.511,-10.432],[-36.463,-10.406],[-36.431,-10.424],[-36.393,-10.498],[-36.406,-10.517],[-36.435,-10.521],[-36.461,-10.528],[-36.492,-10.536],[-36.528,-10.55],[-36.579,-10.57],[-36.62,-10.589],[-36.658,-10.617],[-36.704,-10.643],[-36.752,-10.668],[-36.807,-10.704],[-36.849,-10.739],[-36.875,-10.766],[-36.937,-10.831],[-36.957,-10.856],[-36.99,-10.898],[-37.026,-10.949],[-37.066,-11.012],[-37.073,-11.023],[-37.089,-11.045],[-37.108,-11.072],[-37.131,-11.105],[-37.157,-11.157],[-37.162,-11.173],[-37.21,-11.226],[-37.264,-11.295],[-37.293,-11.345],[-37.305,-11.382],[-37.316,-11.418],[-37.339,-11.444],[-37.371,-11.455],[-37.441,-11.514],[-37.462,-11.521],[-37.515,-11.538],[-37.562,-11.543],[-37.578,-11.551],[-37.588,-11.528],[-37.609,-11.536],[-37.628,-11.529],[-37.648,-11.52],[-37.664,-11.533],[-37.67,-11.564],[-37.7,-11.562],[-37.71,-11.55],[-37.729,-11.542],[-37.752,-11.533],[-37.773,-11.526],[-37.795,-11.518],[-37.809,-11.496],[-37.833,-11.482],[-37.863,-11.465],[-37.851,-11.449],[-37.868,-11.442],[-37.88,-11.433],[-37.876,-11.424],[-37.893,-11.433],[-37.903,-11.422],[-37.916,-11.404],[-37.935,-11.415],[-37.949,-11.413],[-37.952,-11.395],[-37.965,-11.393],[-37.981,-11.385],[-37.969,-11.374],[-37.987,-11.342],[-37.998,-11.335],[-37.988,-11.331],[-37.991,-11.321],[-38.003,-11.289],[-37.986,-11.269],[-37.984,-11.251],[-37.993,-11.24],[-37.989,-11.23],[-37.977,-11.215],[-37.974,-11.195],[-38.0,-11.194],[-38.028,-11.176],[-38.063,-11.163],[-38.073,-11.139],[-38.084,-11.116],[-38.089,-11.093],[-38.086,-11.062],[-38.094,-11.048],[-38.105,-11.04],[-38.106,-11.015],[-38.13,-11.014],[-38.148,-10.999],[-38.183,-10.967],[-38.2,-10.938],[-38.211,-10.926],[-38.231,-10.906],[-38.241,-10.863],[-38.239,-10.827],[-38.241,-10.8],[-38.221,-10.777],[-38.217,-10.721],[-38.198,-10.706],[-38.164,-10.71],[-38.141,-10.718],[-38.106,-10.71],[-38.085,-10.705],[-38.052,-10.71],[-38.019,-10.763],[-37.845,-10.702],[-37.831,-10.579],[-37.839,-10.556],[-37.828,-10.547],[-37.824,-10.538],[-37.813,-10.508],[-37.821,-10.484],[-37.852,-10.421],[-37.844,-10.403],[-37.84,-10.389],[-37.83,-10.375],[-37.81,-10.366],[-37.784,-10.346],[-37.741,-10.317],[-37.78,-10.187],[-37.775,-10.14],[-37.821,-10.057],[-37.831,-10.001],[-37.918,-9.974],[-37.951,-9.971],[-37.988,-9.921],[-37.988,-9.894],[-37.979,-9.863],[-37.976,-9.842],[-37.966,-9.816],[-38.018,-9.783],[-38.038,-9.749],[-38.033,-9.685],[-38.021,-9.666],[-37.987,-9.647],[-38.008,-9.635],[-38.016,-9.627],[-38.038,-9.607],[-38.04,-9.573],[-38.025,-9.567],[-38.021,-9.549],[-38.003,-9.515],[-37.96,-9.533]]]]},"properties":{"id":25,"name":"Sergipe","sigla":"SE","regiao_id":"4","codigo_ibg":"28","cartodb_id":25,"created_at":"2015-02-09T16:46:01Z","updated_at":"2015-02-09T16:46:01Z"}},{"type":"Feature","geometry":{"type":"MultiPolygon","coordinates":[[[[-46.138,-23.859],[-46.124,-23.859],[-46.139,-23.879],[-46.146,-23.894],[-46.156,-23.908],[-46.179,-23.924],[-46.168,-23.937],[-46.178,-23.959],[-46.187,-23.972],[-46.2,-23.994],[-46.202,-23.991],[-46.257,-23.999],[-46.263,-24.014],[-46.278,-24.021],[-46.28,-24.039],[-46.284,-24.027],[-46.294,-24.016],[-46.311,-24.023],[-46.318,-24.024],[-46.322,-24.003],[-46.308,-23.993],[-46.318,-23.977],[-46.345,-23.968],[-46.367,-23.971],[-46.372,-23.979],[-46.384,-23.97],[-46.376,-23.983],[-46.392,-23.996],[-46.391,-24.011],[-46.399,-24.033],[-46.402,-24.017],[-46.43,-24.017],[-46.498,-24.04],[-46.783,-24.184],[-46.796,-24.193],[-46.811,-24.202],[-46.881,-24.242],[-46.94,-24.28],[-47.003,-24.336],[-47.0,-24.355],[-47.018,-24.375],[-47.009,-24.395],[-47.009,-24.408],[-47.019,-24.413],[-47.047,-24.429],[-47.091,-24.457],[-47.151,-24.497],[-47.186,-24.524],[-47.191,-24.535],[-47.213,-24.547],[-47.225,-24.565],[-47.241,-24.573],[-47.287,-24.597],[-47.299,-24.604],[-47.397,-24.662],[-47.401,-24.667],[-47.46,-24.705],[-47.537,-24.741],[-47.561,-24.757],[-47.623,-24.797],[-47.649,-24.816],[-47.673,-24.835],[-47.772,-24.913],[-47.873,-25.012],[-47.884,-25.033],[-47.898,-25.053],[-47.902,-25.08],[-47.898,-25.097],[-47.905,-25.115],[-47.916,-25.154],[-47.918,-25.16],[-47.943,-25.173],[-47.971,-25.199],[-48.0,-25.221],[-48.042,-25.256],[-48.096,-25.309],[-48.098,-25.299],[-48.037,-25.243],[-48.027,-25.228],[-48.041,-25.22],[-48.054,-25.221],[-48.057,-25.233],[-48.075,-25.24],[-48.089,-25.241],[-48.107,-25.246],[-48.162,-25.209],[-48.193,-25.189],[-48.168,-25.159],[-48.156,-25.144],[-48.181,-25.129],[-48.194,-25.109],[-48.212,-25.085],[-48.216,-25.076],[-48.21,-25.036],[-48.231,-25.02],[-48.228,-25.007],[-48.231,-25.0],[-48.245,-24.989],[-48.259,-24.997],[-48.277,-25.019],[-48.292,-25.024],[-48.315,-25.048],[-48.326,-25.054],[-48.336,-25.039],[-48.339,-25.036],[-48.354,-25.019],[-48.379,-24.995],[-48.418,-24.989],[-48.484,-25.04],[-48.498,-25.059],[-48.521,-25.085],[-48.542,-25.093],[-48.559,-25.075],[-48.571,-25.051],[-48.584,-25.032],[-48.589,-25.019],[-48.589,-24.994],[-48.577,-24.984],[-48.572,-24.954],[-48.562,-24.939],[-48.567,-24.903],[-48.563,-24.894],[-48.559,-24.889],[-48.546,-24.873],[-48.566,-24.863],[-48.558,-24.825],[-48.555,-24.806],[-48.516,-24.78],[-48.511,-24.763],[-48.503,-24.74],[-48.511,-24.74],[-48.529,-24.731],[-48.538,-24.727],[-48.547,-24.717],[-48.555,-24.71],[-48.568,-24.695],[-48.581,-24.671],[-48.602,-24.669],[-48.616,-24.668],[-48.633,-24.677],[-48.658,-24.692],[-48.671,-24.698],[-48.674,-24.684],[-48.694,-24.67],[-48.693,-24.69],[-48.732,-24.685],[-48.753,-24.694],[-48.765,-24.69],[-48.799,-24.675],[-48.824,-24.656],[-48.843,-24.662],[-48.848,-24.672],[-48.902,-24.67],[-48.915,-24.682],[-48.948,-24.676],[-48.964,-24.673],[-48.978,-24.665],[-48.995,-24.656],[-49.005,-24.639],[-49.033,-24.634],[-49.034,-24.649],[-49.045,-24.666],[-49.072,-24.678],[-49.087,-24.68],[-49.108,-24.676],[-49.129,-24.681],[-49.169,-24.675],[-49.194,-24.683],[-49.206,-24.698],[-49.262,-24.691],[-49.305,-24.668],[-49.301,-24.649],[-49.306,-24.642],[-49.307,-24.621],[-49.311,-24.602],[-49.312,-24.586],[-49.317,-24.566],[-49.305,-24.546],[-49.281,-24.537],[-49.295,-24.501],[-49.271,-24.483],[-49.248,-24.464],[-49.249,-24.456],[-49.252,-24.434],[-49.235,-24.411],[-49.243,-24.402],[-49.241,-24.385],[-49.215,-24.339],[-49.25,-24.319],[-49.29,-24.295],[-49.298,-24.287],[-49.298,-24.268],[-49.307,-24.257],[-49.319,-24.243],[-49.35,-24.22],[-49.345,-24.194],[-49.338,-24.155],[-49.341,-24.138],[-49.37,-24.114],[-49.387,-24.116],[-49.405,-24.103],[-49.417,-24.091],[-49.434,-24.075],[-49.438,-24.068],[-49.453,-24.053],[-49.472,-24.027],[-49.479,-24.019],[-49.49,-24.018],[-49.483,-24.011],[-49.492,-23.993],[-49.493,-23.977],[-49.516,-23.969],[-49.505,-23.954],[-49.521,-23.946],[-49.508,-23.933],[-49.523,-23.917],[-49.546,-23.923],[-49.554,-23.915],[-49.569,-23.9],[-49.573,-23.877],[-49.593,-23.873],[-49.599,-23.857],[-49.598,-23.849],[-49.608,-23.839],[-49.592,-23.836],[-49.578,-23.827],[-49.56,-23.809],[-49.565,-23.78],[-49.56,-23.761],[-49.564,-23.732],[-49.554,-23.723],[-49.557,-23.691],[-49.561,-23.685],[-49.574,-23.676],[-49.583,-23.67],[-49.585,-23.658],[-49.611,-23.641],[-49.606,-23.625],[-49.614,-23.614],[-49.619,-23.602],[-49.601,-23.575],[-49.599,-23.553],[-49.6,-23.535],[-49.629,-23.512],[-49.617,-23.501],[-49.607,-23.476],[-49.602,-23.47],[-49.595,-23.44],[-49.573,-23.443],[-49.58,-23.431],[-49.594,-23.406],[-49.598,-23.399],[-49.605,-23.384],[-49.595,-23.375],[-49.633,-23.356],[-49.629,-23.343],[-49.626,-23.312],[-49.64,-23.256],[-49.648,-23.238],[-49.674,-23.178],[-49.678,-23.165],[-49.701,-23.153],[-49.734,-23.132],[-49.741,-23.099],[-49.762,-23.105],[-49.795,-23.094],[-49.809,-23.086],[-49.82,-23.076],[-49.85,-23.073],[-49.881,-23.06],[-49.911,-23.051],[-49.904,-23.01],[-49.93,-22.983],[-49.974,-22.954],[-49.963,-22.923],[-49.994,-22.913],[-50.017,-22.91],[-50.046,-22.902],[-50.08,-22.921],[-50.113,-22.938],[-50.158,-22.941],[-50.203,-22.952],[-50.234,-22.953],[-50.246,-22.938],[-50.289,-22.937],[-50.31,-22.947],[-50.345,-22.934],[-50.38,-22.904],[-50.418,-22.915],[-50.446,-22.941],[-50.487,-22.937],[-50.52,-22.94],[-50.541,-22.912],[-50.608,-22.923],[-50.648,-22.897],[-50.729,-22.962],[-50.758,-22.947],[-50.803,-22.943],[-50.792,-22.894],[-50.822,-22.867],[-50.833,-22.858],[-50.926,-22.799],[-50.976,-22.783],[-51.057,-22.766],[-51.175,-22.738],[-51.235,-22.708],[-51.281,-22.666],[-51.322,-22.67],[-51.386,-22.665],[-51.446,-22.653],[-51.525,-22.686],[-51.59,-22.685],[-51.659,-22.657],[-51.682,-22.661],[-51.725,-22.661],[-51.747,-22.623],[-51.847,-22.632],[-51.885,-22.616],[-51.94,-22.567],[-52.029,-22.539],[-52.051,-22.538],[-52.089,-22.521],[-52.11,-22.517],[-52.15,-22.559],[-52.161,-22.601],[-52.197,-22.658],[-52.228,-22.665],[-52.25,-22.615],[-52.304,-22.636],[-52.435,-22.607],[-52.483,-22.627],[-52.52,-22.621],[-52.54,-22.613],[-52.603,-22.571],[-52.722,-22.626],[-52.782,-22.602],[-52.866,-22.603],[-52.924,-22.565],[-53.012,-22.598],[-53.053,-22.63],[-53.105,-22.621],[-53.081,-22.558],[-53.004,-22.503],[-52.857,-22.441],[-52.798,-22.378],[-52.695,-22.314],[-52.601,-22.271],[-52.503,-22.225],[-52.479,-22.2],[-52.391,-22.115],[-52.313,-21.962],[-52.263,-21.912],[-52.19,-21.846],[-52.175,-21.798],[-52.102,-21.745],[-52.049,-21.661],[-52.062,-21.62],[-52.103,-21.559],[-52.057,-21.503],[-51.95,-21.472],[-51.919,-21.422],[-51.864,-21.344],[-51.851,-21.263],[-51.875,-21.181],[-51.865,-21.13],[-51.812,-21.117],[-51.772,-21.048],[-51.713,-20.971],[-51.618,-20.932],[-51.63,-20.851],[-51.627,-20.784],[-51.628,-20.725],[-51.576,-20.625],[-51.5,-20.568],[-51.456,-20.492],[-51.411,-20.46],[-51.375,-20.396],[-51.35,-20.363],[-51.308,-20.334],[-51.159,-20.304],[-51.069,-20.25],[-51.048,-20.198],[-51.04,-20.177],[-50.997,-20.08],[-50.945,-20.029],[-50.911,-20.003],[-50.886,-19.989],[-50.853,-19.971],[-50.803,-19.948],[-50.725,-19.926],[-50.616,-19.861],[-50.586,-19.826],[-50.547,-19.81],[-50.508,-19.796],[-50.471,-19.779],[-50.368,-19.849],[-50.352,-19.864],[-50.285,-19.867],[-50.2,-19.867],[-50.102,-19.875],[-50.043,-19.916],[-49.891,-19.943],[-49.835,-19.933],[-49.787,-19.926],[-49.641,-19.931],[-49.57,-19.91],[-49.524,-19.911],[-49.458,-19.976],[-49.356,-19.986],[-49.314,-19.966],[-49.258,-19.965],[-49.247,-19.982],[-49.269,-20.006],[-49.307,-20.073],[-49.266,-20.227],[-49.259,-20.258],[-49.217,-20.303],[-49.13,-20.28],[-49.089,-20.211],[-49.059,-20.151],[-48.992,-20.165],[-48.961,-20.263],[-48.965,-20.398],[-48.886,-20.436],[-48.867,-20.398],[-48.875,-20.315],[-48.872,-20.241],[-48.855,-20.205],[-48.844,-20.173],[-48.732,-20.15],[-48.685,-20.162],[-48.646,-20.166],[-48.588,-20.135],[-48.537,-20.133],[-48.458,-20.128],[-48.376,-20.122],[-48.345,-20.117],[-48.295,-20.124],[-48.268,-20.142],[-48.219,-20.115],[-48.253,-20.077],[-48.225,-20.029],[-48.203,-20.045],[-48.165,-20.103],[-48.122,-20.135],[-48.049,-20.137],[-48.019,-20.12],[-47.987,-20.04],[-47.976,-20.035],[-47.934,-20.107],[-47.878,-20.103],[-47.86,-20.053],[-47.873,-20.036],[-47.851,-19.99],[-47.773,-19.985],[-47.723,-19.983],[-47.674,-20.011],[-47.626,-20.043],[-47.594,-20.025],[-47.554,-19.996],[-47.508,-19.982],[-47.489,-19.97],[-47.47,-19.963],[-47.444,-19.992],[-47.438,-20.026],[-47.414,-20.068],[-47.358,-20.104],[-47.309,-20.124],[-47.257,-20.166],[-47.244,-20.255],[-47.254,-20.266],[-47.281,-20.312],[-47.285,-20.332],[-47.298,-20.348],[-47.294,-20.38],[-47.293,-20.385],[-47.285,-20.405],[-47.293,-20.418],[-47.295,-20.426],[-47.287,-20.435],[-47.269,-20.466],[-47.253,-20.477],[-47.202,-20.503],[-47.148,-20.529],[-47.137,-20.561],[-47.122,-20.594],[-47.11,-20.627],[-47.097,-20.644],[-47.102,-20.673],[-47.113,-20.699],[-47.151,-20.706],[-47.169,-20.717],[-47.182,-20.741],[-47.207,-20.775],[-47.224,-20.8],[-47.24,-20.885],[-47.206,-20.924],[-47.182,-20.953],[-47.164,-20.966],[-47.143,-20.982],[-47.151,-21.01],[-47.153,-21.025],[-47.139,-21.069],[-47.137,-21.088],[-47.112,-21.108],[-47.133,-21.133],[-47.118,-21.175],[-47.098,-21.213],[-47.065,-21.207],[-47.072,-21.225],[-47.06,-21.24],[-47.039,-21.28],[-47.029,-21.299],[-47.028,-21.313],[-47.021,-21.332],[-47.009,-21.37],[-47.009,-21.393],[-47.01,-21.413],[-46.992,-21.425],[-46.976,-21.422],[-46.97,-21.422],[-46.956,-21.424],[-46.934,-21.425],[-46.92,-21.427],[-46.908,-21.421],[-46.893,-21.415],[-46.868,-21.403],[-46.858,-21.394],[-46.842,-21.389],[-46.832,-21.367],[-46.788,-21.37],[-46.781,-21.37],[-46.758,-21.364],[-46.737,-21.392],[-46.717,-21.391],[-46.693,-21.39],[-46.673,-21.374],[-46.646,-21.366],[-46.647,-21.392],[-46.637,-21.41],[-46.62,-21.425],[-46.615,-21.441],[-46.576,-21.426],[-46.55,-21.44],[-46.535,-21.448],[-46.509,-21.469],[-46.508,-21.489],[-46.515,-21.511],[-46.515,-21.535],[-46.509,-21.565],[-46.518,-21.593],[-46.517,-21.611],[-46.547,-21.63],[-46.565,-21.658],[-46.577,-21.684],[-46.629,-21.696],[-46.628,-21.729],[-46.63,-21.768],[-46.641,-21.771],[-46.651,-21.789],[-46.67,-21.816],[-46.677,-21.85],[-46.657,-21.877],[-46.664,-21.899],[-46.657,-21.939],[-46.643,-21.974],[-46.62,-21.993],[-46.614,-22.015],[-46.648,-22.009],[-46.654,-22.017],[-46.677,-22.024],[-46.676,-22.055],[-46.664,-22.068],[-46.706,-22.078],[-46.72,-22.082],[-46.693,-22.09],[-46.659,-22.093],[-46.634,-22.107],[-46.616,-22.13],[-46.613,-22.15],[-46.645,-22.18],[-46.669,-22.174],[-46.68,-22.216],[-46.693,-22.237],[-46.694,-22.246],[-46.702,-22.277],[-46.705,-22.295],[-46.723,-22.306],[-46.71,-22.319],[-46.696,-22.337],[-46.693,-22.343],[-46.69,-22.346],[-46.682,-22.357],[-46.663,-22.372],[-46.666,-22.414],[-46.64,-22.425],[-46.616,-22.438],[-46.599,-22.441],[-46.574,-22.445],[-46.564,-22.447],[-46.551,-22.459],[-46.542,-22.467],[-46.542,-22.494],[-46.491,-22.51],[-46.462,-22.522],[-46.439,-22.537],[-46.416,-22.544],[-46.416,-22.558],[-46.412,-22.585],[-46.417,-22.605],[-46.424,-22.633],[-46.396,-22.645],[-46.405,-22.672],[-46.413,-22.659],[-46.427,-22.661],[-46.455,-22.671],[-46.469,-22.673],[-46.47,-22.694],[-46.472,-22.705],[-46.452,-22.727],[-46.436,-22.731],[-46.423,-22.732],[-46.392,-22.743],[-46.373,-22.746],[-46.335,-22.76],[-46.348,-22.777],[-46.374,-22.818],[-46.374,-22.843],[-46.384,-22.869],[-46.377,-22.877],[-46.348,-22.902],[-46.336,-22.895],[-46.289,-22.89],[-46.26,-22.885],[-46.234,-22.881],[-46.164,-22.865],[-46.136,-22.89],[-46.139,-22.922],[-46.104,-22.901],[-46.051,-22.896],[-45.992,-22.877],[-45.964,-22.855],[-45.955,-22.851],[-45.937,-22.845],[-45.909,-22.817],[-45.894,-22.839],[-45.89,-22.858],[-45.87,-22.871],[-45.857,-22.855],[-45.85,-22.845],[-45.823,-22.829],[-45.809,-22.829],[-45.791,-22.858],[-45.766,-22.842],[-45.754,-22.792],[-45.741,-22.807],[-45.713,-22.814],[-45.73,-22.798],[-45.722,-22.779],[-45.712,-22.767],[-45.717,-22.755],[-45.728,-22.729],[-45.796,-22.738],[-45.819,-22.722],[-45.787,-22.693],[-45.761,-22.677],[-45.749,-22.67],[-45.732,-22.656],[-45.698,-22.649],[-45.717,-22.62],[-45.737,-22.607],[-45.717,-22.582],[-45.688,-22.579],[-45.658,-22.598],[-45.666,-22.612],[-45.669,-22.648],[-45.611,-22.629],[-45.588,-22.61],[-45.563,-22.612],[-45.577,-22.64],[-45.58,-22.652],[-45.55,-22.652],[-45.532,-22.646],[-45.494,-22.627],[-45.481,-22.591],[-45.449,-22.605],[-45.435,-22.618],[-45.408,-22.633],[-45.395,-22.651],[-45.352,-22.63],[-45.335,-22.621],[-45.266,-22.61],[-45.257,-22.59],[-45.223,-22.563],[-45.178,-22.549],[-45.16,-22.516],[-45.121,-22.495],[-45.088,-22.484],[-45.028,-22.463],[-45.014,-22.467],[-44.991,-22.466],[-44.899,-22.452],[-44.859,-22.423],[-44.833,-22.43],[-44.808,-22.412],[-44.779,-22.408],[-44.76,-22.415],[-44.727,-22.447],[-44.722,-22.474],[-44.712,-22.493],[-44.705,-22.512],[-44.688,-22.522],[-44.676,-22.545],[-44.65,-22.557],[-44.647,-22.584],[-44.622,-22.606],[-44.604,-22.614],[-44.591,-22.622],[-44.566,-22.607],[-44.537,-22.617],[-44.537,-22.632],[-44.531,-22.63],[-44.508,-22.64],[-44.483,-22.604],[-44.455,-22.61],[-44.446,-22.609],[-44.416,-22.601],[-44.405,-22.591],[-44.391,-22.573],[-44.36,-22.581],[-44.361,-22.593],[-44.349,-22.609],[-44.347,-22.59],[-44.326,-22.588],[-44.312,-22.595],[-44.295,-22.598],[-44.283,-22.604],[-44.253,-22.612],[-44.231,-22.607],[-44.216,-22.616],[-44.203,-22.626],[-44.184,-22.637],[-44.173,-22.657],[-44.164,-22.68],[-44.169,-22.688],[-44.178,-22.707],[-44.202,-22.723],[-44.217,-22.733],[-44.238,-22.755],[-44.257,-22.778],[-44.248,-22.79],[-44.26,-22.805],[-44.273,-22.831],[-44.317,-22.839],[-44.32,-22.84],[-44.387,-22.857],[-44.401,-22.854],[-44.422,-22.851],[-44.471,-22.876],[-44.478,-22.867],[-44.479,-22.851],[-44.505,-22.851],[-44.533,-22.869],[-44.555,-22.889],[-44.607,-22.885],[-44.639,-22.914],[-44.673,-22.918],[-44.704,-22.934],[-44.752,-22.962],[-44.755,-22.98],[-44.782,-22.979],[-44.802,-22.999],[-44.798,-23.02],[-44.801,-23.031],[-44.811,-23.054],[-44.814,-23.067],[-44.812,-23.092],[-44.816,-23.11],[-44.811,-23.125],[-44.816,-23.14],[-44.824,-23.161],[-44.845,-23.171],[-44.853,-23.175],[-44.876,-23.197],[-44.881,-23.215],[-44.878,-23.232],[-44.837,-23.256],[-44.827,-23.279],[-44.807,-23.283],[-44.78,-23.315],[-44.778,-23.339],[-44.756,-23.348],[-44.733,-23.364],[-44.736,-23.369],[-44.767,-23.372],[-44.786,-23.371],[-44.801,-23.376],[-44.826,-23.386],[-44.844,-23.387],[-44.838,-23.369],[-44.885,-23.368],[-44.887,-23.353],[-44.887,-23.337],[-44.911,-23.338],[-44.923,-23.351],[-44.948,-23.369],[-44.956,-23.38],[-44.966,-23.387],[-44.971,-23.393],[-44.985,-23.397],[-45.009,-23.409],[-45.032,-23.413],[-45.044,-23.425],[-45.048,-23.418],[-45.06,-23.431],[-45.06,-23.455],[-45.038,-23.448],[-45.028,-23.46],[-45.045,-23.461],[-45.06,-23.467],[-45.074,-23.487],[-45.067,-23.494],[-45.082,-23.521],[-45.085,-23.503],[-45.098,-23.493],[-45.111,-23.496],[-45.117,-23.504],[-45.107,-23.514],[-45.116,-23.52],[-45.138,-23.511],[-45.144,-23.501],[-45.165,-23.492],[-45.173,-23.51],[-45.158,-23.53],[-45.174,-23.543],[-45.188,-23.531],[-45.228,-23.538],[-45.218,-23.556],[-45.209,-23.565],[-45.211,-23.583],[-45.234,-23.583],[-45.258,-23.59],[-45.263,-23.589],[-45.278,-23.588],[-45.281,-23.573],[-45.308,-23.575],[-45.333,-23.589],[-45.351,-23.614],[-45.37,-23.63],[-45.381,-23.626],[-45.397,-23.629],[-45.416,-23.633],[-45.43,-23.655],[-45.432,-23.684],[-45.428,-23.701],[-45.412,-23.723],[-45.398,-23.731],[-45.407,-23.746],[-45.399,-23.776],[-45.399,-23.795],[-45.407,-23.811],[-45.414,-23.822],[-45.431,-23.829],[-45.445,-23.831],[-45.468,-23.82],[-45.49,-23.83],[-45.513,-23.84],[-45.536,-23.824],[-45.549,-23.809],[-45.586,-23.792],[-45.606,-23.8],[-45.626,-23.797],[-45.643,-23.778],[-45.665,-23.785],[-45.671,-23.774],[-45.687,-23.778],[-45.696,-23.776],[-45.713,-23.772],[-45.742,-23.768],[-45.762,-23.763],[-45.783,-23.765],[-45.802,-23.764],[-45.821,-23.758],[-45.878,-23.762],[-45.903,-23.765],[-45.992,-23.795],[-46.007,-23.799],[-46.038,-23.815],[-46.044,-23.83],[-46.049,-23.818],[-46.084,-23.82],[-46.133,-23.857],[-46.138,-23.859]]],[[[-45.321,-23.915],[-45.338,-23.923],[-45.348,-23.917],[-45.362,-23.929],[-45.39,-23.932],[-45.407,-23.938],[-45.443,-23.934],[-45.46,-23.915],[-45.457,-23.884],[-45.446,-23.877],[-45.434,-23.869],[-45.424,-23.859],[-45.412,-23.847],[-45.39,-23.829],[-45.371,-23.814],[-45.363,-23.786],[-45.356,-23.775],[-45.35,-23.759],[-45.347,-23.739],[-45.316,-23.724],[-45.299,-23.732],[-45.29,-23.736],[-45.266,-23.743],[-45.257,-23.756],[-45.249,-23.762],[-45.232,-23.78],[-45.235,-23.797],[-45.242,-23.811],[-45.239,-23.819],[-45.245,-23.831],[-45.241,-23.839],[-45.238,-23.843],[-45.256,-23.836],[-45.276,-23.841],[-45.286,-23.858],[-45.272,-23.874],[-45.277,-23.883],[-45.251,-23.899],[-45.243,-23.892],[-45.226,-23.907],[-45.238,-23.924],[-45.237,-23.934],[-45.234,-23.947],[-45.255,-23.965],[-45.276,-23.953],[-45.283,-23.937],[-45.284,-23.921],[-45.302,-23.915],[-45.317,-23.914],[-45.321,-23.915]]],[[[-45.14,-23.8],[-45.115,-23.807],[-45.118,-23.814],[-45.12,-23.817],[-45.132,-23.813],[-45.146,-23.821],[-45.156,-23.813],[-45.158,-23.805],[-45.149,-23.795],[-45.138,-23.793],[-45.139,-23.797],[-45.14,-23.8]]],[[[-45.163,-23.567],[-45.156,-23.559],[-45.152,-23.563],[-45.148,-23.566],[-45.146,-23.57],[-45.15,-23.57],[-45.153,-23.568],[-45.158,-23.573],[-45.161,-23.569],[-45.163,-23.567]]]]},"properties":{"id":26,"name":"S\u00e3o Paulo","sigla":"SP","regiao_id":"2","codigo_ibg":"35","cartodb_id":26,"created_at":"2015-02-09T16:46:01Z","updated_at":"2015-02-09T16:46:01Z"}},{"type":"Feature","geometry":{"type":"MultiPolygon","coordinates":[[[[-47.033,-8.982],[-47.048,-9.007],[-47.052,-9.018],[-47.043,-9.026],[-47.059,-9.048],[-47.057,-9.053],[-47.045,-9.068],[-47.023,-9.076],[-47.013,-9.078],[-46.998,-9.076],[-46.943,-9.064],[-46.927,-9.084],[-46.923,-9.097],[-46.926,-9.117],[-46.906,-9.135],[-46.89,-9.131],[-46.852,-9.154],[-46.851,-9.189],[-46.827,-9.194],[-46.828,-9.24],[-46.831,-9.268],[-46.843,-9.301],[-46.812,-9.306],[-46.779,-9.358],[-46.765,-9.402],[-46.738,-9.404],[-46.697,-9.398],[-46.666,-9.392],[-46.642,-9.408],[-46.647,-9.427],[-46.613,-9.465],[-46.581,-9.479],[-46.572,-9.505],[-46.558,-9.534],[-46.537,-9.557],[-46.591,-9.594],[-46.606,-9.651],[-46.645,-9.716],[-46.596,-9.747],[-46.572,-9.784],[-46.542,-9.81],[-46.496,-9.845],[-46.49,-9.861],[-46.472,-9.877],[-46.478,-9.923],[-46.477,-9.952],[-46.477,-9.988],[-46.454,-10.055],[-46.383,-10.12],[-46.327,-10.183],[-46.273,-10.181],[-46.194,-10.182],[-46.05,-10.181],[-46.019,-10.22],[-45.974,-10.248],[-45.877,-10.239],[-45.739,-10.234],[-45.726,-10.156],[-45.705,-10.166],[-45.697,-10.263],[-45.724,-10.317],[-45.792,-10.352],[-45.83,-10.394],[-45.831,-10.438],[-45.876,-10.444],[-45.906,-10.473],[-45.984,-10.53],[-46.015,-10.536],[-46.059,-10.574],[-46.077,-10.607],[-46.137,-10.622],[-46.187,-10.626],[-46.207,-10.661],[-46.216,-10.732],[-46.227,-10.766],[-46.275,-10.823],[-46.285,-10.893],[-46.304,-10.919],[-46.36,-10.961],[-46.404,-11.012],[-46.446,-11.09],[-46.499,-11.206],[-46.609,-11.256],[-46.616,-11.302],[-46.594,-11.356],[-46.549,-11.38],[-46.525,-11.432],[-46.52,-11.483],[-46.484,-11.507],[-46.458,-11.514],[-46.401,-11.541],[-46.353,-11.54],[-46.27,-11.557],[-46.218,-11.581],[-46.166,-11.599],[-46.091,-11.618],[-46.086,-11.627],[-46.133,-11.647],[-46.175,-11.652],[-46.256,-11.621],[-46.304,-11.625],[-46.307,-11.653],[-46.309,-11.704],[-46.367,-11.76],[-46.322,-11.77],[-46.333,-11.796],[-46.345,-11.82],[-46.355,-11.842],[-46.371,-11.854],[-46.326,-11.896],[-46.285,-11.886],[-46.213,-11.898],[-46.18,-11.886],[-46.201,-11.93],[-46.325,-11.958],[-46.373,-12.004],[-46.395,-12.026],[-46.382,-12.053],[-46.388,-12.072],[-46.378,-12.095],[-46.37,-12.127],[-46.38,-12.161],[-46.38,-12.179],[-46.377,-12.197],[-46.366,-12.216],[-46.38,-12.248],[-46.37,-12.28],[-46.344,-12.297],[-46.325,-12.308],[-46.351,-12.326],[-46.324,-12.356],[-46.29,-12.381],[-46.301,-12.415],[-46.273,-12.414],[-46.247,-12.447],[-46.251,-12.494],[-46.183,-12.477],[-46.152,-12.513],[-46.194,-12.53],[-46.255,-12.547],[-46.273,-12.594],[-46.261,-12.646],[-46.284,-12.679],[-46.276,-12.705],[-46.28,-12.75],[-46.275,-12.775],[-46.28,-12.805],[-46.267,-12.839],[-46.286,-12.895],[-46.292,-12.919],[-46.275,-12.935],[-46.184,-12.923],[-46.119,-12.925],[-46.177,-12.939],[-46.223,-12.957],[-46.278,-12.97],[-46.32,-12.98],[-46.363,-12.991],[-46.37,-12.97],[-46.368,-12.938],[-46.366,-12.904],[-46.367,-12.888],[-46.369,-12.877],[-46.374,-12.857],[-46.398,-12.851],[-46.407,-12.839],[-46.417,-12.823],[-46.437,-12.935],[-46.453,-12.964],[-46.633,-12.97],[-46.818,-13.014],[-46.836,-13.034],[-46.847,-13.053],[-46.855,-13.063],[-46.871,-13.06],[-46.878,-13.05],[-46.917,-13.075],[-46.942,-13.098],[-46.963,-13.112],[-46.988,-13.124],[-47.005,-13.132],[-47.021,-13.143],[-47.035,-13.15],[-47.047,-13.157],[-47.069,-13.155],[-47.081,-13.167],[-47.09,-13.174],[-47.102,-13.174],[-47.109,-13.171],[-47.135,-13.189],[-47.162,-13.205],[-47.181,-13.201],[-47.212,-13.193],[-47.231,-13.203],[-47.252,-13.235],[-47.267,-13.247],[-47.286,-13.257],[-47.311,-13.251],[-47.337,-13.246],[-47.368,-13.236],[-47.389,-13.241],[-47.397,-13.261],[-47.434,-13.268],[-47.431,-13.238],[-47.465,-13.227],[-47.478,-13.185],[-47.509,-13.189],[-47.535,-13.185],[-47.561,-13.124],[-47.618,-13.104],[-47.634,-13.104],[-47.65,-13.133],[-47.649,-13.139],[-47.651,-13.15],[-47.67,-13.168],[-47.663,-13.195],[-47.663,-13.201],[-47.663,-13.207],[-47.658,-13.219],[-47.657,-13.234],[-47.64,-13.263],[-47.657,-13.299],[-47.655,-13.32],[-47.622,-13.367],[-47.638,-13.391],[-47.654,-13.415],[-47.667,-13.436],[-47.8,-13.333],[-47.844,-13.318],[-47.87,-13.319],[-47.893,-13.307],[-47.903,-13.302],[-47.935,-13.29],[-47.952,-13.31],[-47.972,-13.3],[-47.992,-13.276],[-48.032,-13.274],[-48.033,-13.254],[-48.056,-13.247],[-48.071,-13.24],[-48.072,-13.267],[-48.078,-13.277],[-48.093,-13.286],[-48.113,-13.292],[-48.156,-13.303],[-48.165,-13.305],[-48.162,-13.247],[-48.153,-13.219],[-48.163,-13.184],[-48.154,-13.165],[-48.158,-13.157],[-48.173,-13.148],[-48.211,-13.174],[-48.231,-13.168],[-48.242,-13.187],[-48.263,-13.197],[-48.28,-13.206],[-48.288,-13.205],[-48.293,-13.215],[-48.307,-13.227],[-48.307,-13.235],[-48.33,-13.232],[-48.343,-13.241],[-48.349,-13.246],[-48.371,-13.249],[-48.379,-13.255],[-48.388,-13.261],[-48.404,-13.269],[-48.42,-13.273],[-48.43,-13.28],[-48.446,-13.283],[-48.456,-13.259],[-48.459,-13.247],[-48.475,-13.235],[-48.471,-13.211],[-48.475,-13.191],[-48.479,-13.133],[-48.495,-13.136],[-48.522,-13.14],[-48.53,-13.192],[-48.553,-13.225],[-48.555,-13.237],[-48.559,-13.274],[-48.565,-13.31],[-48.6,-13.295],[-48.593,-13.25],[-48.586,-13.225],[-48.582,-13.209],[-48.583,-13.18],[-48.586,-13.159],[-48.582,-13.141],[-48.585,-13.106],[-48.588,-13.099],[-48.596,-13.078],[-48.602,-13.06],[-48.627,-13.052],[-48.647,-13.01],[-48.657,-13.005],[-48.683,-12.993],[-48.694,-12.998],[-48.712,-12.999],[-48.734,-12.975],[-48.739,-12.946],[-48.748,-12.917],[-48.763,-12.902],[-48.786,-12.885],[-48.805,-12.867],[-48.813,-12.86],[-48.825,-12.845],[-48.845,-12.84],[-48.846,-12.809],[-48.862,-12.809],[-48.868,-12.815],[-48.975,-12.957],[-49.004,-12.932],[-49.024,-12.906],[-49.051,-12.91],[-49.085,-12.894],[-49.08,-12.884],[-49.073,-12.869],[-49.083,-12.845],[-49.11,-12.821],[-49.144,-12.817],[-49.16,-12.831],[-49.193,-12.857],[-49.211,-12.878],[-49.228,-12.878],[-49.249,-12.902],[-49.257,-12.941],[-49.279,-12.976],[-49.283,-12.991],[-49.337,-13.066],[-49.344,-13.117],[-49.354,-13.153],[-49.347,-13.187],[-49.348,-13.212],[-49.342,-13.255],[-49.608,-13.143],[-49.827,-13.019],[-49.939,-12.957],[-49.978,-12.939],[-50.003,-12.933],[-50.038,-12.935],[-50.062,-12.919],[-50.103,-12.908],[-50.126,-12.905],[-50.16,-12.893],[-50.176,-12.892],[-50.195,-12.89],[-50.204,-12.885],[-50.213,-12.878],[-50.231,-12.858],[-50.239,-12.855],[-50.251,-12.851],[-50.263,-12.847],[-50.274,-12.844],[-50.292,-12.839],[-50.306,-12.805],[-50.304,-12.774],[-50.297,-12.751],[-50.292,-12.737],[-50.299,-12.707],[-50.295,-12.677],[-50.286,-12.682],[-50.272,-12.683],[-50.267,-12.659],[-50.257,-12.635],[-50.237,-12.624],[-50.232,-12.581],[-50.203,-12.564],[-50.206,-12.56],[-50.222,-12.543],[-50.216,-12.485],[-50.184,-12.455],[-50.158,-12.412],[-50.171,-12.42],[-50.189,-12.413],[-50.184,-12.429],[-50.212,-12.437],[-50.222,-12.446],[-50.264,-12.478],[-50.289,-12.488],[-50.32,-12.508],[-50.33,-12.515],[-50.343,-12.533],[-50.346,-12.543],[-50.359,-12.552],[-50.369,-12.56],[-50.375,-12.576],[-50.394,-12.604],[-50.407,-12.614],[-50.418,-12.651],[-50.438,-12.657],[-50.433,-12.657],[-50.435,-12.676],[-50.435,-12.694],[-50.464,-12.703],[-50.468,-12.721],[-50.486,-12.748],[-50.468,-12.755],[-50.484,-12.776],[-50.489,-12.813],[-50.491,-12.828],[-50.512,-12.846],[-50.566,-12.843],[-50.579,-12.802],[-50.618,-12.821],[-50.618,-12.788],[-50.63,-12.776],[-50.637,-12.719],[-50.638,-12.701],[-50.649,-12.667],[-50.682,-12.647],[-50.705,-12.613],[-50.681,-12.597],[-50.676,-12.576],[-50.665,-12.537],[-50.646,-12.479],[-50.627,-12.458],[-50.632,-12.415],[-50.644,-12.346],[-50.648,-12.299],[-50.649,-12.249],[-50.678,-12.218],[-50.679,-12.184],[-50.674,-12.128],[-50.667,-12.072],[-50.686,-12.04],[-50.682,-12.012],[-50.676,-11.985],[-50.655,-11.955],[-50.664,-11.922],[-50.64,-11.902],[-50.671,-11.865],[-50.688,-11.825],[-50.702,-11.796],[-50.722,-11.739],[-50.682,-11.696],[-50.661,-11.622],[-50.661,-11.59],[-50.74,-11.538],[-50.742,-11.454],[-50.728,-11.382],[-50.706,-11.332],[-50.696,-11.304],[-50.674,-11.289],[-50.657,-11.211],[-50.663,-11.159],[-50.637,-11.1],[-50.611,-11.043],[-50.617,-11.002],[-50.62,-10.969],[-50.622,-10.918],[-50.611,-10.868],[-50.611,-10.821],[-50.593,-10.801],[-50.577,-10.733],[-50.585,-10.704],[-50.603,-10.661],[-50.552,-10.61],[-50.525,-10.571],[-50.519,-10.533],[-50.489,-10.495],[-50.473,-10.404],[-50.438,-10.373],[-50.405,-10.284],[-50.394,-10.172],[-50.385,-10.122],[-50.357,-10.085],[-50.307,-10.04],[-50.29,-9.99],[-50.278,-9.955],[-50.264,-9.908],[-50.227,-9.845],[-50.217,-9.834],[-50.203,-9.791],[-50.159,-9.699],[-50.15,-9.674],[-50.139,-9.627],[-50.107,-9.594],[-50.089,-9.545],[-50.107,-9.508],[-50.105,-9.475],[-50.055,-9.342],[-50.02,-9.281],[-49.994,-9.234],[-49.907,-9.173],[-49.897,-9.143],[-49.85,-9.059],[-49.793,-8.979],[-49.753,-8.92],[-49.684,-8.856],[-49.588,-8.831],[-49.568,-8.805],[-49.481,-8.673],[-49.461,-8.635],[-49.399,-8.547],[-49.377,-8.455],[-49.289,-8.385],[-49.253,-8.271],[-49.215,-8.194],[-49.207,-8.122],[-49.188,-8.073],[-49.173,-8.021],[-49.169,-7.954],[-49.167,-7.849],[-49.15,-7.81],[-49.203,-7.774],[-49.24,-7.74],[-49.296,-7.696],[-49.381,-7.566],[-49.319,-7.431],[-49.234,-7.329],[-49.215,-7.297],[-49.185,-7.193],[-49.193,-7.04],[-49.211,-6.979],[-49.212,-6.931],[-49.181,-6.902],[-49.12,-6.872],[-49.043,-6.815],[-48.968,-6.779],[-48.849,-6.749],[-48.814,-6.751],[-48.736,-6.692],[-48.655,-6.65],[-48.663,-6.557],[-48.631,-6.488],[-48.565,-6.415],[-48.53,-6.389],[-48.503,-6.353],[-48.424,-6.357],[-48.382,-6.379],[-48.384,-6.324],[-48.417,-6.289],[-48.419,-6.268],[-48.431,-6.177],[-48.391,-6.146],[-48.329,-6.133],[-48.283,-6.081],[-48.332,-6.038],[-48.328,-5.995],[-48.292,-5.968],[-48.239,-5.951],[-48.245,-5.896],[-48.291,-5.833],[-48.281,-5.731],[-48.174,-5.709],[-48.135,-5.637],[-48.184,-5.573],[-48.212,-5.554],[-48.261,-5.548],[-48.325,-5.493],[-48.327,-5.492],[-48.341,-5.457],[-48.363,-5.417],[-48.384,-5.394],[-48.419,-5.401],[-48.501,-5.427],[-48.597,-5.42],[-48.647,-5.387],[-48.72,-5.373],[-48.754,-5.356],[-48.719,-5.351],[-48.692,-5.311],[-48.645,-5.315],[-48.612,-5.338],[-48.568,-5.272],[-48.561,-5.236],[-48.519,-5.192],[-48.358,-5.171],[-48.283,-5.21],[-48.209,-5.247],[-48.178,-5.26],[-48.067,-5.271],[-48.04,-5.259],[-47.981,-5.236],[-47.938,-5.24],[-47.873,-5.273],[-47.843,-5.376],[-47.768,-5.378],[-47.666,-5.421],[-47.564,-5.463],[-47.5,-5.525],[-47.477,-5.634],[-47.493,-5.72],[-47.47,-5.772],[-47.437,-5.857],[-47.438,-6.012],[-47.434,-6.093],[-47.385,-6.23],[-47.409,-6.332],[-47.412,-6.376],[-47.432,-6.435],[-47.429,-6.5],[-47.464,-6.585],[-47.498,-6.671],[-47.496,-6.703],[-47.528,-6.83],[-47.505,-6.897],[-47.529,-6.976],[-47.584,-7.056],[-47.636,-7.132],[-47.675,-7.147],[-47.716,-7.141],[-47.749,-7.191],[-47.674,-7.259],[-47.637,-7.305],[-47.598,-7.268],[-47.483,-7.322],[-47.512,-7.386],[-47.59,-7.439],[-47.529,-7.433],[-47.499,-7.466],[-47.48,-7.506],[-47.467,-7.528],[-47.424,-7.531],[-47.432,-7.548],[-47.416,-7.563],[-47.402,-7.581],[-47.382,-7.6],[-47.386,-7.633],[-47.373,-7.655],[-47.353,-7.642],[-47.372,-7.621],[-47.335,-7.637],[-47.329,-7.663],[-47.331,-7.674],[-47.317,-7.687],[-47.31,-7.698],[-47.314,-7.706],[-47.306,-7.713],[-47.301,-7.734],[-47.282,-7.735],[-47.261,-7.741],[-47.266,-7.761],[-47.255,-7.759],[-47.246,-7.783],[-47.244,-7.789],[-47.247,-7.801],[-47.239,-7.806],[-47.239,-7.813],[-47.229,-7.816],[-47.223,-7.826],[-47.206,-7.834],[-47.203,-7.84],[-47.2,-7.842],[-47.194,-7.848],[-47.187,-7.857],[-47.179,-7.861],[-47.163,-7.879],[-47.142,-7.894],[-47.141,-7.925],[-47.125,-7.925],[-47.112,-7.945],[-47.107,-7.954],[-47.104,-7.961],[-47.106,-7.969],[-47.098,-7.98],[-47.091,-7.989],[-47.059,-8.027],[-47.051,-8.037],[-47.043,-8.053],[-47.016,-8.058],[-47.002,-8.057],[-46.989,-8.047],[-46.962,-8.039],[-46.956,-8.016],[-46.941,-7.996],[-46.921,-7.992],[-46.907,-7.983],[-46.882,-7.973],[-46.869,-7.956],[-46.861,-7.963],[-46.844,-7.965],[-46.835,-7.96],[-46.811,-7.952],[-46.801,-7.95],[-46.789,-7.947],[-46.781,-7.945],[-46.767,-7.938],[-46.756,-7.922],[-46.737,-7.924],[-46.726,-7.923],[-46.708,-7.91],[-46.685,-7.912],[-46.668,-7.904],[-46.64,-7.906],[-46.596,-7.9],[-46.582,-7.908],[-46.572,-7.914],[-46.557,-7.938],[-46.492,-7.981],[-46.485,-8.003],[-46.479,-8.047],[-46.467,-8.078],[-46.489,-8.097],[-46.51,-8.181],[-46.488,-8.204],[-46.505,-8.228],[-46.527,-8.296],[-46.551,-8.322],[-46.585,-8.326],[-46.635,-8.319],[-46.678,-8.336],[-46.706,-8.351],[-46.726,-8.382],[-46.751,-8.374],[-46.786,-8.382],[-46.787,-8.399],[-46.798,-8.412],[-46.802,-8.444],[-46.825,-8.474],[-46.84,-8.465],[-46.851,-8.503],[-46.852,-8.516],[-46.847,-8.533],[-46.858,-8.551],[-46.874,-8.557],[-46.882,-8.567],[-46.889,-8.576],[-46.897,-8.583],[-46.913,-8.586],[-46.909,-8.598],[-46.902,-8.603],[-46.901,-8.613],[-46.907,-8.619],[-46.911,-8.639],[-46.902,-8.653],[-46.895,-8.659],[-46.89,-8.691],[-46.914,-8.712],[-46.922,-8.727],[-46.918,-8.751],[-46.911,-8.768],[-46.906,-8.796],[-46.913,-8.822],[-46.913,-8.835],[-46.918,-8.843],[-46.959,-8.875],[-46.992,-8.879],[-46.986,-8.898],[-46.97,-8.914],[-46.997,-8.932],[-47.011,-8.946],[-47.013,-8.966],[-47.031,-8.985],[-47.034,-8.981],[-47.033,-8.982]]]]},"properties":{"id":27,"name":"Tocantins","sigla":"TO","regiao_id":"3","codigo_ibg":"17","cartodb_id":27,"created_at":"2015-02-09T16:46:01Z","updated_at":"2015-02-09T16:46:01Z"}},{"type":"Feature","geometry":{"type":"MultiPolygon","coordinates":[[[[-47.309,-16.035],[-47.318,-16.05],[-47.463,-16.05],[-47.814,-16.05],[-48.051,-16.051],[-48.268,-16.051],[-48.272,-16.008],[-48.261,-15.967],[-48.252,-15.943],[-48.263,-15.93],[-48.273,-15.921],[-48.277,-15.891],[-48.278,-15.874],[-48.286,-15.841],[-48.242,-15.798],[-48.226,-15.771],[-48.206,-15.728],[-48.236,-15.659],[-48.209,-15.622],[-48.197,-15.501],[-47.619,-15.5],[-47.461,-15.5],[-47.417,-15.546],[-47.389,-15.567],[-47.374,-15.578],[-47.341,-15.583],[-47.322,-15.598],[-47.326,-15.648],[-47.331,-15.681],[-47.312,-15.694],[-47.317,-15.725],[-47.317,-15.734],[-47.319,-15.755],[-47.329,-15.779],[-47.338,-15.794],[-47.347,-15.807],[-47.353,-15.822],[-47.366,-15.828],[-47.367,-15.853],[-47.369,-15.865],[-47.375,-15.896],[-47.363,-15.909],[-47.36,-15.931],[-47.372,-15.936],[-47.374,-15.961],[-47.373,-15.966],[-47.371,-15.98],[-47.368,-16.001],[-47.347,-16.006],[-47.337,-16.012],[-47.335,-16.016],[-47.324,-16.029],[-47.319,-16.036],[-47.309,-16.035]]]]},"properties":{"id":7,"name":"Distrito Federal","sigla":"DF","regiao_id":"5","codigo_ibg":"53","cartodb_id":7,"created_at":"2015-02-09T16:46:01Z","updated_at":"2015-02-09T16:46:01Z"}}]}